Date,Fund,NAV,India_10Y_Yield,Total_AUM_Lakhs,Reported_NAV_Total,Cash_Liquidity,AAA_Sovereign,AA_Rated,Below_AA
2020-01-01,HDFC,16.9948,,1448708.52,100,0,30.66,46.05,23.29
2020-01-02,HDFC,17.0101,,1448708.52,100,0,30.66,46.05,23.29
2020-01-03,HDFC,17.0252,,1448708.52,100,0,30.66,46.05,23.29
2020-01-06,HDFC,17.0293,,1448708.52,100,0,30.66,46.05,23.29
2020-01-07,HDFC,17.037,,1448708.52,100,0,30.66,46.05,23.29
2020-01-08,HDFC,17.0436,,1448708.52,100,0,30.66,46.05,23.29
2020-01-09,HDFC,17.0536,,1448708.52,100,0,30.66,46.05,23.29
2020-01-10,HDFC,17.0508,,1448708.52,100,0,30.66,46.05,23.29
2020-01-13,HDFC,17.0569,,1448708.52,100,0,30.66,46.05,23.29
2020-01-14,HDFC,17.0476,,1448708.52,100,0,30.66,46.05,23.29
2020-01-15,HDFC,17.0581,,1448708.52,100,0,30.66,46.05,23.29
2020-01-16,HDFC,17.0721,,1448708.52,100,0,30.66,46.05,23.29
2020-01-17,HDFC,17.0752,,1448708.52,100,0,30.66,46.05,23.29
2020-01-20,HDFC,17.0906,,1448708.52,100,0,30.66,46.05,23.29
2020-01-21,HDFC,17.0995,,1448708.52,100,0,30.66,46.05,23.29
2020-01-22,HDFC,17.1157,,1448708.52,100,0,30.66,46.05,23.29
2020-01-23,HDFC,17.124,,1448708.52,100,0,30.66,46.05,23.29
2020-01-24,HDFC,17.1338,,1448708.52,100,0,30.66,46.05,23.29
2020-01-27,HDFC,17.1481,6.551,1448708.52,100,0,30.66,46.05,23.29
2020-01-28,HDFC,17.1526,6.575,1448708.52,100,0,30.66,46.05,23.29
2020-01-29,HDFC,17.1549,6.568,1448708.52,100,0,30.66,46.05,23.29
2020-01-30,HDFC,17.1556,6.558,1448708.52,100,0,30.66,46.05,23.29
2020-01-31,HDFC,17.1523,6.599,1448708.52,100,0,30.66,46.05,23.29
2020-02-03,HDFC,17.1839,6.503,1469743.51,100,0,28.95,49.87,21.18
2020-02-04,HDFC,17.1931,6.504,1469743.51,100,0,28.95,49.87,21.18
2020-02-05,HDFC,17.196,6.505,1469743.51,100,0,28.95,49.87,21.18
2020-02-06,HDFC,17.2541,6.446,1469743.51,100,0,28.95,49.87,21.18
2020-02-07,HDFC,17.294,6.439,1469743.51,100,0,28.95,49.87,21.18
2020-02-10,HDFC,17.3105,6.44,1469743.51,100,0,28.95,49.87,21.18
2020-02-11,HDFC,17.3095,6.464,1469743.51,100,0,28.95,49.87,21.18
2020-02-12,HDFC,17.3105,6.473,1469743.51,100,0,28.95,49.87,21.18
2020-02-13,HDFC,17.3311,6.423,1469743.51,100,0,28.95,49.87,21.18
2020-02-14,HDFC,17.3446,6.369,1469743.51,100,0,28.95,49.87,21.18
2020-02-17,HDFC,17.3583,6.387,1469743.51,100,0,28.95,49.87,21.18
2020-02-18,HDFC,17.3654,6.384,1469743.51,100,0,28.95,49.87,21.18
2020-02-20,HDFC,17.3768,6.422,1469743.51,100,0,28.95,49.87,21.18
2020-02-24,HDFC,17.3962,6.367,1469743.51,100,0,28.95,49.87,21.18
2020-02-25,HDFC,17.3938,6.367,1469743.51,100,0,28.95,49.87,21.18
2020-02-26,HDFC,17.4032,6.346,1469743.51,100,0,28.95,49.87,21.18
2020-02-27,HDFC,17.4039,6.378,1469743.51,100,0,28.95,49.87,21.18
2020-02-28,HDFC,17.3977,6.371,1469743.51,100,0,28.95,49.87,21.18
2020-03-02,HDFC,17.4087,6.346,1381213.49,100,0,24.09,51.8,24.11
2020-03-03,HDFC,17.409,6.342,1381213.49,100,0,24.09,51.8,24.11
2020-03-04,HDFC,17.4523,6.226,1381213.49,100,0,24.09,51.8,24.11
2020-03-05,HDFC,17.4551,6.239,1381213.49,100,0,24.09,51.8,24.11
2020-03-06,HDFC,17.4601,6.185,1381213.49,100,0,24.09,51.8,24.11
2020-03-09,HDFC,17.4402,6.066,1381213.49,100,0,24.09,51.8,24.11
2020-03-11,HDFC,17.4208,6.125,1381213.49,100,0,24.09,51.8,24.11
2020-03-12,HDFC,17.3428,6.236,1381213.49,100,0,24.09,51.8,24.11
2020-03-13,HDFC,17.2886,6.322,1381213.49,100,0,24.09,51.8,24.11
2020-03-16,HDFC,17.2936,6.208,1381213.49,100,0,24.09,51.8,24.11
2020-03-17,HDFC,17.2307,6.265,1381213.49,100,0,24.09,51.8,24.11
2020-03-18,HDFC,17.1553,6.296,1381213.49,100,0,24.09,51.8,24.11
2020-03-19,HDFC,17.0416,6.41,1381213.49,100,0,24.09,51.8,24.11
2020-03-20,HDFC,17.0862,6.259,1381213.49,100,0,24.09,51.8,24.11
2020-03-23,HDFC,17.043,6.379,1381213.49,100,0,24.09,51.8,24.11
2020-03-24,HDFC,17.0386,6.304,1381213.49,100,0,24.09,51.8,24.11
2020-03-26,HDFC,17.0096,6.225,1381213.49,100,0,24.09,51.8,24.11
2020-03-27,HDFC,17.3994,6.144,1381213.49,100,0,24.09,51.8,24.11
2020-03-30,HDFC,17.4042,6.209,1381213.49,100,0,24.09,51.8,24.11
2020-03-31,HDFC,17.4432,6.138,1381213.49,100,0,24.09,51.8,24.11
2020-04-03,HDFC,17.4317,6.306,843569.52,100,0,25.67,39.36,34.97
2020-04-07,HDFC,17.3878,6.414,843569.52,100,0,25.67,39.36,34.97
2020-04-08,HDFC,17.3157,6.441,843569.52,100,0,25.67,39.36,34.97
2020-04-09,HDFC,17.3045,6.49,843569.52,100,0,25.67,39.36,34.97
2020-04-13,HDFC,17.3067,6.495,843569.52,100,0,25.67,39.36,34.97
2020-04-15,HDFC,17.2326,6.425,843569.52,100,0,25.67,39.36,34.97
2020-04-16,HDFC,17.2214,6.44,843569.52,100,0,25.67,39.36,34.97
2020-04-17,HDFC,17.2805,6.347,843569.52,100,0,25.67,39.36,34.97
2020-04-20,HDFC,17.3018,6.209,843569.52,100,0,25.67,39.36,34.97
2020-04-21,HDFC,17.2959,6.212,843569.52,100,0,25.67,39.36,34.97
2020-04-22,HDFC,17.31,6.224,843569.52,100,0,25.67,39.36,34.97
2020-04-23,HDFC,17.3299,6.06,843569.52,100,0,25.67,39.36,34.97
2020-04-24,HDFC,17.2578,6.167,843569.52,100,0,25.67,39.36,34.97
2020-04-27,HDFC,17.1157,6.153,843569.52,100,0,25.67,39.36,34.97
2020-04-28,HDFC,17.0635,6.137,843569.52,100,0,25.67,39.36,34.97
2020-04-29,HDFC,17.0514,6.125,843569.52,100,0,25.67,39.36,34.97
2020-04-30,HDFC,17.0764,6.11,843569.52,100,0,25.67,39.36,34.97
2020-05-04,HDFC,17.091,6.084,653860.32,100,0,32.45,40.66,26.89
2020-05-05,HDFC,17.1331,6.073,653860.32,100,0,32.45,40.66,26.89
2020-05-06,HDFC,17.1452,6.028,653860.32,100,0,32.45,40.66,26.89
2020-05-08,HDFC,17.1725,5.967,653860.32,100,0,32.45,40.66,26.89
2020-05-11,HDFC,17.175,6.167,653860.32,100,0,32.45,40.66,26.89
2020-05-12,HDFC,17.1999,6.163,653860.32,100,0,32.45,40.66,26.89
2020-05-13,HDFC,17.2104,6.095,653860.32,100,0,32.45,40.66,26.89
2020-05-14,HDFC,17.2333,6.056,653860.32,100,0,32.45,40.66,26.89
2020-05-15,HDFC,17.2321,6.081,653860.32,100,0,32.45,40.66,26.89
2020-05-18,HDFC,17.2669,6.05,653860.32,100,0,32.45,40.66,26.89
2020-05-19,HDFC,17.2745,6.035,653860.32,100,0,32.45,40.66,26.89
2020-05-20,HDFC,17.2707,6.041,653860.32,100,0,32.45,40.66,26.89
2020-05-21,HDFC,17.2844,6.034,653860.32,100,0,32.45,40.66,26.89
2020-05-22,HDFC,17.3283,5.961,653860.32,100,0,32.45,40.66,26.89
2020-05-26,HDFC,17.3609,5.975,653860.32,100,0,32.45,40.66,26.89
2020-05-27,HDFC,17.3691,5.984,653860.32,100,0,32.45,40.66,26.89
2020-05-28,HDFC,17.3435,5.99,653860.32,100,0,32.45,40.66,26.89
2020-05-29,HDFC,17.3484,6.013,653860.32,100,0,32.45,40.66,26.89
2020-06-01,HDFC,17.371,6.042,630880.51,100,0,33.849999999999994,38.13999999999999,28.01
2020-06-02,HDFC,17.3539,5.998,630880.51,100,0,33.849999999999994,38.13999999999999,28.01
2020-06-03,HDFC,17.3644,6.031,630880.51,100,0,33.849999999999994,38.13999999999999,28.01
2020-06-04,HDFC,17.3739,5.796,630880.51,100,0,33.849999999999994,38.13999999999999,28.01
2020-06-05,HDFC,17.3835,5.821,630880.51,100,0,33.849999999999994,38.13999999999999,28.01
2020-06-08,HDFC,17.3789,5.807,630880.51,100,0,33.849999999999994,38.13999999999999,28.01
2020-06-09,HDFC,17.4048,5.775,630880.51,100,0,33.849999999999994,38.13999999999999,28.01
2020-06-10,HDFC,17.3362,5.772,630880.51,100,0,33.849999999999994,38.13999999999999,28.01
2020-06-11,HDFC,17.3615,5.781,630880.51,100,0,33.849999999999994,38.13999999999999,28.01
2020-06-12,HDFC,17.3586,5.796,630880.51,100,0,33.849999999999994,38.13999999999999,28.01
2020-06-15,HDFC,17.3851,5.792,630880.51,100,0,33.849999999999994,38.13999999999999,28.01
2020-06-16,HDFC,17.4103,5.846,630880.51,100,0,33.849999999999994,38.13999999999999,28.01
2020-06-17,HDFC,17.4772,5.835,630880.51,100,0,33.849999999999994,38.13999999999999,28.01
2020-06-18,HDFC,17.5057,5.822,630880.51,100,0,33.849999999999994,38.13999999999999,28.01
2020-06-19,HDFC,17.5776,5.849,630880.51,100,0,33.849999999999994,38.13999999999999,28.01
2020-06-22,HDFC,17.5727,5.877,630880.51,100,0,33.849999999999994,38.13999999999999,28.01
2020-06-23,HDFC,17.5765,5.903,630880.51,100,0,33.849999999999994,38.13999999999999,28.01
2020-06-24,HDFC,17.5855,5.918,630880.51,100,0,33.849999999999994,38.13999999999999,28.01
2020-06-25,HDFC,17.6149,5.891,630880.51,100,0,33.849999999999994,38.13999999999999,28.01
2020-06-26,HDFC,17.6689,5.913,630880.51,100,0,33.849999999999994,38.13999999999999,28.01
2020-06-29,HDFC,17.7314,5.903,630880.51,100,0,33.849999999999994,38.13999999999999,28.01
2020-06-30,HDFC,17.7461,5.888,630880.51,100,0,33.849999999999994,38.13999999999999,28.01
2020-07-01,HDFC,17.7573,5.838,625800.87,100,0,34.62,38.85,26.53
2020-07-02,HDFC,17.7804,5.841,625800.87,100,0,34.62,38.85,26.53
2020-07-03,HDFC,17.8082,5.845,625800.87,100,0,34.62,38.85,26.53
2020-07-06,HDFC,17.8199,5.836,625800.87,100,0,34.62,38.85,26.53
2020-07-07,HDFC,17.8325,5.792,625800.87,100,0,34.62,38.85,26.53
2020-07-08,HDFC,17.8671,5.778,625800.87,100,0,34.62,38.85,26.53
2020-07-09,HDFC,17.8874,5.772,625800.87,100,0,34.62,38.85,26.53
2020-07-10,HDFC,17.9449,5.76,625800.87,100,0,34.62,38.85,26.53
2020-07-13,HDFC,17.9202,5.786,625800.87,100,0,34.62,38.85,26.53
2020-07-14,HDFC,17.9252,5.825,625800.87,100,0,34.62,38.85,26.53
2020-07-15,HDFC,17.9589,5.815,625800.87,100,0,34.62,38.85,26.53
2020-07-16,HDFC,17.9652,5.813,625800.87,100,0,34.62,38.85,26.53
2020-07-17,HDFC,17.9827,5.805,625800.87,100,0,34.62,38.85,26.53
2020-07-20,HDFC,17.993,5.799,625800.87,100,0,34.62,38.85,26.53
2020-07-21,HDFC,17.9923,5.829,625800.87,100,0,34.62,38.85,26.53
2020-07-22,HDFC,18.0013,5.814,625800.87,100,0,34.62,38.85,26.53
2020-07-23,HDFC,18.0119,5.805,625800.87,100,0,34.62,38.85,26.53
2020-07-24,HDFC,18.0188,5.817,625800.87,100,0,34.62,38.85,26.53
2020-07-27,HDFC,18.0087,5.859,625800.87,100,0,34.62,38.85,26.53
2020-07-28,HDFC,17.9894,5.85,625800.87,100,0,34.62,38.85,26.53
2020-07-29,HDFC,17.9972,5.835,625800.87,100,0,34.62,38.85,26.53
2020-07-30,HDFC,18.0128,5.825,625800.87,100,0,34.62,38.85,26.53
2020-07-31,HDFC,18.0217,5.837,625800.87,100,0,34.62,38.85,26.53
2020-08-03,HDFC,18.0418,5.837,618075.63,100,0,33.11,39.8,27.09
2020-08-04,HDFC,18.043,5.833,618075.63,100,0,33.11,39.8,27.09
2020-08-05,HDFC,18.0453,5.826,618075.63,100,0,33.11,39.8,27.09
2020-08-06,HDFC,18.0311,5.862,618075.63,100,0,33.11,39.8,27.09
2020-08-07,HDFC,18.0373,5.886,618075.63,100,0,33.11,39.8,27.09
2020-08-10,HDFC,18.0528,5.893,618075.63,100,0,33.11,39.8,27.09
2020-08-11,HDFC,18.0587,5.903,618075.63,100,0,33.11,39.8,27.09
2020-08-12,HDFC,18.0573,5.884,618075.63,100,0,33.11,39.8,27.09
2020-08-13,HDFC,18.0712,5.895,618075.63,100,0,33.11,39.8,27.09
2020-08-14,HDFC,18.0769,5.965,618075.63,100,0,33.11,39.8,27.09
2020-08-17,HDFC,18.0751,5.975,618075.63,100,0,33.11,39.8,27.09
2020-08-18,HDFC,18.0436,5.986,618075.63,100,0,33.11,39.8,27.09
2020-08-19,HDFC,18.0597,6.008,618075.63,100,0,33.11,39.8,27.09
2020-08-20,HDFC,18.0612,6.0,618075.63,100,0,33.11,39.8,27.09
2020-08-21,HDFC,18.0181,6.14,618075.63,100,0,33.11,39.8,27.09
2020-08-24,HDFC,17.9897,6.221,618075.63,100,0,33.11,39.8,27.09
2020-08-25,HDFC,18.0061,6.157,618075.63,100,0,33.11,39.8,27.09
2020-08-26,HDFC,18.0031,6.203,618075.63,100,0,33.11,39.8,27.09
2020-08-27,HDFC,18.0003,6.147,618075.63,100,0,33.11,39.8,27.09
2020-08-28,HDFC,17.9907,6.097,618075.63,100,0,33.11,39.8,27.09
2020-08-31,HDFC,18.0575,6.078,618075.63,100,0,33.11,39.8,27.09
2020-09-01,HDFC,18.0884,5.943,618935.600000001,100,0,32.1,41.0,26.9
2020-09-02,HDFC,18.1152,5.92,618935.600000001,100,0,32.1,41.0,26.9
2020-09-03,HDFC,18.1385,5.896,618935.600000001,100,0,32.1,41.0,26.9
2020-09-04,HDFC,18.1472,5.93,618935.600000001,100,0,32.1,41.0,26.9
2020-09-07,HDFC,18.1386,5.993,618935.600000001,100,0,32.1,41.0,26.9
2020-09-08,HDFC,18.1189,6.056,618935.600000001,100,0,32.1,41.0,26.9
2020-09-09,HDFC,18.1277,5.989,618935.600000001,100,0,32.1,41.0,26.9
2020-09-10,HDFC,18.124,6.053,618935.600000001,100,0,32.1,41.0,26.9
2020-09-11,HDFC,18.1217,6.041,618935.600000001,100,0,32.1,41.0,26.9
2020-09-14,HDFC,18.1318,6.031,618935.600000001,100,0,32.1,41.0,26.9
2020-09-15,HDFC,18.1258,6.029,618935.600000001,100,0,32.1,41.0,26.9
2020-09-16,HDFC,18.1346,5.992,618935.600000001,100,0,32.1,41.0,26.9
2020-09-17,HDFC,18.14,6.033,618935.600000001,100,0,32.1,41.0,26.9
2020-09-18,HDFC,18.151,6.014,618935.600000001,100,0,32.1,41.0,26.9
2020-09-21,HDFC,18.1632,6.016,618935.600000001,100,0,32.1,41.0,26.9
2020-09-22,HDFC,18.1739,6.01,618935.600000001,100,0,32.1,41.0,26.9
2020-09-23,HDFC,18.1789,5.99,618935.600000001,100,0,32.1,41.0,26.9
2020-09-24,HDFC,18.1733,5.992,618935.600000001,100,0,32.1,41.0,26.9
2020-09-25,HDFC,18.1794,6.038,618935.600000001,100,0,32.1,41.0,26.9
2020-09-28,HDFC,18.1826,6.056,618935.600000001,100,0,32.1,41.0,26.9
2020-09-29,HDFC,18.1856,6.037,618935.600000001,100,0,32.1,41.0,26.9
2020-09-30,HDFC,18.1886,6.015,618935.600000001,100,0,32.1,41.0,26.9
2020-10-01,HDFC,18.2045,5.996,633601.29,100,0,32.36,46.86,20.78
2020-10-05,HDFC,18.2232,6.004,633601.29,100,0,32.36,46.86,20.78
2020-10-06,HDFC,18.2342,6.026,633601.29,100,0,32.36,46.86,20.78
2020-10-07,HDFC,18.2415,6.014,633601.29,100,0,32.36,46.86,20.78
2020-10-08,HDFC,18.2527,6.015,633601.29,100,0,32.36,46.86,20.78
2020-10-09,HDFC,18.3254,5.937,633601.29,100,0,32.36,46.86,20.78
2020-10-12,HDFC,18.3418,5.899,633601.29,100,0,32.36,46.86,20.78
2020-10-13,HDFC,18.3645,5.904,633601.29,100,0,32.36,46.86,20.78
2020-10-14,HDFC,18.3816,5.9,633601.29,100,0,32.36,46.86,20.78
2020-10-15,HDFC,18.409,5.898,633601.29,100,0,32.36,46.86,20.78
2020-10-16,HDFC,18.4115,5.935,633601.29,100,0,32.36,46.86,20.78
2020-10-19,HDFC,18.4334,5.94,633601.29,100,0,32.36,46.86,20.78
2020-10-20,HDFC,18.4429,5.931,633601.29,100,0,32.36,46.86,20.78
2020-10-21,HDFC,18.4506,5.912,633601.29,100,0,32.36,46.86,20.78
2020-10-22,HDFC,18.4501,5.915,633601.29,100,0,32.36,46.86,20.78
2020-10-23,HDFC,18.4606,5.844,633601.29,100,0,32.36,46.86,20.78
2020-10-26,HDFC,18.4905,5.834,633601.29,100,0,32.36,46.86,20.78
2020-10-27,HDFC,18.4836,5.846,633601.29,100,0,32.36,46.86,20.78
2020-10-28,HDFC,18.5596,5.859,633601.29,100,0,32.36,46.86,20.78
2020-10-29,HDFC,18.5739,5.881,633601.29,100,0,32.36,46.86,20.78
2020-11-02,HDFC,18.588,5.89,648003.07,100,0,29.72,48.77,21.51
2020-11-03,HDFC,18.5905,5.898,648003.07,100,0,29.72,48.77,21.51
2020-11-04,HDFC,18.5892,5.886,648003.07,100,0,29.72,48.77,21.51
2020-11-05,HDFC,18.6056,5.86,648003.07,100,0,29.72,48.77,21.51
2020-11-06,HDFC,18.6208,5.871,648003.07,100,0,29.72,48.77,21.51
2020-11-09,HDFC,18.6351,5.876,648003.07,100,0,29.72,48.77,21.51
2020-11-10,HDFC,18.6441,5.916,648003.07,100,0,29.72,48.77,21.51
2020-11-11,HDFC,18.6427,5.903,648003.07,100,0,29.72,48.77,21.51
2020-11-12,HDFC,18.6609,5.903,648003.07,100,0,29.72,48.77,21.51
2020-11-13,HDFC,18.6675,5.878,648003.07,100,0,29.72,48.77,21.51
2020-11-17,HDFC,18.6867,5.877,648003.07,100,0,29.72,48.77,21.51
2020-11-18,HDFC,18.694,5.878,648003.07,100,0,29.72,48.77,21.51
2020-11-19,HDFC,18.728,5.876,648003.07,100,0,29.72,48.77,21.51
2020-11-20,HDFC,18.7351,5.877,648003.07,100,0,29.72,48.77,21.51
2020-11-23,HDFC,18.7525,5.9,648003.07,100,0,29.72,48.77,21.51
2020-11-24,HDFC,18.7587,5.88,648003.07,100,0,29.72,48.77,21.51
2020-11-25,HDFC,18.7708,5.885,648003.07,100,0,29.72,48.77,21.51
2020-11-26,HDFC,18.7838,5.872,648003.07,100,0,29.72,48.77,21.51
2020-11-27,HDFC,18.7896,5.911,648003.07,100,0,29.72,48.77,21.51
2020-12-01,HDFC,18.7996,5.93,660124.99,100,0,29.61,48.03,22.36
2020-12-02,HDFC,18.7949,5.92,660124.99,100,0,29.61,48.03,22.36
2020-12-03,HDFC,18.7966,5.932,660124.99,100,0,29.61,48.03,22.36
2020-12-04,HDFC,18.8062,5.897,660124.99,100,0,29.61,48.03,22.36
2020-12-07,HDFC,18.8187,5.924,660124.99,100,0,29.61,48.03,22.36
2020-12-08,HDFC,18.8252,5.939,660124.99,100,0,29.61,48.03,22.36
2020-12-09,HDFC,18.8386,5.917,660124.99,100,0,29.61,48.03,22.36
2020-12-10,HDFC,18.8482,5.916,660124.99,100,0,29.61,48.03,22.36
2020-12-11,HDFC,18.8455,5.956,660124.99,100,0,29.61,48.03,22.36
2020-12-14,HDFC,18.8475,5.946,660124.99,100,0,29.61,48.03,22.36
2020-12-15,HDFC,18.8579,5.941,660124.99,100,0,29.61,48.03,22.36
2020-12-16,HDFC,18.8475,5.944,660124.99,100,0,29.61,48.03,22.36
2020-12-17,HDFC,18.8536,5.952,660124.99,100,0,29.61,48.03,22.36
2020-12-18,HDFC,18.8662,5.959,660124.99,100,0,29.61,48.03,22.36
2020-12-21,HDFC,18.8665,5.957,660124.99,100,0,29.61,48.03,22.36
2020-12-22,HDFC,18.8722,5.951,660124.99,100,0,29.61,48.03,22.36
2020-12-23,HDFC,18.8747,5.95,660124.99,100,0,29.61,48.03,22.36
2020-12-24,HDFC,18.881,5.929,660124.99,100,0,29.61,48.03,22.36
2020-12-28,HDFC,18.9024,5.925,660124.99,100,0,29.61,48.03,22.36
2020-12-29,HDFC,18.9039,5.927,660124.99,100,0,29.61,48.03,22.36
2020-12-30,HDFC,18.9168,5.899,660124.99,100,0,29.61,48.03,22.36
2020-12-31,HDFC,18.9215,5.894,660124.99,100,0,29.61,48.03,22.36
2021-01-01,HDFC,18.9298,5.898,684774.11,100,0,28.98,48.04,22.98
2021-01-04,HDFC,18.9425,5.858,684774.11,100,0,28.98,48.04,22.98
2021-01-05,HDFC,18.9641,5.85,684774.11,100,0,28.98,48.04,22.98
2021-01-06,HDFC,18.9958,5.894,684774.11,100,0,28.98,48.04,22.98
2021-01-07,HDFC,19.0035,5.892,684774.11,100,0,28.98,48.04,22.98
2021-01-08,HDFC,19.0162,5.892,684774.11,100,0,28.98,48.04,22.98
2021-01-11,HDFC,18.9927,5.924,684774.11,100,0,28.98,48.04,22.98
2021-01-12,HDFC,18.9962,5.931,684774.11,100,0,28.98,48.04,22.98
2021-01-13,HDFC,19.0032,5.947,684774.11,100,0,28.98,48.04,22.98
2021-01-14,HDFC,19.0014,5.924,684774.11,100,0,28.98,48.04,22.98
2021-01-15,HDFC,18.9996,5.988,684774.11,100,0,28.98,48.04,22.98
2021-01-18,HDFC,18.9925,5.957,684774.11,100,0,28.98,48.04,22.98
2021-01-19,HDFC,18.995,5.936,684774.11,100,0,28.98,48.04,22.98
2021-01-20,HDFC,18.9994,5.942,684774.11,100,0,28.98,48.04,22.98
2021-01-21,HDFC,19.0004,5.956,684774.11,100,0,28.98,48.04,22.98
2021-01-22,HDFC,19.002,5.939,684774.11,100,0,28.98,48.04,22.98
2021-01-25,HDFC,19.0093,5.954,684774.11,100,0,28.98,48.04,22.98
2021-01-27,HDFC,19.0168,5.954,684774.11,100,0,28.98,48.04,22.98
2021-01-28,HDFC,19.0202,5.933,684774.11,100,0,28.98,48.04,22.98
2021-01-29,HDFC,19.0237,5.949,684774.11,100,0,28.98,48.04,22.98
2021-02-01,HDFC,18.985,6.06,699626.15,100,0,29.06,46.39,24.55
2021-02-02,HDFC,18.9563,6.127,699626.15,100,0,29.06,46.39,24.55
2021-02-03,HDFC,18.9654,6.084,699626.15,100,0,29.06,46.39,24.55
2021-02-04,HDFC,18.9703,6.074,699626.15,100,0,29.06,46.39,24.55
2021-02-05,HDFC,18.961,6.071,699626.15,100,0,29.06,46.39,24.55
2021-02-08,HDFC,18.975,6.04,699626.15,100,0,29.06,46.39,24.55
2021-02-09,HDFC,18.9784,6.074,699626.15,100,0,29.06,46.39,24.55
2021-02-10,HDFC,18.9851,6.01,699626.15,100,0,29.06,46.39,24.55
2021-02-11,HDFC,18.9988,5.962,699626.15,100,0,29.06,46.39,24.55
2021-02-12,HDFC,19.0036,5.99,699626.15,100,0,29.06,46.39,24.55
2021-02-15,HDFC,19.0178,6.022,699626.15,100,0,29.06,46.39,24.55
2021-02-16,HDFC,19.0279,6.022,699626.15,100,0,29.06,46.39,24.55
2021-02-17,HDFC,19.0261,6.03,699626.15,100,0,29.06,46.39,24.55
2021-02-18,HDFC,19.0239,6.132,699626.15,100,0,29.06,46.39,24.55
2021-02-22,HDFC,19.014,6.202,699626.15,100,0,29.06,46.39,24.55
2021-02-23,HDFC,19.0112,6.172,699626.15,100,0,29.06,46.39,24.55
2021-02-24,HDFC,19.0231,6.147,699626.15,100,0,29.06,46.39,24.55
2021-02-25,HDFC,19.0271,6.182,699626.15,100,0,29.06,46.39,24.55
2021-02-26,HDFC,19.0209,6.229,699626.15,100,0,29.06,46.39,24.55
2021-03-01,HDFC,19.0369,6.209,725334.94,100,0,31.97,50.6,17.43
2021-03-02,HDFC,19.0425,6.236,725334.94,100,0,31.97,50.6,17.43
2021-03-03,HDFC,19.0452,6.238,725334.94,100,0,31.97,50.6,17.43
2021-03-04,HDFC,19.047,6.212,725334.94,100,0,31.97,50.6,17.43
2021-03-05,HDFC,19.0475,6.232,725334.94,100,0,31.97,50.6,17.43
2021-03-08,HDFC,19.0551,6.223,725334.94,100,0,31.97,50.6,17.43
2021-03-09,HDFC,19.0563,6.206,725334.94,100,0,31.97,50.6,17.43
2021-03-10,HDFC,19.0579,6.247,725334.94,100,0,31.97,50.6,17.43
2021-03-12,HDFC,19.0552,6.232,725334.94,100,0,31.97,50.6,17.43
2021-03-15,HDFC,19.0528,6.201,725334.94,100,0,31.97,50.6,17.43
2021-03-16,HDFC,19.0609,6.18,725334.94,100,0,31.97,50.6,17.43
2021-03-17,HDFC,19.0612,6.185,725334.94,100,0,31.97,50.6,17.43
2021-03-18,HDFC,19.057,6.202,725334.94,100,0,31.97,50.6,17.43
2021-03-19,HDFC,19.0572,6.193,725334.94,100,0,31.97,50.6,17.43
2021-03-22,HDFC,19.0944,6.18,725334.94,100,0,31.97,50.6,17.43
2021-03-23,HDFC,19.1178,6.144,725334.94,100,0,31.97,50.6,17.43
2021-03-24,HDFC,19.1376,6.152,725334.94,100,0,31.97,50.6,17.43
2021-03-25,HDFC,19.1455,6.131,725334.94,100,0,31.97,50.6,17.43
2021-03-26,HDFC,19.1481,6.123,725334.94,100,0,31.97,50.6,17.43
2021-03-30,HDFC,19.1648,6.143,725334.94,100,0,31.97,50.6,17.43
2021-03-31,HDFC,19.1736,6.177,725334.94,100,0,31.97,50.6,17.43
2021-04-05,HDFC,19.2067,6.123,736763.75,100,0,28.95,53.08,17.97
2021-04-06,HDFC,19.2351,6.122,736763.75,100,0,28.95,53.08,17.97
2021-04-07,HDFC,19.2404,6.082,736763.75,100,0,28.95,53.08,17.97
2021-04-08,HDFC,19.2433,6.031,736763.75,100,0,28.95,53.08,17.97
2021-04-09,HDFC,19.2513,6.017,736763.75,100,0,28.95,53.08,17.97
2021-04-12,HDFC,19.2662,6.011,736763.75,100,0,28.95,53.08,17.97
2021-04-15,HDFC,19.277,6.126,736763.75,100,0,28.95,53.08,17.97
2021-04-16,HDFC,19.2605,6.088,736763.75,100,0,28.95,53.08,17.97
2021-04-19,HDFC,19.2762,6.081,736763.75,100,0,28.95,53.08,17.97
2021-04-20,HDFC,19.2842,6.074,736763.75,100,0,28.95,53.08,17.97
2021-04-22,HDFC,19.2959,6.05,736763.75,100,0,28.95,53.08,17.97
2021-04-23,HDFC,19.2966,6.035,736763.75,100,0,28.95,53.08,17.97
2021-04-26,HDFC,19.3203,6.038,736763.75,100,0,28.95,53.08,17.97
2021-04-27,HDFC,19.3273,6.055,736763.75,100,0,28.95,53.08,17.97
2021-04-28,HDFC,19.3171,6.053,736763.75,100,0,28.95,53.08,17.97
2021-04-29,HDFC,19.3237,6.059,736763.75,100,0,28.95,53.08,17.97
2021-04-30,HDFC,19.3593,6.03,736763.75,100,0,28.95,53.08,17.97
2021-05-03,HDFC,19.3782,6.001,763057.43,100,0,31.71,52.24,16.05
2021-05-04,HDFC,19.3903,6.015,763057.43,100,0,31.71,52.24,16.05
2021-05-05,HDFC,19.4101,5.978,763057.43,100,0,31.71,52.24,16.05
2021-05-06,HDFC,19.4216,5.974,763057.43,100,0,31.71,52.24,16.05
2021-05-07,HDFC,19.4293,6.015,763057.43,100,0,31.71,52.24,16.05
2021-05-10,HDFC,19.4371,6.014,763057.43,100,0,31.71,52.24,16.05
2021-05-11,HDFC,19.4546,6.008,763057.43,100,0,31.71,52.24,16.05
2021-05-12,HDFC,19.4579,6.01,763057.43,100,0,31.71,52.24,16.05
2021-05-14,HDFC,19.4736,5.986,763057.43,100,0,31.71,52.24,16.05
2021-05-17,HDFC,19.4916,5.972,763057.43,100,0,31.71,52.24,16.05
2021-05-18,HDFC,19.5109,5.976,763057.43,100,0,31.71,52.24,16.05
2021-05-19,HDFC,19.528,5.975,763057.43,100,0,31.71,52.24,16.05
2021-05-20,HDFC,19.5361,5.968,763057.43,100,0,31.71,52.24,16.05
2021-05-21,HDFC,19.5456,5.977,763057.43,100,0,31.71,52.24,16.05
2021-05-24,HDFC,19.5544,5.972,763057.43,100,0,31.71,52.24,16.05
2021-05-25,HDFC,19.5791,5.972,763057.43,100,0,31.71,52.24,16.05
2021-05-27,HDFC,19.584,5.987,763057.43,100,0,31.71,52.24,16.05
2021-05-28,HDFC,19.5788,6.003,763057.43,100,0,31.71,52.24,16.05
2021-05-31,HDFC,19.5897,6.022,763057.43,100,0,31.71,52.24,16.05
2021-06-01,HDFC,19.5926,6.025,763057.43,100,0,31.71,52.24,16.05
2021-06-02,HDFC,19.602,6.005,763057.43,100,0,31.71,52.24,16.05
2021-06-03,HDFC,19.6095,5.997,763057.43,100,0,31.71,52.24,16.05
2021-06-04,HDFC,19.6191,6.028,763057.43,100,0,31.71,52.24,16.05
2021-06-07,HDFC,19.6336,6.022,763057.43,100,0,31.71,52.24,16.05
2021-06-08,HDFC,19.6365,6.006,763057.43,100,0,31.71,52.24,16.05
2021-06-09,HDFC,19.6514,6.016,763057.43,100,0,31.71,52.24,16.05
2021-06-10,HDFC,19.6633,6.019,763057.43,100,0,31.71,52.24,16.05
2021-06-11,HDFC,19.6802,6.006,763057.43,100,0,31.71,52.24,16.05
2021-06-14,HDFC,19.6867,6.004,763057.43,100,0,31.71,52.24,16.05
2021-06-15,HDFC,19.6934,6.04,763057.43,100,0,31.71,52.24,16.05
2021-06-16,HDFC,19.6696,6.045,763057.43,100,0,31.71,52.24,16.05
2021-06-17,HDFC,19.6647,6.019,763057.43,100,0,31.71,52.24,16.05
2021-06-18,HDFC,19.6673,6.006,763057.43,100,0,31.71,52.24,16.05
2021-06-21,HDFC,19.6808,6.029,763057.43,100,0,31.71,52.24,16.05
2021-06-22,HDFC,19.6718,6.025,763057.43,100,0,31.71,52.24,16.05
2021-06-23,HDFC,19.6771,6.018,763057.43,100,0,31.71,52.24,16.05
2021-06-24,HDFC,19.6805,6.012,763057.43,100,0,31.71,52.24,16.05
2021-06-25,HDFC,19.6752,6.028,763057.43,100,0,31.71,52.24,16.05
2021-06-28,HDFC,19.714,6.056,763057.43,100,0,31.71,52.24,16.05
2021-06-29,HDFC,19.7149,6.036,763057.43,100,0,31.71,52.24,16.05
2021-06-30,HDFC,19.7101,6.051,763057.43,100,0,31.71,52.24,16.05
2021-07-01,HDFC,19.7142,6.039,808199.079999999,100,0,32.79,53.1,14.11
2021-07-02,HDFC,19.7099,6.065,808199.079999999,100,0,32.79,53.1,14.11
2021-07-05,HDFC,19.7242,6.088,808199.079999999,100,0,32.79,53.1,14.11
2021-07-06,HDFC,19.712,6.175,808199.079999999,100,0,32.79,53.1,14.11
2021-07-07,HDFC,19.7178,6.164,808199.079999999,100,0,32.79,53.1,14.11
2021-07-08,HDFC,19.7357,6.124,808199.079999999,100,0,32.79,53.1,14.11
2021-07-09,HDFC,19.7425,6.186,808199.079999999,100,0,32.79,53.1,14.11
2021-07-12,HDFC,19.7465,6.22,808199.079999999,100,0,32.79,53.1,14.11
2021-07-13,HDFC,19.7634,6.103,808199.079999999,100,0,32.79,53.1,14.11
2021-07-14,HDFC,19.7615,6.109,808199.079999999,100,0,32.79,53.1,14.11
2021-07-15,HDFC,19.7802,6.117,808199.079999999,100,0,32.79,53.1,14.11
2021-07-16,HDFC,19.8083,6.13,808199.079999999,100,0,32.79,53.1,14.11
2021-07-19,HDFC,19.8237,6.127,808199.079999999,100,0,32.79,53.1,14.11
2021-07-20,HDFC,19.8392,6.119,808199.079999999,100,0,32.79,53.1,14.11
2021-07-22,HDFC,19.8349,6.138,808199.079999999,100,0,32.79,53.1,14.11
2021-07-23,HDFC,19.8372,6.165,808199.079999999,100,0,32.79,53.1,14.11
2021-07-26,HDFC,19.8312,6.169,808199.079999999,100,0,32.79,53.1,14.11
2021-07-27,HDFC,19.8378,6.178,808199.079999999,100,0,32.79,53.1,14.11
2021-07-28,HDFC,19.8422,6.188,808199.079999999,100,0,32.79,53.1,14.11
2021-07-29,HDFC,19.8503,6.198,808199.079999999,100,0,32.79,53.1,14.11
2021-07-30,HDFC,19.8554,6.204,808199.079999999,100,0,32.79,53.1,14.11
2021-08-02,HDFC,19.8641,6.197,831080.43,100,0,30.86,51.77,17.37
2021-08-03,HDFC,19.8622,6.2,831080.43,100,0,30.86,51.77,17.37
2021-08-04,HDFC,19.8727,6.199,831080.43,100,0,30.86,51.77,17.37
2021-08-05,HDFC,19.8834,6.207,831080.43,100,0,30.86,51.77,17.37
2021-08-06,HDFC,19.8612,6.234,831080.43,100,0,30.86,51.77,17.37
2021-08-09,HDFC,19.867,6.221,831080.43,100,0,30.86,51.77,17.37
2021-08-10,HDFC,19.8768,6.233,831080.43,100,0,30.86,51.77,17.37
2021-08-11,HDFC,19.8808,6.236,831080.43,100,0,30.86,51.77,17.37
2021-08-12,HDFC,19.8964,6.226,831080.43,100,0,30.86,51.77,17.37
2021-08-13,HDFC,19.9082,6.241,831080.43,100,0,30.86,51.77,17.37
2021-08-17,HDFC,19.9281,6.234,831080.43,100,0,30.86,51.77,17.37
2021-08-18,HDFC,19.9465,6.228,831080.43,100,0,30.86,51.77,17.37
2021-08-20,HDFC,19.9627,6.234,831080.43,100,0,30.86,51.77,17.37
2021-08-23,HDFC,19.9728,6.243,831080.43,100,0,30.86,51.77,17.37
2021-08-24,HDFC,19.9777,6.25,831080.43,100,0,30.86,51.77,17.37
2021-08-25,HDFC,19.9774,6.241,831080.43,100,0,30.86,51.77,17.37
2021-08-26,HDFC,19.9798,6.251,831080.43,100,0,30.86,51.77,17.37
2021-08-27,HDFC,19.9865,6.254,831080.43,100,0,30.86,51.77,17.37
2021-08-30,HDFC,20.0037,6.225,831080.43,100,0,30.86,51.77,17.37
2021-08-31,HDFC,20.009,6.215,831080.43,100,0,30.86,51.77,17.37
2021-09-01,HDFC,20.0344,6.199,860699.230000001,100,0,37.06,44.5,18.44
2021-09-02,HDFC,20.0502,6.171,860699.230000001,100,0,37.06,44.5,18.44
2021-09-03,HDFC,20.0539,6.156,860699.230000001,100,0,37.06,44.5,18.44
2021-09-06,HDFC,20.0636,6.173,860699.230000001,100,0,37.06,44.5,18.44
2021-09-07,HDFC,20.0675,6.195,860699.230000001,100,0,37.06,44.5,18.44
2021-09-08,HDFC,20.0697,6.188,860699.230000001,100,0,37.06,44.5,18.44
2021-09-09,HDFC,20.0783,6.178,860699.230000001,100,0,37.06,44.5,18.44
2021-09-13,HDFC,20.0882,6.192,860699.230000001,100,0,37.06,44.5,18.44
2021-09-14,HDFC,20.0976,6.198,860699.230000001,100,0,37.06,44.5,18.44
2021-09-15,HDFC,20.0997,6.163,860699.230000001,100,0,37.06,44.5,18.44
2021-09-16,HDFC,20.1018,6.169,860699.230000001,100,0,37.06,44.5,18.44
2021-09-17,HDFC,20.1075,6.167,860699.230000001,100,0,37.06,44.5,18.44
2021-09-20,HDFC,20.1148,6.138,860699.230000001,100,0,37.06,44.5,18.44
2021-09-21,HDFC,20.1104,6.122,860699.230000001,100,0,37.06,44.5,18.44
2021-09-22,HDFC,20.114,6.138,860699.230000001,100,0,37.06,44.5,18.44
2021-09-23,HDFC,20.1208,6.14,860699.230000001,100,0,37.06,44.5,18.44
2021-09-24,HDFC,20.116,6.181,860699.230000001,100,0,37.06,44.5,18.44
2021-09-27,HDFC,20.126,6.209,860699.230000001,100,0,37.06,44.5,18.44
2021-09-28,HDFC,20.1255,6.228,860699.230000001,100,0,37.06,44.5,18.44
2021-09-29,HDFC,20.13,6.206,860699.230000001,100,0,37.06,44.5,18.44
2021-09-30,HDFC,20.1318,6.223,860699.230000001,100,0,37.06,44.5,18.44
2021-10-01,HDFC,20.136,6.244,875657.41,100,0,38.04,44.47,17.490000000000002
2021-10-04,HDFC,20.1446,6.248,875657.41,100,0,38.04,44.47,17.490000000000002
2021-10-05,HDFC,20.1347,6.26,875657.41,100,0,38.04,44.47,17.490000000000002
2021-10-06,HDFC,20.1225,6.276,875657.41,100,0,38.04,44.47,17.490000000000002
2021-10-07,HDFC,20.1267,6.267,875657.41,100,0,38.04,44.47,17.490000000000002
2021-10-08,HDFC,20.1286,6.318,875657.41,100,0,38.04,44.47,17.490000000000002
2021-10-11,HDFC,20.1352,6.34,875657.41,100,0,38.04,44.47,17.490000000000002
2021-10-12,HDFC,20.1414,6.326,875657.41,100,0,38.04,44.47,17.490000000000002
2021-10-13,HDFC,20.1561,6.314,875657.41,100,0,38.04,44.47,17.490000000000002
2021-10-14,HDFC,20.1629,6.328,875657.41,100,0,38.04,44.47,17.490000000000002
2021-10-18,HDFC,20.1607,6.387,875657.41,100,0,38.04,44.47,17.490000000000002
2021-10-20,HDFC,20.145,6.373,875657.41,100,0,38.04,44.47,17.490000000000002
2021-10-21,HDFC,20.1411,6.338,875657.41,100,0,38.04,44.47,17.490000000000002
2021-10-22,HDFC,20.1453,6.364,875657.41,100,0,38.04,44.47,17.490000000000002
2021-10-25,HDFC,20.1727,6.35,875657.41,100,0,38.04,44.47,17.490000000000002
2021-10-26,HDFC,20.1702,6.362,875657.41,100,0,38.04,44.47,17.490000000000002
2021-10-27,HDFC,20.1724,6.336,875657.41,100,0,38.04,44.47,17.490000000000002
2021-10-28,HDFC,20.1731,6.367,875657.41,100,0,38.04,44.47,17.490000000000002
2021-10-29,HDFC,20.1681,6.388,875657.41,100,0,38.04,44.47,17.490000000000002
2021-11-01,HDFC,20.1767,6.387,896310.69,100,0,41.64,47.97,10.39
2021-11-02,HDFC,20.1795,6.36,896310.69,100,0,41.64,47.97,10.39
2021-11-03,HDFC,20.1828,6.357,896310.69,100,0,41.64,47.97,10.39
2021-11-08,HDFC,20.2092,6.301,896310.69,100,0,41.64,47.97,10.39
2021-11-09,HDFC,20.2153,6.293,896310.69,100,0,41.64,47.97,10.39
2021-11-10,HDFC,20.2172,6.336,896310.69,100,0,41.64,47.97,10.39
2021-11-11,HDFC,20.2179,6.367,896310.69,100,0,41.64,47.97,10.39
2021-11-12,HDFC,20.2262,6.368,896310.69,100,0,41.64,47.97,10.39
2021-11-15,HDFC,20.2368,6.342,896310.69,100,0,41.64,47.97,10.39
2021-11-16,HDFC,20.2379,6.364,896310.69,100,0,41.64,47.97,10.39
2021-11-17,HDFC,20.239,6.361,896310.69,100,0,41.64,47.97,10.39
2021-11-18,HDFC,20.2443,6.345,896310.69,100,0,41.64,47.97,10.39
2021-11-22,HDFC,20.2539,6.351,896310.69,100,0,41.64,47.97,10.39
2021-11-23,HDFC,20.2569,6.364,896310.69,100,0,41.64,47.97,10.39
2021-11-24,HDFC,20.2574,6.367,896310.69,100,0,41.64,47.97,10.39
2021-11-25,HDFC,20.2616,6.367,896310.69,100,0,41.64,47.97,10.39
2021-11-26,HDFC,20.2705,6.33,896310.69,100,0,41.64,47.97,10.39
2021-11-29,HDFC,20.276,6.335,896310.69,100,0,41.64,47.97,10.39
2021-11-30,HDFC,20.2869,6.326,896310.69,100,0,41.64,47.97,10.39
2021-12-01,HDFC,20.2914,6.353,897901.18,100,0,37.77,43.29,18.94
2021-12-02,HDFC,20.3057,6.352,897901.18,100,0,37.77,43.29,18.94
2021-12-03,HDFC,20.3076,6.369,897901.18,100,0,37.77,43.29,18.94
2021-12-06,HDFC,20.3152,6.359,897901.18,100,0,37.77,43.29,18.94
2021-12-07,HDFC,20.315,6.391,897901.18,100,0,37.77,43.29,18.94
2021-12-08,HDFC,20.328,6.347,897901.18,100,0,37.77,43.29,18.94
2021-12-09,HDFC,20.3332,6.348,897901.18,100,0,37.77,43.29,18.94
2021-12-10,HDFC,20.3304,6.37,897901.18,100,0,37.77,43.29,18.94
2021-12-13,HDFC,20.3426,6.37,897901.18,100,0,37.77,43.29,18.94
2021-12-14,HDFC,20.3524,6.356,897901.18,100,0,37.77,43.29,18.94
2021-12-15,HDFC,20.3514,6.364,897901.18,100,0,37.77,43.29,18.94
2021-12-16,HDFC,20.3538,6.374,897901.18,100,0,37.77,43.29,18.94
2021-12-17,HDFC,20.3516,6.411,897901.18,100,0,37.77,43.29,18.94
2021-12-20,HDFC,20.3422,6.435,897901.18,100,0,37.77,43.29,18.94
2021-12-21,HDFC,20.3319,6.468,897901.18,100,0,37.77,43.29,18.94
2021-12-22,HDFC,20.3311,6.464,897901.18,100,0,37.77,43.29,18.94
2021-12-23,HDFC,20.3319,6.46,897901.18,100,0,37.77,43.29,18.94
2021-12-24,HDFC,20.3359,6.462,897901.18,100,0,37.77,43.29,18.94
2021-12-27,HDFC,20.3505,6.465,897901.18,100,0,37.77,43.29,18.94
2021-12-28,HDFC,20.3516,6.478,897901.18,100,0,37.77,43.29,18.94
2021-12-29,HDFC,20.3574,6.461,897901.18,100,0,37.77,43.29,18.94
2021-12-30,HDFC,20.3564,6.469,897901.18,100,0,37.77,43.29,18.94
2021-12-31,HDFC,20.3551,6.454,897901.18,100,0,37.77,43.29,18.94
2022-01-03,HDFC,20.3627,6.46,903770.73,100,0,45.33,44.09,10.58
2022-01-04,HDFC,20.3499,6.518,903770.73,100,0,45.33,44.09,10.58
2022-01-05,HDFC,20.3523,6.508,903770.73,100,0,45.33,44.09,10.58
2022-01-06,HDFC,20.3558,6.525,903770.73,100,0,45.33,44.09,10.58
2022-01-07,HDFC,20.3666,6.542,903770.73,100,0,45.33,44.09,10.58
2022-01-10,HDFC,20.3678,6.59,903770.73,100,0,45.33,44.09,10.58
2022-01-11,HDFC,20.375,6.57,903770.73,100,0,45.33,44.09,10.58
2022-01-12,HDFC,20.3788,6.593,903770.73,100,0,45.33,44.09,10.58
2022-01-13,HDFC,20.3925,6.561,903770.73,100,0,45.33,44.09,10.58
2022-01-14,HDFC,20.3962,6.582,903770.73,100,0,45.33,44.09,10.58
2022-01-17,HDFC,20.3978,6.636,903770.73,100,0,45.33,44.09,10.58
2022-01-18,HDFC,20.3931,6.627,903770.73,100,0,45.33,44.09,10.58
2022-01-19,HDFC,20.3894,6.598,903770.73,100,0,45.33,44.09,10.58
2022-01-20,HDFC,20.4028,6.608,903770.73,100,0,45.33,44.09,10.58
2022-01-21,HDFC,20.407,6.62,903770.73,100,0,45.33,44.09,10.58
2022-01-24,HDFC,20.41,6.652,903770.73,100,0,45.33,44.09,10.58
2022-01-25,HDFC,20.4108,6.662,903770.73,100,0,45.33,44.09,10.58
2022-01-27,HDFC,20.4015,6.746,903770.73,100,0,45.33,44.09,10.58
2022-01-28,HDFC,20.4019,6.768,903770.73,100,0,45.33,44.09,10.58
2022-01-31,HDFC,20.4133,6.684,903770.73,100,0,45.33,44.09,10.58
2022-02-01,HDFC,20.3693,6.828,898402.8799999997,100,0,39.92,46.27,13.81
2022-02-02,HDFC,20.36,6.88,898402.8799999997,100,0,39.92,46.27,13.81
2022-02-03,HDFC,20.3665,6.889,898402.8799999997,100,0,39.92,46.27,13.81
2022-02-04,HDFC,20.3631,6.879,898402.8799999997,100,0,39.92,46.27,13.81
2022-02-08,HDFC,20.3886,6.81,898402.8799999997,100,0,39.92,46.27,13.81
2022-02-09,HDFC,20.3999,6.798,898402.8799999997,100,0,39.92,46.27,13.81
2022-02-10,HDFC,20.4581,6.725,898402.8799999997,100,0,39.92,46.27,13.81
2022-02-11,HDFC,20.4756,6.698,898402.8799999997,100,0,39.92,46.27,13.81
2022-02-14,HDFC,20.4907,6.667,898402.8799999997,100,0,39.92,46.27,13.81
2022-02-15,HDFC,20.5033,6.673,898402.8799999997,100,0,39.92,46.27,13.81
2022-02-16,HDFC,20.5123,6.686,898402.8799999997,100,0,39.92,46.27,13.81
2022-02-17,HDFC,20.5129,6.674,898402.8799999997,100,0,39.92,46.27,13.81
2022-02-18,HDFC,20.5192,6.663,898402.8799999997,100,0,39.92,46.27,13.81
2022-02-21,HDFC,20.5274,6.693,898402.8799999997,100,0,39.92,46.27,13.81
2022-02-22,HDFC,20.525,6.749,898402.8799999997,100,0,39.92,46.27,13.81
2022-02-23,HDFC,20.5277,6.739,898402.8799999997,100,0,39.92,46.27,13.81
2022-02-24,HDFC,20.5216,6.759,898402.8799999997,100,0,39.92,46.27,13.81
2022-02-25,HDFC,20.5254,6.749,898402.8799999997,100,0,39.92,46.27,13.81
2022-02-28,HDFC,20.5325,6.77,898402.8799999997,100,0,39.92,46.27,13.81
2022-03-02,HDFC,20.5226,6.814,896660.9699999996,100,0,39.8,50.86,9.34
2022-03-03,HDFC,20.5036,6.826,896660.9699999996,100,0,39.8,50.86,9.34
2022-03-04,HDFC,20.5106,6.813,896660.9699999996,100,0,39.8,50.86,9.34
2022-03-07,HDFC,20.4953,6.888,896660.9699999996,100,0,39.8,50.86,9.34
2022-03-08,HDFC,20.4992,6.895,896660.9699999996,100,0,39.8,50.86,9.34
2022-03-09,HDFC,20.5025,6.845,896660.9699999996,100,0,39.8,50.86,9.34
2022-03-10,HDFC,20.5089,6.809,896660.9699999996,100,0,39.8,50.86,9.34
2022-03-11,HDFC,20.507,6.855,896660.9699999996,100,0,39.8,50.86,9.34
2022-03-14,HDFC,20.5237,6.854,896660.9699999996,100,0,39.8,50.86,9.34
2022-03-15,HDFC,20.5404,6.821,896660.9699999996,100,0,39.8,50.86,9.34
2022-03-16,HDFC,20.5441,6.788,896660.9699999996,100,0,39.8,50.86,9.34
2022-03-17,HDFC,20.5534,6.778,896660.9699999996,100,0,39.8,50.86,9.34
2022-03-21,HDFC,20.566,6.781,896660.9699999996,100,0,39.8,50.86,9.34
2022-03-22,HDFC,20.5713,6.831,896660.9699999996,100,0,39.8,50.86,9.34
2022-03-23,HDFC,20.5715,6.831,896660.9699999996,100,0,39.8,50.86,9.34
2022-03-24,HDFC,20.5722,6.834,896660.9699999996,100,0,39.8,50.86,9.34
2022-03-25,HDFC,20.5887,6.811,896660.9699999996,100,0,39.8,50.86,9.34
2022-03-28,HDFC,20.6082,6.836,896660.9699999996,100,0,39.8,50.86,9.34
2022-03-29,HDFC,20.6132,6.821,896660.9699999996,100,0,39.8,50.86,9.34
2022-03-30,HDFC,20.6208,6.784,896660.9699999996,100,0,39.8,50.86,9.34
2022-03-31,HDFC,20.6238,6.843,896660.9699999996,100,0,39.8,50.86,9.34
2022-04-04,HDFC,20.6349,6.898,892540.4900000005,100,0,41.03,47.94,11.03
2022-04-05,HDFC,20.6417,6.899,892540.4900000005,100,0,41.03,47.94,11.03
2022-04-06,HDFC,20.6417,6.917,892540.4900000005,100,0,41.03,47.94,11.03
2022-04-07,HDFC,20.6416,6.914,892540.4900000005,100,0,41.03,47.94,11.03
2022-04-08,HDFC,20.5587,7.119,892540.4900000005,100,0,41.03,47.94,11.03
2022-04-11,HDFC,20.5321,7.149,892540.4900000005,100,0,41.03,47.94,11.03
2022-04-12,HDFC,20.5347,7.189,892540.4900000005,100,0,41.03,47.94,11.03
2022-04-13,HDFC,20.4915,7.215,892540.4900000005,100,0,41.03,47.94,11.03
2022-04-18,HDFC,20.5107,7.153,892540.4900000005,100,0,41.03,47.94,11.03
2022-04-19,HDFC,20.5296,7.151,892540.4900000005,100,0,41.03,47.94,11.03
2022-04-20,HDFC,20.5323,7.105,892540.4900000005,100,0,41.03,47.94,11.03
2022-04-21,HDFC,20.5398,7.144,892540.4900000005,100,0,41.03,47.94,11.03
2022-04-22,HDFC,20.5378,7.167,892540.4900000005,100,0,41.03,47.94,11.03
2022-04-25,HDFC,20.5683,7.043,892540.4900000005,100,0,41.03,47.94,11.03
2022-04-26,HDFC,20.5766,7.053,892540.4900000005,100,0,41.03,47.94,11.03
2022-04-27,HDFC,20.5809,7.083,892540.4900000005,100,0,41.03,47.94,11.03
2022-04-28,HDFC,20.5842,7.155,892540.4900000005,100,0,41.03,47.94,11.03
2022-04-29,HDFC,20.5866,7.139,892540.4900000005,100,0,41.03,47.94,11.03
2022-05-02,HDFC,20.596,7.119,864008.8699999998,100,0,35.870000000000005,48.52000000000001,15.610000000000005
2022-05-04,HDFC,20.3975,7.378,864008.8699999998,100,0,35.870000000000005,48.52000000000001,15.610000000000005
2022-05-05,HDFC,20.3523,7.403,864008.8699999998,100,0,35.870000000000005,48.52000000000001,15.610000000000005
2022-05-06,HDFC,20.3245,7.451,864008.8699999998,100,0,35.870000000000005,48.52000000000001,15.610000000000005
2022-05-09,HDFC,20.3296,7.465,864008.8699999998,100,0,35.870000000000005,48.52000000000001,15.610000000000005
2022-05-10,HDFC,20.3487,7.301,864008.8699999998,100,0,35.870000000000005,48.52000000000001,15.610000000000005
2022-05-11,HDFC,20.3716,7.215,864008.8699999998,100,0,35.870000000000005,48.52000000000001,15.610000000000005
2022-05-12,HDFC,20.3775,7.244,864008.8699999998,100,0,35.870000000000005,48.52000000000001,15.610000000000005
2022-05-13,HDFC,20.3633,7.318,864008.8699999998,100,0,35.870000000000005,48.52000000000001,15.610000000000005
2022-05-17,HDFC,20.381,7.366,864008.8699999998,100,0,35.870000000000005,48.52000000000001,15.610000000000005
2022-05-18,HDFC,20.384,7.355,864008.8699999998,100,0,35.870000000000005,48.52000000000001,15.610000000000005
2022-05-19,HDFC,20.3898,7.32,864008.8699999998,100,0,35.870000000000005,48.52000000000001,15.610000000000005
2022-05-20,HDFC,20.4003,7.359,864008.8699999998,100,0,35.870000000000005,48.52000000000001,15.610000000000005
2022-05-23,HDFC,20.4133,7.386,864008.8699999998,100,0,35.870000000000005,48.52000000000001,15.610000000000005
2022-05-24,HDFC,20.4206,7.359,864008.8699999998,100,0,35.870000000000005,48.52000000000001,15.610000000000005
2022-05-25,HDFC,20.4327,7.305,864008.8699999998,100,0,35.870000000000005,48.52000000000001,15.610000000000005
2022-05-26,HDFC,20.4438,7.294,864008.8699999998,100,0,35.870000000000005,48.52000000000001,15.610000000000005
2022-05-27,HDFC,20.4475,7.35,864008.8699999998,100,0,35.870000000000005,48.52000000000001,15.610000000000005
2022-05-30,HDFC,20.4546,7.409,864008.8699999998,100,0,35.870000000000005,48.52000000000001,15.610000000000005
2022-05-31,HDFC,20.4594,7.415,864008.8699999998,100,0,35.870000000000005,48.52000000000001,15.610000000000005
2022-06-01,HDFC,20.4619,7.414,857632.14,100,0,37.68,49.44,12.88
2022-06-02,HDFC,20.4465,7.434,857632.14,100,0,37.68,49.44,12.88
2022-06-03,HDFC,20.4433,7.456,857632.14,100,0,37.68,49.44,12.88
2022-06-06,HDFC,20.4339,7.5,857632.14,100,0,37.68,49.44,12.88
2022-06-07,HDFC,20.4072,7.518,857632.14,100,0,37.68,49.44,12.88
2022-06-08,HDFC,20.4329,7.494,857632.14,100,0,37.68,49.44,12.88
2022-06-09,HDFC,20.4394,7.496,857632.14,100,0,37.68,49.44,12.88
2022-06-10,HDFC,20.444,7.519,857632.14,100,0,37.68,49.44,12.88
2022-06-13,HDFC,20.4282,7.604,857632.14,100,0,37.68,49.44,12.88
2022-06-14,HDFC,20.4179,7.581,857632.14,100,0,37.68,49.44,12.88
2022-06-15,HDFC,20.4099,7.592,857632.14,100,0,37.68,49.44,12.88
2022-06-16,HDFC,20.4117,7.617,857632.14,100,0,37.68,49.44,12.88
2022-06-17,HDFC,20.4145,7.546,857632.14,100,0,37.68,49.44,12.88
2022-06-20,HDFC,20.4424,7.427,857632.14,100,0,37.68,49.44,12.88
2022-06-21,HDFC,20.4469,7.482,857632.14,100,0,37.68,49.44,12.88
2022-06-22,HDFC,20.4617,7.396,857632.14,100,0,37.68,49.44,12.88
2022-06-23,HDFC,20.4662,7.419,857632.14,100,0,37.68,49.44,12.88
2022-06-24,HDFC,20.4693,7.444,857632.14,100,0,37.68,49.44,12.88
2022-06-27,HDFC,20.4784,7.407,857632.14,100,0,37.68,49.44,12.88
2022-06-28,HDFC,20.4824,7.466,857632.14,100,0,37.68,49.44,12.88
2022-06-29,HDFC,20.4862,7.459,857632.14,100,0,37.68,49.44,12.88
2022-06-30,HDFC,20.4917,7.45,857632.14,100,0,37.68,49.44,12.88
2022-07-01,HDFC,20.511,7.424,863075.7799999996,100,0,42.21,48.03,9.759999999999998
2022-07-04,HDFC,20.5371,7.374,863075.7799999996,100,0,42.21,48.03,9.759999999999998
2022-07-05,HDFC,20.5461,7.391,863075.7799999996,100,0,42.21,48.03,9.759999999999998
2022-07-06,HDFC,20.5761,7.294,863075.7799999996,100,0,42.21,48.03,9.759999999999998
2022-07-07,HDFC,20.5771,7.354,863075.7799999996,100,0,42.21,48.03,9.759999999999998
2022-07-08,HDFC,20.5782,7.415,863075.7799999996,100,0,42.21,48.03,9.759999999999998
2022-07-11,HDFC,20.5852,7.427,863075.7799999996,100,0,42.21,48.03,9.759999999999998
2022-07-12,HDFC,20.5908,7.391,863075.7799999996,100,0,42.21,48.03,9.759999999999998
2022-07-13,HDFC,20.6072,7.337,863075.7799999996,100,0,42.21,48.03,9.759999999999998
2022-07-14,HDFC,20.6147,7.384,863075.7799999996,100,0,42.21,48.03,9.759999999999998
2022-07-15,HDFC,20.611,7.438,863075.7799999996,100,0,42.21,48.03,9.759999999999998
2022-07-18,HDFC,20.6224,7.437,863075.7799999996,100,0,42.21,48.03,9.759999999999998
2022-07-19,HDFC,20.6213,7.434,863075.7799999996,100,0,42.21,48.03,9.759999999999998
2022-07-20,HDFC,20.6225,7.449,863075.7799999996,100,0,42.21,48.03,9.759999999999998
2022-07-21,HDFC,20.6271,7.44,863075.7799999996,100,0,42.21,48.03,9.759999999999998
2022-07-22,HDFC,20.6322,7.414,863075.7799999996,100,0,42.21,48.03,9.759999999999998
2022-07-25,HDFC,20.6509,7.391,863075.7799999996,100,0,42.21,48.03,9.759999999999998
2022-07-26,HDFC,20.651,7.367,863075.7799999996,100,0,42.21,48.03,9.759999999999998
2022-07-27,HDFC,20.6641,7.338,863075.7799999996,100,0,42.21,48.03,9.759999999999998
2022-07-28,HDFC,20.6763,7.332,863075.7799999996,100,0,42.21,48.03,9.759999999999998
2022-07-29,HDFC,20.6839,7.32,863075.7799999996,100,0,42.21,48.03,9.759999999999998
2022-08-01,HDFC,20.7095,7.24,870011.6200000003,100,0,37.290000000000006,47.970000000000006,14.740000000000004
2022-08-02,HDFC,20.7344,7.196,870011.6200000003,100,0,37.290000000000006,47.970000000000006,14.740000000000004
2022-08-03,HDFC,20.7335,7.242,870011.6200000003,100,0,37.290000000000006,47.970000000000006,14.740000000000004
2022-08-04,HDFC,20.7484,7.157,870011.6200000003,100,0,37.290000000000006,47.970000000000006,14.740000000000004
2022-08-05,HDFC,20.7169,7.3,870011.6200000003,100,0,37.290000000000006,47.970000000000006,14.740000000000004
2022-08-08,HDFC,20.7215,7.348,870011.6200000003,100,0,37.290000000000006,47.970000000000006,14.740000000000004
2022-08-10,HDFC,20.754,7.31,870011.6200000003,100,0,37.290000000000006,47.970000000000006,14.740000000000004
2022-08-11,HDFC,20.7635,7.267,870011.6200000003,100,0,37.290000000000006,47.970000000000006,14.740000000000004
2022-08-12,HDFC,20.774,7.289,870011.6200000003,100,0,37.290000000000006,47.970000000000006,14.740000000000004
2022-08-17,HDFC,20.8203,7.182,870011.6200000003,100,0,37.290000000000006,47.970000000000006,14.740000000000004
2022-08-18,HDFC,20.8263,7.242,870011.6200000003,100,0,37.290000000000006,47.970000000000006,14.740000000000004
2022-08-19,HDFC,20.824,7.264,870011.6200000003,100,0,37.290000000000006,47.970000000000006,14.740000000000004
2022-08-22,HDFC,20.8344,7.27,870011.6200000003,100,0,37.290000000000006,47.970000000000006,14.740000000000004
2022-08-23,HDFC,20.8372,7.281,870011.6200000003,100,0,37.290000000000006,47.970000000000006,14.740000000000004
2022-08-24,HDFC,20.8436,7.286,870011.6200000003,100,0,37.290000000000006,47.970000000000006,14.740000000000004
2022-08-25,HDFC,20.8469,7.292,870011.6200000003,100,0,37.290000000000006,47.970000000000006,14.740000000000004
2022-08-26,HDFC,20.8526,7.217,870011.6200000003,100,0,37.290000000000006,47.970000000000006,14.740000000000004
2022-08-29,HDFC,20.8588,7.253,870011.6200000003,100,0,37.290000000000006,47.970000000000006,14.740000000000004
2022-08-30,HDFC,20.8659,7.188,870011.6200000003,100,0,37.290000000000006,47.970000000000006,14.740000000000004
2022-09-01,HDFC,20.8712,7.215,861554.9,100,0,36.68,50.63,12.69
2022-09-02,HDFC,20.8823,7.232,861554.9,100,0,36.68,50.63,12.69
2022-09-05,HDFC,20.8951,7.218,861554.9,100,0,36.68,50.63,12.69
2022-09-06,HDFC,20.9045,7.179,861554.9,100,0,36.68,50.63,12.69
2022-09-07,HDFC,20.9072,7.185,861554.9,100,0,36.68,50.63,12.69
2022-09-08,HDFC,20.9232,7.135,861554.9,100,0,36.68,50.63,12.69
2022-09-09,HDFC,20.9252,7.167,861554.9,100,0,36.68,50.63,12.69
2022-09-12,HDFC,20.9282,7.181,861554.9,100,0,36.68,50.63,12.69
2022-09-13,HDFC,20.9424,7.108,861554.9,100,0,36.68,50.63,12.69
2022-09-14,HDFC,20.9362,7.155,861554.9,100,0,36.68,50.63,12.69
2022-09-15,HDFC,20.92,7.238,861554.9,100,0,36.68,50.63,12.69
2022-09-16,HDFC,20.9026,7.266,861554.9,100,0,36.68,50.63,12.69
2022-09-19,HDFC,20.9122,7.277,861554.9,100,0,36.68,50.63,12.69
2022-09-20,HDFC,20.8989,7.294,861554.9,100,0,36.68,50.63,12.69
2022-09-21,HDFC,20.9019,7.233,861554.9,100,0,36.68,50.63,12.69
2022-09-22,HDFC,20.8781,7.312,861554.9,100,0,36.68,50.63,12.69
2022-09-23,HDFC,20.8478,7.393,861554.9,100,0,36.68,50.63,12.69
2022-09-26,HDFC,20.8419,7.359,861554.9,100,0,36.68,50.63,12.69
2022-09-27,HDFC,20.8409,7.292,861554.9,100,0,36.68,50.63,12.69
2022-09-28,HDFC,20.8472,7.333,861554.9,100,0,36.68,50.63,12.69
2022-09-29,HDFC,20.8622,7.34,861554.9,100,0,36.68,50.63,12.69
2022-09-30,HDFC,20.8786,7.398,861554.9,100,0,36.68,50.63,12.69
2022-10-03,HDFC,20.8805,7.468,852372.26,100,0,37.14,51.89,10.97
2022-10-04,HDFC,20.9009,7.362,852372.26,100,0,37.14,51.89,10.97
2022-10-06,HDFC,20.9008,7.454,852372.26,100,0,37.14,51.89,10.97
2022-10-07,HDFC,20.8868,7.46,852372.26,100,0,37.14,51.89,10.97
2022-10-10,HDFC,20.8796,7.476,852372.26,100,0,37.14,51.89,10.97
2022-10-11,HDFC,20.8699,7.426,852372.26,100,0,37.14,51.89,10.97
2022-10-12,HDFC,20.8734,7.435,852372.26,100,0,37.14,51.89,10.97
2022-10-13,HDFC,20.877,7.422,852372.26,100,0,37.14,51.89,10.97
2022-10-14,HDFC,20.8797,7.47,852372.26,100,0,37.14,51.89,10.97
2022-10-17,HDFC,20.9062,7.407,852372.26,100,0,37.14,51.89,10.97
2022-10-18,HDFC,20.9203,7.426,852372.26,100,0,37.14,51.89,10.97
2022-10-19,HDFC,20.9249,7.451,852372.26,100,0,37.14,51.89,10.97
2022-10-20,HDFC,20.918,7.476,852372.26,100,0,37.14,51.89,10.97
2022-10-21,HDFC,20.9188,7.511,852372.26,100,0,37.14,51.89,10.97
2022-10-25,HDFC,20.9469,7.442,852372.26,100,0,37.14,51.89,10.97
2022-10-27,HDFC,20.9637,7.412,852372.26,100,0,37.14,51.89,10.97
2022-10-28,HDFC,20.965,7.416,852372.26,100,0,37.14,51.89,10.97
2022-10-31,HDFC,20.9768,7.445,852372.26,100,0,37.14,51.89,10.97
2022-11-01,HDFC,20.9843,7.396,855221.9200000004,100,0,36.87,51.34,11.79
2022-11-02,HDFC,20.9884,7.404,855221.9200000004,100,0,36.87,51.34,11.79
2022-11-03,HDFC,20.9793,7.482,855221.9200000004,100,0,36.87,51.34,11.79
2022-11-04,HDFC,20.9815,7.469,855221.9200000004,100,0,36.87,51.34,11.79
2022-11-07,HDFC,20.9962,7.434,855221.9200000004,100,0,36.87,51.34,11.79
2022-11-09,HDFC,21.0135,7.387,855221.9200000004,100,0,36.87,51.34,11.79
2022-11-10,HDFC,21.0235,7.346,855221.9200000004,100,0,36.87,51.34,11.79
2022-11-11,HDFC,21.0481,7.307,855221.9200000004,100,0,36.87,51.34,11.79
2022-11-14,HDFC,21.0661,7.287,855221.9200000004,100,0,36.87,51.34,11.79
2022-11-15,HDFC,21.0781,7.261,855221.9200000004,100,0,36.87,51.34,11.79
2022-11-16,HDFC,21.0772,7.274,855221.9200000004,100,0,36.87,51.34,11.79
2022-11-17,HDFC,21.0919,7.281,855221.9200000004,100,0,36.87,51.34,11.79
2022-11-18,HDFC,21.0905,7.307,855221.9200000004,100,0,36.87,51.34,11.79
2022-11-21,HDFC,21.0909,7.32,855221.9200000004,100,0,36.87,51.34,11.79
2022-11-22,HDFC,21.0947,7.285,855221.9200000004,100,0,36.87,51.34,11.79
2022-11-23,HDFC,21.0961,7.291,855221.9200000004,100,0,36.87,51.34,11.79
2022-11-24,HDFC,21.1056,7.255,855221.9200000004,100,0,36.87,51.34,11.79
2022-11-25,HDFC,21.1088,7.301,855221.9200000004,100,0,36.87,51.34,11.79
2022-11-28,HDFC,21.1201,7.274,855221.9200000004,100,0,36.87,51.34,11.79
2022-11-29,HDFC,21.1235,7.279,855221.9200000004,100,0,36.87,51.34,11.79
2022-11-30,HDFC,21.1327,7.28,855221.9200000004,100,0,36.87,51.34,11.79
2022-12-01,HDFC,21.1459,7.21,850827.8000000003,100,0,37.68,51.5,10.82
2022-12-02,HDFC,21.1519,7.221,850827.8000000003,100,0,37.68,51.5,10.82
2022-12-05,HDFC,21.1572,7.226,850827.8000000003,100,0,37.68,51.5,10.82
2022-12-06,HDFC,21.1604,7.249,850827.8000000003,100,0,37.68,51.5,10.82
2022-12-07,HDFC,21.1602,7.269,850827.8000000003,100,0,37.68,51.5,10.82
2022-12-08,HDFC,21.1662,7.288,850827.8000000003,100,0,37.68,51.5,10.82
2022-12-09,HDFC,21.1703,7.299,850827.8000000003,100,0,37.68,51.5,10.82
2022-12-12,HDFC,21.1824,7.294,850827.8000000003,100,0,37.68,51.5,10.82
2022-12-13,HDFC,21.1897,7.265,850827.8000000003,100,0,37.68,51.5,10.82
2022-12-14,HDFC,21.2022,7.221,850827.8000000003,100,0,37.68,51.5,10.82
2022-12-15,HDFC,21.2027,7.268,850827.8000000003,100,0,37.68,51.5,10.82
2022-12-16,HDFC,21.2069,7.281,850827.8000000003,100,0,37.68,51.5,10.82
2022-12-19,HDFC,21.2184,7.297,850827.8000000003,100,0,37.68,51.5,10.82
2022-12-20,HDFC,21.219,7.299,850827.8000000003,100,0,37.68,51.5,10.82
2022-12-21,HDFC,21.2224,7.287,850827.8000000003,100,0,37.68,51.5,10.82
2022-12-22,HDFC,21.224,7.316,850827.8000000003,100,0,37.68,51.5,10.82
2022-12-23,HDFC,21.2221,7.318,850827.8000000003,100,0,37.68,51.5,10.82
2022-12-26,HDFC,21.2302,7.319,850827.8000000003,100,0,37.68,51.5,10.82
2022-12-27,HDFC,21.2334,7.308,850827.8000000003,100,0,37.68,51.5,10.82
2022-12-28,HDFC,21.2292,7.314,850827.8000000003,100,0,37.68,51.5,10.82
2022-12-29,HDFC,21.2393,7.311,850827.8000000003,100,0,37.68,51.5,10.82
2022-12-30,HDFC,21.2453,7.327,850827.8000000003,100,0,37.68,51.5,10.82
2023-01-02,HDFC,21.2573,7.34,852685.3499999999,100,0,39.7,49.72000000000001,10.580000000000002
2023-01-03,HDFC,21.2683,7.321,852685.3499999999,100,0,39.7,49.72000000000001,10.580000000000002
2023-01-04,HDFC,21.2732,7.321,852685.3499999999,100,0,39.7,49.72000000000001,10.580000000000002
2023-01-05,HDFC,21.275,7.327,852685.3499999999,100,0,39.7,49.72000000000001,10.580000000000002
2023-01-06,HDFC,21.2769,7.373,852685.3499999999,100,0,39.7,49.72000000000001,10.580000000000002
2023-01-09,HDFC,21.2937,7.342,852685.3499999999,100,0,39.7,49.72000000000001,10.580000000000002
2023-01-10,HDFC,21.2965,7.313,852685.3499999999,100,0,39.7,49.72000000000001,10.580000000000002
2023-01-11,HDFC,21.3029,7.291,852685.3499999999,100,0,39.7,49.72000000000001,10.580000000000002
2023-01-12,HDFC,21.3129,7.286,852685.3499999999,100,0,39.7,49.72000000000001,10.580000000000002
2023-01-13,HDFC,21.3176,7.299,852685.3499999999,100,0,39.7,49.72000000000001,10.580000000000002
2023-01-16,HDFC,21.3254,7.327,852685.3499999999,100,0,39.7,49.72000000000001,10.580000000000002
2023-01-17,HDFC,21.3256,7.333,852685.3499999999,100,0,39.7,49.72000000000001,10.580000000000002
2023-01-18,HDFC,21.3339,7.325,852685.3499999999,100,0,39.7,49.72000000000001,10.580000000000002
2023-01-19,HDFC,21.3383,7.313,852685.3499999999,100,0,39.7,49.72000000000001,10.580000000000002
2023-01-20,HDFC,21.3356,7.347,852685.3499999999,100,0,39.7,49.72000000000001,10.580000000000002
2023-01-23,HDFC,21.347,7.352,852685.3499999999,100,0,39.7,49.72000000000001,10.580000000000002
2023-01-24,HDFC,21.3515,7.346,852685.3499999999,100,0,39.7,49.72000000000001,10.580000000000002
2023-01-25,HDFC,21.3615,7.347,852685.3499999999,100,0,39.7,49.72000000000001,10.580000000000002
2023-01-27,HDFC,21.3593,7.387,852685.3499999999,100,0,39.7,49.72000000000001,10.580000000000002
2023-01-30,HDFC,21.3623,7.401,852685.3499999999,100,0,39.7,49.72000000000001,10.580000000000002
2023-01-31,HDFC,21.3628,7.343,852685.3499999999,100,0,39.7,49.72000000000001,10.580000000000002
2023-02-01,HDFC,21.3799,7.277,843755.9699999999,100,0,38.82,49.9,11.28
2023-02-02,HDFC,21.3771,7.296,843755.9699999999,100,0,38.82,49.9,11.28
2023-02-03,HDFC,21.3801,7.277,843755.9699999999,100,0,38.82,49.9,11.28
2023-02-06,HDFC,21.3907,7.32,843755.9699999999,100,0,38.82,49.9,11.28
2023-02-07,HDFC,21.3971,7.309,843755.9699999999,100,0,38.82,49.9,11.28
2023-02-08,HDFC,21.3919,7.344,843755.9699999999,100,0,38.82,49.9,11.28
2023-02-09,HDFC,21.3896,7.344,843755.9699999999,100,0,38.82,49.9,11.28
2023-02-10,HDFC,21.3946,7.363,843755.9699999999,100,0,38.82,49.9,11.28
2023-02-13,HDFC,21.406,7.366,843755.9699999999,100,0,38.82,49.9,11.28
2023-02-14,HDFC,21.3913,7.371,843755.9699999999,100,0,38.82,49.9,11.28
2023-02-15,HDFC,21.3975,7.347,843755.9699999999,100,0,38.82,49.9,11.28
2023-02-16,HDFC,21.3992,7.342,843755.9699999999,100,0,38.82,49.9,11.28
2023-02-17,HDFC,21.3939,7.388,843755.9699999999,100,0,38.82,49.9,11.28
2023-02-20,HDFC,21.4108,7.37,843755.9699999999,100,0,38.82,49.9,11.28
2023-02-21,HDFC,21.4151,7.391,843755.9699999999,100,0,38.82,49.9,11.28
2023-02-22,HDFC,21.412,7.429,843755.9699999999,100,0,38.82,49.9,11.28
2023-02-23,HDFC,21.4191,7.391,843755.9699999999,100,0,38.82,49.9,11.28
2023-02-24,HDFC,21.4232,7.419,843755.9699999999,100,0,38.82,49.9,11.28
2023-02-27,HDFC,21.4262,7.448,843755.9699999999,100,0,38.82,49.9,11.28
2023-02-28,HDFC,21.4272,7.457,843755.9699999999,100,0,38.82,49.9,11.28
2023-03-01,HDFC,21.4317,7.434,848182.5299999999,100,0,33.0,51.36,15.64
2023-03-02,HDFC,21.4308,7.43,848182.5299999999,100,0,33.0,51.36,15.64
2023-03-03,HDFC,21.437,7.416,848182.5299999999,100,0,33.0,51.36,15.64
2023-03-06,HDFC,21.4444,7.418,848182.5299999999,100,0,33.0,51.36,15.64
2023-03-08,HDFC,21.4394,7.459,848182.5299999999,100,0,33.0,51.36,15.64
2023-03-09,HDFC,21.4423,7.441,848182.5299999999,100,0,33.0,51.36,15.64
2023-03-10,HDFC,21.4514,7.429,848182.5299999999,100,0,33.0,51.36,15.64
2023-03-13,HDFC,21.4798,7.365,848182.5299999999,100,0,33.0,51.36,15.64
2023-03-14,HDFC,21.4909,7.378,848182.5299999999,100,0,33.0,51.36,15.64
2023-03-15,HDFC,21.492,7.363,848182.5299999999,100,0,33.0,51.36,15.64
2023-03-16,HDFC,21.4991,7.352,848182.5299999999,100,0,33.0,51.36,15.64
2023-03-17,HDFC,21.5026,7.354,848182.5299999999,100,0,33.0,51.36,15.64
2023-03-20,HDFC,21.5233,7.334,848182.5299999999,100,0,33.0,51.36,15.64
2023-03-21,HDFC,21.5206,7.354,848182.5299999999,100,0,33.0,51.36,15.64
2023-03-23,HDFC,21.5335,7.345,848182.5299999999,100,0,33.0,51.36,15.64
2023-03-24,HDFC,21.5499,7.318,848182.5299999999,100,0,33.0,51.36,15.64
2023-03-27,HDFC,21.5574,7.312,848182.5299999999,100,0,33.0,51.36,15.64
2023-03-28,HDFC,21.5423,7.321,848182.5299999999,100,0,33.0,51.36,15.64
2023-03-29,HDFC,21.5615,7.296,848182.5299999999,100,0,33.0,51.36,15.64
2023-03-31,HDFC,21.5919,7.315,848182.5299999999,100,0,33.0,51.36,15.64
2023-04-03,HDFC,21.5998,7.315,857255.61,100,0,34.95,50.12,14.93
2023-04-05,HDFC,21.6246,7.273,857255.61,100,0,34.95,50.12,14.93
2023-04-06,HDFC,21.6616,7.219,857255.61,100,0,34.95,50.12,14.93
2023-04-10,HDFC,21.6825,7.227,857255.61,100,0,34.95,50.12,14.93
2023-04-11,HDFC,21.6833,7.224,857255.61,100,0,34.95,50.12,14.93
2023-04-12,HDFC,21.6955,7.213,857255.61,100,0,34.95,50.12,14.93
2023-04-13,HDFC,21.6995,7.229,857255.61,100,0,34.95,50.12,14.93
2023-04-17,HDFC,21.7183,7.247,857255.61,100,0,34.95,50.12,14.93
2023-04-18,HDFC,21.7254,7.221,857255.61,100,0,34.95,50.12,14.93
2023-04-19,HDFC,21.7315,7.227,857255.61,100,0,34.95,50.12,14.93
2023-04-20,HDFC,21.7384,7.22,857255.61,100,0,34.95,50.12,14.93
2023-04-21,HDFC,21.746,7.185,857255.61,100,0,34.95,50.12,14.93
2023-04-24,HDFC,21.7691,7.111,857255.61,100,0,34.95,50.12,14.93
2023-04-25,HDFC,21.7789,7.11,857255.61,100,0,34.95,50.12,14.93
2023-04-26,HDFC,21.7902,7.116,857255.61,100,0,34.95,50.12,14.93
2023-04-27,HDFC,21.793,7.097,857255.61,100,0,34.95,50.12,14.93
2023-04-28,HDFC,21.7975,7.116,857255.61,100,0,34.95,50.12,14.93
2023-05-02,HDFC,21.8161,7.106,855993.55,100,0,35.16,54.41,10.43
2023-05-03,HDFC,21.8328,7.011,855993.55,100,0,35.16,54.41,10.43
2023-05-04,HDFC,21.845,7.014,855993.55,100,0,35.16,54.41,10.43
2023-05-08,HDFC,21.855,7.047,855993.55,100,0,35.16,54.41,10.43
2023-05-09,HDFC,21.8566,7.046,855993.55,100,0,35.16,54.41,10.43
2023-05-10,HDFC,21.8556,7.036,855993.55,100,0,35.16,54.41,10.43
2023-05-11,HDFC,21.8629,7.023,855993.55,100,0,35.16,54.41,10.43
2023-05-12,HDFC,21.8746,6.995,855993.55,100,0,35.16,54.41,10.43
2023-05-15,HDFC,21.8883,7.001,855993.55,100,0,35.16,54.41,10.43
2023-05-16,HDFC,21.9012,6.963,855993.55,100,0,35.16,54.41,10.43
2023-05-17,HDFC,21.9187,6.972,855993.55,100,0,35.16,54.41,10.43
2023-05-18,HDFC,21.9258,6.983,855993.55,100,0,35.16,54.41,10.43
2023-05-19,HDFC,21.9332,7.004,855993.55,100,0,35.16,54.41,10.43
2023-05-22,HDFC,21.9591,6.985,855993.55,100,0,35.16,54.41,10.43
2023-05-23,HDFC,21.9535,7.016,855993.55,100,0,35.16,54.41,10.43
2023-05-24,HDFC,21.9603,6.99,855993.55,100,0,35.16,54.41,10.43
2023-05-25,HDFC,21.9602,7.007,855993.55,100,0,35.16,54.41,10.43
2023-05-26,HDFC,21.9594,7.003,855993.55,100,0,35.16,54.41,10.43
2023-05-29,HDFC,21.9648,7.024,855993.55,100,0,35.16,54.41,10.43
2023-05-30,HDFC,21.9597,7.011,855993.55,100,0,35.16,54.41,10.43
2023-05-31,HDFC,21.9704,6.989,855993.55,100,0,35.16,54.41,10.43
2023-06-01,HDFC,21.983,6.979,851383.2300000002,100,0,33.980000000000004,55.530000000000015,10.49
2023-06-02,HDFC,21.9934,6.984,851383.2300000002,100,0,33.980000000000004,55.530000000000015,10.49
2023-06-05,HDFC,21.9975,6.997,851383.2300000002,100,0,33.980000000000004,55.530000000000015,10.49
2023-06-06,HDFC,22.0046,6.977,851383.2300000002,100,0,33.980000000000004,55.530000000000015,10.49
2023-06-07,HDFC,22.0089,6.982,851383.2300000002,100,0,33.980000000000004,55.530000000000015,10.49
2023-06-08,HDFC,22.0037,7.021,851383.2300000002,100,0,33.980000000000004,55.530000000000015,10.49
2023-06-09,HDFC,21.9985,7.039,851383.2300000002,100,0,33.980000000000004,55.530000000000015,10.49
2023-06-12,HDFC,22.0108,7.016,851383.2300000002,100,0,33.980000000000004,55.530000000000015,10.49
2023-06-13,HDFC,22.0147,7.002,851383.2300000002,100,0,33.980000000000004,55.530000000000015,10.49
2023-06-14,HDFC,22.0141,7.011,851383.2300000002,100,0,33.980000000000004,55.530000000000015,10.49
2023-06-15,HDFC,22.0108,7.036,851383.2300000002,100,0,33.980000000000004,55.530000000000015,10.49
2023-06-16,HDFC,22.01,7.034,851383.2300000002,100,0,33.980000000000004,55.530000000000015,10.49
2023-06-19,HDFC,22.0201,7.053,851383.2300000002,100,0,33.980000000000004,55.530000000000015,10.49
2023-06-20,HDFC,22.0282,7.059,851383.2300000002,100,0,33.980000000000004,55.530000000000015,10.49
2023-06-21,HDFC,22.025,7.067,851383.2300000002,100,0,33.980000000000004,55.530000000000015,10.49
2023-06-22,HDFC,22.02,7.086,851383.2300000002,100,0,33.980000000000004,55.530000000000015,10.49
2023-06-23,HDFC,22.0258,7.074,851383.2300000002,100,0,33.980000000000004,55.530000000000015,10.49
2023-06-26,HDFC,22.0362,7.066,851383.2300000002,100,0,33.980000000000004,55.530000000000015,10.49
2023-06-27,HDFC,22.0359,7.063,851383.2300000002,100,0,33.980000000000004,55.530000000000015,10.49
2023-06-28,HDFC,22.0469,7.056,851383.2300000002,100,0,33.980000000000004,55.530000000000015,10.49
2023-06-30,HDFC,22.0471,7.11,851383.2300000002,100,0,33.980000000000004,55.530000000000015,10.49
2023-07-03,HDFC,22.0555,7.117,849199.7200000001,100,0,34.129999999999995,54.42,11.449999999999998
2023-07-04,HDFC,22.061,7.119,849199.7200000001,100,0,34.129999999999995,54.42,11.449999999999998
2023-07-05,HDFC,22.0645,7.105,849199.7200000001,100,0,34.129999999999995,54.42,11.449999999999998
2023-07-06,HDFC,22.0735,7.147,849199.7200000001,100,0,34.129999999999995,54.42,11.449999999999998
2023-07-07,HDFC,22.0743,7.159,849199.7200000001,100,0,34.129999999999995,54.42,11.449999999999998
2023-07-10,HDFC,22.0849,7.149,849199.7200000001,100,0,34.129999999999995,54.42,11.449999999999998
2023-07-11,HDFC,22.097,7.095,849199.7200000001,100,0,34.129999999999995,54.42,11.449999999999998
2023-07-12,HDFC,22.1003,7.118,849199.7200000001,100,0,34.129999999999995,54.42,11.449999999999998
2023-07-13,HDFC,22.1197,7.071,849199.7200000001,100,0,34.129999999999995,54.42,11.449999999999998
2023-07-14,HDFC,22.1247,7.089,849199.7200000001,100,0,34.129999999999995,54.42,11.449999999999998
2023-07-17,HDFC,22.144,7.074,849199.7200000001,100,0,34.129999999999995,54.42,11.449999999999998
2023-07-18,HDFC,22.1538,7.058,849199.7200000001,100,0,34.129999999999995,54.42,11.449999999999998
2023-07-19,HDFC,22.153,7.072,849199.7200000001,100,0,34.129999999999995,54.42,11.449999999999998
2023-07-20,HDFC,22.163,7.083,849199.7200000001,100,0,34.129999999999995,54.42,11.449999999999998
2023-07-21,HDFC,22.1641,7.087,849199.7200000001,100,0,34.129999999999995,54.42,11.449999999999998
2023-07-24,HDFC,22.1836,7.071,849199.7200000001,100,0,34.129999999999995,54.42,11.449999999999998
2023-07-25,HDFC,22.1721,7.1,849199.7200000001,100,0,34.129999999999995,54.42,11.449999999999998
2023-07-26,HDFC,22.1841,7.096,849199.7200000001,100,0,34.129999999999995,54.42,11.449999999999998
2023-07-27,HDFC,22.186,7.12,849199.7200000001,100,0,34.129999999999995,54.42,11.449999999999998
2023-07-28,HDFC,22.1779,7.161,849199.7200000001,100,0,34.129999999999995,54.42,11.449999999999998
2023-07-31,HDFC,22.1937,7.172,849199.7200000001,100,0,34.129999999999995,54.42,11.449999999999998
2023-08-01,HDFC,22.2021,7.156,844311.9599999998,100,0,34.37,52.45,13.18
2023-08-02,HDFC,22.211,7.154,844311.9599999998,100,0,34.37,52.45,13.18
2023-08-03,HDFC,22.2054,7.194,844311.9599999998,100,0,34.37,52.45,13.18
2023-08-04,HDFC,22.2032,7.193,844311.9599999998,100,0,34.37,52.45,13.18
2023-08-07,HDFC,22.2162,7.197,844311.9599999998,100,0,34.37,52.45,13.18
2023-08-08,HDFC,22.2219,7.168,844311.9599999998,100,0,34.37,52.45,13.18
2023-08-09,HDFC,22.2226,7.178,844311.9599999998,100,0,34.37,52.45,13.18
2023-08-10,HDFC,22.2252,7.154,844311.9599999998,100,0,34.37,52.45,13.18
2023-08-11,HDFC,22.2194,7.198,844311.9599999998,100,0,34.37,52.45,13.18
2023-08-14,HDFC,22.2308,7.209,844311.9599999998,100,0,34.37,52.45,13.18
2023-08-17,HDFC,22.2312,7.25,844311.9599999998,100,0,34.37,52.45,13.18
2023-08-18,HDFC,22.2377,7.214,844311.9599999998,100,0,34.37,52.45,13.18
2023-08-21,HDFC,22.2547,7.22,844311.9599999998,100,0,34.37,52.45,13.18
2023-08-22,HDFC,22.2592,7.218,844311.9599999998,100,0,34.37,52.45,13.18
2023-08-23,HDFC,22.2698,7.194,844311.9599999998,100,0,34.37,52.45,13.18
2023-08-24,HDFC,22.2759,7.193,844311.9599999998,100,0,34.37,52.45,13.18
2023-08-25,HDFC,22.2828,7.206,844311.9599999998,100,0,34.37,52.45,13.18
2023-08-28,HDFC,22.2982,7.178,844311.9599999998,100,0,34.37,52.45,13.18
2023-08-29,HDFC,22.3056,7.18,844311.9599999998,100,0,34.37,52.45,13.18
2023-08-30,HDFC,22.3106,7.185,844311.9599999998,100,0,34.37,52.45,13.18
2023-08-31,HDFC,22.3169,7.166,844311.9599999998,100,0,34.37,52.45,13.18
2023-09-01,HDFC,22.3211,7.175,835593.2499999995,100,0,39.88,51.31,8.809999999999999
2023-09-04,HDFC,22.3315,7.204,835593.2499999995,100,0,39.88,51.31,8.809999999999999
2023-09-05,HDFC,22.3342,7.206,835593.2499999995,100,0,39.88,51.31,8.809999999999999
2023-09-06,HDFC,22.333,7.21,835593.2499999995,100,0,39.88,51.31,8.809999999999999
2023-09-07,HDFC,22.3415,7.173,835593.2499999995,100,0,39.88,51.31,8.809999999999999
2023-09-08,HDFC,22.3435,7.199,835593.2499999995,100,0,39.88,51.31,8.809999999999999
2023-09-11,HDFC,22.3471,7.209,835593.2499999995,100,0,39.88,51.31,8.809999999999999
2023-09-12,HDFC,22.3464,7.203,835593.2499999995,100,0,39.88,51.31,8.809999999999999
2023-09-13,HDFC,22.3578,7.172,835593.2499999995,100,0,39.88,51.31,8.809999999999999
2023-09-14,HDFC,22.3746,7.101,835593.2499999995,100,0,39.88,51.31,8.809999999999999
2023-09-15,HDFC,22.3665,7.158,835593.2499999995,100,0,39.88,51.31,8.809999999999999
2023-09-18,HDFC,22.3789,7.149,835593.2499999995,100,0,39.88,51.31,8.809999999999999
2023-09-20,HDFC,22.3885,7.153,835593.2499999995,100,0,39.88,51.31,8.809999999999999
2023-09-21,HDFC,22.3921,7.136,835593.2499999995,100,0,39.88,51.31,8.809999999999999
2023-09-22,HDFC,22.3964,7.15,835593.2499999995,100,0,39.88,51.31,8.809999999999999
2023-09-25,HDFC,22.4017,7.15,835593.2499999995,100,0,39.88,51.31,8.809999999999999
2023-09-26,HDFC,22.4063,7.146,835593.2499999995,100,0,39.88,51.31,8.809999999999999
2023-09-27,HDFC,22.4087,7.173,835593.2499999995,100,0,39.88,51.31,8.809999999999999
2023-09-29,HDFC,22.4027,7.21,835593.2499999995,100,0,39.88,51.31,8.809999999999999
2023-09-30,HDFC,22.407,7.21,835593.2499999995,100,0,39.88,51.31,8.809999999999999
2023-10-03,HDFC,22.4143,7.235,830197.9100000003,100,0,40.33,49.97,9.7
2023-10-04,HDFC,22.416,7.238,830197.9100000003,100,0,40.33,49.97,9.7
2023-10-05,HDFC,22.4299,7.214,830197.9100000003,100,0,40.33,49.97,9.7
2023-10-06,HDFC,22.3971,7.339,830197.9100000003,100,0,40.33,49.97,9.7
2023-10-09,HDFC,22.3939,7.386,830197.9100000003,100,0,40.33,49.97,9.7
2023-10-10,HDFC,22.3979,7.351,830197.9100000003,100,0,40.33,49.97,9.7
2023-10-11,HDFC,22.4131,7.307,830197.9100000003,100,0,40.33,49.97,9.7
2023-10-12,HDFC,22.4211,7.302,830197.9100000003,100,0,40.33,49.97,9.7
2023-10-13,HDFC,22.4245,7.32,830197.9100000003,100,0,40.33,49.97,9.7
2023-10-16,HDFC,22.4363,7.333,830197.9100000003,100,0,40.33,49.97,9.7
2023-10-17,HDFC,22.4401,7.328,830197.9100000003,100,0,40.33,49.97,9.7
2023-10-18,HDFC,22.443,7.353,830197.9100000003,100,0,40.33,49.97,9.7
2023-10-19,HDFC,22.4414,7.369,830197.9100000003,100,0,40.33,49.97,9.7
2023-10-20,HDFC,22.4434,7.365,830197.9100000003,100,0,40.33,49.97,9.7
2023-10-23,HDFC,22.4544,7.382,830197.9100000003,100,0,40.33,49.97,9.7
2023-10-25,HDFC,22.47,7.343,830197.9100000003,100,0,40.33,49.97,9.7
2023-10-26,HDFC,22.4708,7.366,830197.9100000003,100,0,40.33,49.97,9.7
2023-10-27,HDFC,22.4776,7.351,830197.9100000003,100,0,40.33,49.97,9.7
2023-10-30,HDFC,22.4881,7.369,830197.9100000003,100,0,40.33,49.97,9.7
2023-10-31,HDFC,22.4918,7.351,830197.9100000003,100,0,40.33,49.97,9.7
2023-11-01,HDFC,22.4937,7.358,828220.3499999999,100,0,40.13999999999999,51.6,8.259999999999998
2023-11-02,HDFC,22.5062,7.322,828220.3499999999,100,0,40.13999999999999,51.6,8.259999999999998
2023-11-03,HDFC,22.5185,7.317,828220.3499999999,100,0,40.13999999999999,51.6,8.259999999999998
2023-11-06,HDFC,22.5364,7.305,828220.3499999999,100,0,40.13999999999999,51.6,8.259999999999998
2023-11-07,HDFC,22.5431,7.28,828220.3499999999,100,0,40.13999999999999,51.6,8.259999999999998
2023-11-08,HDFC,22.5534,7.266,828220.3499999999,100,0,40.13999999999999,51.6,8.259999999999998
2023-11-09,HDFC,22.5587,7.269,828220.3499999999,100,0,40.13999999999999,51.6,8.259999999999998
2023-11-10,HDFC,22.5573,7.3,828220.3499999999,100,0,40.13999999999999,51.6,8.259999999999998
2023-11-13,HDFC,22.5775,7.283,828220.3499999999,100,0,40.13999999999999,51.6,8.259999999999998
2023-11-15,HDFC,22.5916,7.225,828220.3499999999,100,0,40.13999999999999,51.6,8.259999999999998
2023-11-16,HDFC,22.5986,7.232,828220.3499999999,100,0,40.13999999999999,51.6,8.259999999999998
2023-11-17,HDFC,22.6043,7.212,828220.3499999999,100,0,40.13999999999999,51.6,8.259999999999998
2023-11-20,HDFC,22.6129,7.252,828220.3499999999,100,0,40.13999999999999,51.6,8.259999999999998
2023-11-21,HDFC,22.6053,7.269,828220.3499999999,100,0,40.13999999999999,51.6,8.259999999999998
2023-11-22,HDFC,22.6094,7.247,828220.3499999999,100,0,40.13999999999999,51.6,8.259999999999998
2023-11-23,HDFC,22.6142,7.253,828220.3499999999,100,0,40.13999999999999,51.6,8.259999999999998
2023-11-24,HDFC,22.6099,7.272,828220.3499999999,100,0,40.13999999999999,51.6,8.259999999999998
2023-11-28,HDFC,22.6311,7.273,828220.3499999999,100,0,40.13999999999999,51.6,8.259999999999998
2023-11-29,HDFC,22.6324,7.252,828220.3499999999,100,0,40.13999999999999,51.6,8.259999999999998
2023-11-30,HDFC,22.6304,7.279,828220.3499999999,100,0,40.13999999999999,51.6,8.259999999999998
2023-12-01,HDFC,22.6311,7.29,823938.3999999998,100,0,32.87,54.78,12.35
2023-12-04,HDFC,22.6482,7.271,823938.3999999998,100,0,32.87,54.78,12.35
2023-12-05,HDFC,22.65,7.262,823938.3999999998,100,0,32.87,54.78,12.35
2023-12-06,HDFC,22.6554,7.248,823938.3999999998,100,0,32.87,54.78,12.35
2023-12-07,HDFC,22.6642,7.236,823938.3999999998,100,0,32.87,54.78,12.35
2023-12-08,HDFC,22.6682,7.266,823938.3999999998,100,0,32.87,54.78,12.35
2023-12-11,HDFC,22.6791,7.281,823938.3999999998,100,0,32.87,54.78,12.35
2023-12-12,HDFC,22.6791,7.275,823938.3999999998,100,0,32.87,54.78,12.35
2023-12-13,HDFC,22.6824,7.259,823938.3999999998,100,0,32.87,54.78,12.35
2023-12-14,HDFC,22.7001,7.194,823938.3999999998,100,0,32.87,54.78,12.35
2023-12-15,HDFC,22.719,7.163,823938.3999999998,100,0,32.87,54.78,12.35
2023-12-18,HDFC,22.7343,7.153,823938.3999999998,100,0,32.87,54.78,12.35
2023-12-19,HDFC,22.7363,7.171,823938.3999999998,100,0,32.87,54.78,12.35
2023-12-20,HDFC,22.7679,7.171,823938.3999999998,100,0,32.87,54.78,12.35
2023-12-21,HDFC,22.7654,7.184,823938.3999999998,100,0,32.87,54.78,12.35
2023-12-22,HDFC,22.7615,7.188,823938.3999999998,100,0,32.87,54.78,12.35
2023-12-26,HDFC,22.7873,7.183,823938.3999999998,100,0,32.87,54.78,12.35
2023-12-27,HDFC,22.7845,7.205,823938.3999999998,100,0,32.87,54.78,12.35
2023-12-28,HDFC,22.7797,7.207,823938.3999999998,100,0,32.87,54.78,12.35
2023-12-29,HDFC,22.7898,7.176,823938.3999999998,100,0,32.87,54.78,12.35
2024-01-01,HDFC,22.8103,7.196,824543.9099999999,100,0,33.49999999999999,55.27,11.23
2024-01-02,HDFC,22.8182,7.206,824543.9099999999,100,0,33.49999999999999,55.27,11.23
2024-01-03,HDFC,22.8318,7.216,824543.9099999999,100,0,33.49999999999999,55.27,11.23
2024-01-04,HDFC,22.8344,7.22,824543.9099999999,100,0,33.49999999999999,55.27,11.23
2024-01-05,HDFC,22.8377,7.235,824543.9099999999,100,0,33.49999999999999,55.27,11.23
2024-01-08,HDFC,22.8491,7.203,824543.9099999999,100,0,33.49999999999999,55.27,11.23
2024-01-09,HDFC,22.8637,7.189,824543.9099999999,100,0,33.49999999999999,55.27,11.23
2024-01-10,HDFC,22.883,7.178,824543.9099999999,100,0,33.49999999999999,55.27,11.23
2024-01-11,HDFC,22.9018,7.165,824543.9099999999,100,0,33.49999999999999,55.27,11.23
2024-01-12,HDFC,22.9095,7.178,824543.9099999999,100,0,33.49999999999999,55.27,11.23
2024-01-15,HDFC,22.9264,7.148,824543.9099999999,100,0,33.49999999999999,55.27,11.23
2024-01-16,HDFC,22.9311,7.146,824543.9099999999,100,0,33.49999999999999,55.27,11.23
2024-01-17,HDFC,22.936,7.163,824543.9099999999,100,0,33.49999999999999,55.27,11.23
2024-01-18,HDFC,22.9427,7.178,824543.9099999999,100,0,33.49999999999999,55.27,11.23
2024-01-19,HDFC,22.9363,7.184,824543.9099999999,100,0,33.49999999999999,55.27,11.23
2024-01-23,HDFC,22.9602,7.174,824543.9099999999,100,0,33.49999999999999,55.27,11.23
2024-01-24,HDFC,22.9641,7.181,824543.9099999999,100,0,33.49999999999999,55.27,11.23
2024-01-25,HDFC,22.9493,7.171,824543.9099999999,100,0,33.49999999999999,55.27,11.23
2024-01-29,HDFC,22.9796,7.171,824543.9099999999,100,0,33.49999999999999,55.27,11.23
2024-01-30,HDFC,22.9793,7.155,824543.9099999999,100,0,33.49999999999999,55.27,11.23
2024-01-31,HDFC,22.9968,7.144,824543.9099999999,100,0,33.49999999999999,55.27,11.23
2024-02-01,HDFC,23.0295,7.064,819140.1000000003,100,0,30.14,56.67,13.19
2024-02-02,HDFC,23.0488,7.05,819140.1000000003,100,0,30.14,56.67,13.19
2024-02-05,HDFC,23.0496,7.091,819140.1000000003,100,0,30.14,56.67,13.19
2024-02-06,HDFC,23.0499,7.092,819140.1000000003,100,0,30.14,56.67,13.19
2024-02-07,HDFC,23.0547,7.074,819140.1000000003,100,0,30.14,56.67,13.19
2024-02-08,HDFC,23.0595,7.082,819140.1000000003,100,0,30.14,56.67,13.19
2024-02-09,HDFC,23.0566,7.114,819140.1000000003,100,0,30.14,56.67,13.19
2024-02-12,HDFC,23.0682,7.097,819140.1000000003,100,0,30.14,56.67,13.19
2024-02-13,HDFC,23.0804,7.097,819140.1000000003,100,0,30.14,56.67,13.19
2024-02-14,HDFC,23.0892,7.114,819140.1000000003,100,0,30.14,56.67,13.19
2024-02-15,HDFC,23.1004,7.085,819140.1000000003,100,0,30.14,56.67,13.19
2024-02-16,HDFC,23.1033,7.099,819140.1000000003,100,0,30.14,56.67,13.19
2024-02-20,HDFC,23.1285,7.062,819140.1000000003,100,0,30.14,56.67,13.19
2024-02-21,HDFC,23.1188,7.045,819140.1000000003,100,0,30.14,56.67,13.19
2024-02-22,HDFC,23.115,7.062,819140.1000000003,100,0,30.14,56.67,13.19
2024-02-23,HDFC,23.134,7.077,819140.1000000003,100,0,30.14,56.67,13.19
2024-02-26,HDFC,23.1603,7.063,819140.1000000003,100,0,30.14,56.67,13.19
2024-02-27,HDFC,23.1591,7.068,819140.1000000003,100,0,30.14,56.67,13.19
2024-02-28,HDFC,23.1611,7.065,819140.1000000003,100,0,30.14,56.67,13.19
2024-02-29,HDFC,23.1771,7.078,819140.1000000003,100,0,30.14,56.67,13.19
2024-03-01,HDFC,23.1915,7.06,816748.3900000002,100,0,31.81,56.55,11.64
2024-03-04,HDFC,23.2002,7.06,816748.3900000002,100,0,31.81,56.55,11.64
2024-03-05,HDFC,23.2231,7.057,816748.3900000002,100,0,31.81,56.55,11.64
2024-03-06,HDFC,23.2183,7.054,816748.3900000002,100,0,31.81,56.55,11.64
2024-03-07,HDFC,23.2335,7.031,816748.3900000002,100,0,31.81,56.55,11.64
2024-03-11,HDFC,23.2616,7.014,816748.3900000002,100,0,31.81,56.55,11.64
2024-03-12,HDFC,23.2666,7.026,816748.3900000002,100,0,31.81,56.55,11.64
2024-03-13,HDFC,23.2812,7.039,816748.3900000002,100,0,31.81,56.55,11.64
2024-03-14,HDFC,23.2879,7.041,816748.3900000002,100,0,31.81,56.55,11.64
2024-03-15,HDFC,23.3076,7.062,816748.3900000002,100,0,31.81,56.55,11.64
2024-03-18,HDFC,23.3013,7.087,816748.3900000002,100,0,31.81,56.55,11.64
2024-03-19,HDFC,23.304,7.095,816748.3900000002,100,0,31.81,56.55,11.64
2024-03-20,HDFC,23.2871,7.097,816748.3900000002,100,0,31.81,56.55,11.64
2024-03-21,HDFC,23.3111,7.05,816748.3900000002,100,0,31.81,56.55,11.64
2024-03-22,HDFC,23.3156,7.087,816748.3900000002,100,0,31.81,56.55,11.64
2024-03-26,HDFC,23.3313,7.089,816748.3900000002,100,0,31.81,56.55,11.64
2024-03-27,HDFC,23.3399,7.072,816748.3900000002,100,0,31.81,56.55,11.64
2024-03-28,HDFC,23.3538,7.052,816748.3900000002,100,0,31.81,56.55,11.64
2024-03-31,HDFC,23.3667,7.052,816748.3900000002,100,0,31.81,56.55,11.64
2024-04-02,HDFC,23.3734,7.108,809219.9000000001,100,0,33.08,55.5,11.42
2024-04-03,HDFC,23.3778,7.104,809219.9000000001,100,0,33.08,55.5,11.42
2024-04-04,HDFC,23.3918,7.094,809219.9000000001,100,0,33.08,55.5,11.42
2024-04-05,HDFC,23.3922,7.117,809219.9000000001,100,0,33.08,55.5,11.42
2024-04-08,HDFC,23.3888,7.154,809219.9000000001,100,0,33.08,55.5,11.42
2024-04-10,HDFC,23.386,7.116,809219.9000000001,100,0,33.08,55.5,11.42
2024-04-12,HDFC,23.3667,7.179,809219.9000000001,100,0,33.08,55.5,11.42
2024-04-15,HDFC,23.3735,7.175,809219.9000000001,100,0,33.08,55.5,11.42
2024-04-16,HDFC,23.3646,7.193,809219.9000000001,100,0,33.08,55.5,11.42
2024-04-18,HDFC,23.4003,7.18,809219.9000000001,100,0,33.08,55.5,11.42
2024-04-19,HDFC,23.3926,7.225,809219.9000000001,100,0,33.08,55.5,11.42
2024-04-22,HDFC,23.4054,7.192,809219.9000000001,100,0,33.08,55.5,11.42
2024-04-23,HDFC,23.424,7.167,809219.9000000001,100,0,33.08,55.5,11.42
2024-04-24,HDFC,23.434,7.186,809219.9000000001,100,0,33.08,55.5,11.42
2024-04-25,HDFC,23.4417,7.204,809219.9000000001,100,0,33.08,55.5,11.42
2024-04-26,HDFC,23.4289,7.199,809219.9000000001,100,0,33.08,55.5,11.42
2024-04-29,HDFC,23.429,7.196,809219.9000000001,100,0,33.08,55.5,11.42
2024-04-30,HDFC,23.4381,7.195,809219.9000000001,100,0,33.08,55.5,11.42
2024-05-02,HDFC,23.4454,7.162,798005.4100000001,100,0,31.77,56.08,12.15
2024-05-03,HDFC,23.4461,7.149,798005.4100000001,100,0,31.77,56.08,12.15
2024-05-06,HDFC,23.4592,7.108,798005.4100000001,100,0,31.77,56.08,12.15
2024-05-07,HDFC,23.4656,7.129,798005.4100000001,100,0,31.77,56.08,12.15
2024-05-08,HDFC,23.4794,7.138,798005.4100000001,100,0,31.77,56.08,12.15
2024-05-09,HDFC,23.485,7.135,798005.4100000001,100,0,31.77,56.08,12.15
2024-05-10,HDFC,23.4921,7.127,798005.4100000001,100,0,31.77,56.08,12.15
2024-05-13,HDFC,23.4944,7.116,798005.4100000001,100,0,31.77,56.08,12.15
2024-05-14,HDFC,23.5044,7.109,798005.4100000001,100,0,31.77,56.08,12.15
2024-05-15,HDFC,23.5045,7.086,798005.4100000001,100,0,31.77,56.08,12.15
2024-05-16,HDFC,23.5199,7.076,798005.4100000001,100,0,31.77,56.08,12.15
2024-05-17,HDFC,23.5109,7.095,798005.4100000001,100,0,31.77,56.08,12.15
2024-05-21,HDFC,23.5478,7.078,798005.4100000001,100,0,31.77,56.08,12.15
2024-05-22,HDFC,23.5469,6.997,798005.4100000001,100,0,31.77,56.08,12.15
2024-05-24,HDFC,23.5622,6.998,798005.4100000001,100,0,31.77,56.08,12.15
2024-05-27,HDFC,23.5751,6.981,798005.4100000001,100,0,31.77,56.08,12.15
2024-05-28,HDFC,23.5777,6.995,798005.4100000001,100,0,31.77,56.08,12.15
2024-05-29,HDFC,23.59,7.008,798005.4100000001,100,0,31.77,56.08,12.15
2024-05-30,HDFC,23.6025,7.003,798005.4100000001,100,0,31.77,56.08,12.15
2024-05-31,HDFC,23.6241,6.986,798005.4100000001,100,0,31.77,56.08,12.15
2024-06-03,HDFC,23.656,6.947,785926.5000000003,100,0,30.94,59.59,9.47
2024-06-04,HDFC,23.6036,7.033,785926.5000000003,100,0,30.94,59.59,9.47
2024-06-05,HDFC,23.6209,7.026,785926.5000000003,100,0,30.94,59.59,9.47
2024-06-06,HDFC,23.6392,7.015,785926.5000000003,100,0,30.94,59.59,9.47
2024-06-07,HDFC,23.6422,7.018,785926.5000000003,100,0,30.94,59.59,9.47
2024-06-10,HDFC,23.6622,7.032,785926.5000000003,100,0,30.94,59.59,9.47
2024-06-11,HDFC,23.6786,7.014,785926.5000000003,100,0,30.94,59.59,9.47
2024-06-12,HDFC,23.6926,7.012,785926.5000000003,100,0,30.94,59.59,9.47
2024-06-13,HDFC,23.7032,6.986,785926.5000000003,100,0,30.94,59.59,9.47
2024-06-14,HDFC,23.7124,6.984,785926.5000000003,100,0,30.94,59.59,9.47
2024-06-18,HDFC,23.7246,6.981,785926.5000000003,100,0,30.94,59.59,9.47
2024-06-19,HDFC,23.7271,6.974,785926.5000000003,100,0,30.94,59.59,9.47
2024-06-20,HDFC,23.7361,6.976,785926.5000000003,100,0,30.94,59.59,9.47
2024-06-21,HDFC,23.7411,6.973,785926.5000000003,100,0,30.94,59.59,9.47
2024-06-24,HDFC,23.7366,6.971,785926.5000000003,100,0,30.94,59.59,9.47
2024-06-25,HDFC,23.7512,6.983,785926.5000000003,100,0,30.94,59.59,9.47
2024-06-26,HDFC,23.7503,6.997,785926.5000000003,100,0,30.94,59.59,9.47
2024-06-27,HDFC,23.7461,7.0,785926.5000000003,100,0,30.94,59.59,9.47
2024-06-28,HDFC,23.7522,7.008,785926.5000000003,100,0,30.94,59.59,9.47
2024-07-01,HDFC,23.7716,7.013,774307.2599999999,100,0,28.35,60.24,11.41
2024-07-02,HDFC,23.7759,7.009,774307.2599999999,100,0,28.35,60.24,11.41
2024-07-03,HDFC,23.7842,7.001,774307.2599999999,100,0,28.35,60.24,11.41
2024-07-04,HDFC,23.7955,6.998,774307.2599999999,100,0,28.35,60.24,11.41
2024-07-05,HDFC,23.7992,6.993,774307.2599999999,100,0,28.35,60.24,11.41
2024-07-08,HDFC,23.8125,6.989,774307.2599999999,100,0,28.35,60.24,11.41
2024-07-09,HDFC,23.822,6.989,774307.2599999999,100,0,28.35,60.24,11.41
2024-07-10,HDFC,23.8332,6.976,774307.2599999999,100,0,28.35,60.24,11.41
2024-07-11,HDFC,23.8415,6.982,774307.2599999999,100,0,28.35,60.24,11.41
2024-07-12,HDFC,23.8543,6.986,774307.2599999999,100,0,28.35,60.24,11.41
2024-07-15,HDFC,23.8665,6.981,774307.2599999999,100,0,28.35,60.24,11.41
2024-07-16,HDFC,23.8749,6.966,774307.2599999999,100,0,28.35,60.24,11.41
2024-07-18,HDFC,23.8884,6.966,774307.2599999999,100,0,28.35,60.24,11.41
2024-07-19,HDFC,23.897,6.965,774307.2599999999,100,0,28.35,60.24,11.41
2024-07-22,HDFC,23.9112,6.967,774307.2599999999,100,0,28.35,60.24,11.41
2024-07-23,HDFC,23.9238,6.97,774307.2599999999,100,0,28.35,60.24,11.41
2024-07-24,HDFC,23.9246,6.964,774307.2599999999,100,0,28.35,60.24,11.41
2024-07-25,HDFC,23.9433,6.952,774307.2599999999,100,0,28.35,60.24,11.41
2024-07-26,HDFC,23.9611,6.94,774307.2599999999,100,0,28.35,60.24,11.41
2024-07-29,HDFC,23.978,6.919,774307.2599999999,100,0,28.35,60.24,11.41
2024-07-30,HDFC,23.9833,6.931,774307.2599999999,100,0,28.35,60.24,11.41
2024-07-31,HDFC,23.9672,6.924,774307.2599999999,100,0,28.35,60.24,11.41
2024-08-01,HDFC,23.998,6.916,766917.5600000003,100,0,25.83,62.87,11.3
2024-08-02,HDFC,24.0051,6.9,766917.5600000003,100,0,25.83,62.87,11.3
2024-08-05,HDFC,24.0289,6.86,766917.5600000003,100,0,25.83,62.87,11.3
2024-08-06,HDFC,24.0432,6.872,766917.5600000003,100,0,25.83,62.87,11.3
2024-08-07,HDFC,24.0417,6.862,766917.5600000003,100,0,25.83,62.87,11.3
2024-08-08,HDFC,24.0461,6.877,766917.5600000003,100,0,25.83,62.87,11.3
2024-08-09,HDFC,24.0598,6.88,766917.5600000003,100,0,25.83,62.87,11.3
2024-08-12,HDFC,24.0864,6.879,766917.5600000003,100,0,25.83,62.87,11.3
2024-08-13,HDFC,24.0901,6.88,766917.5600000003,100,0,25.83,62.87,11.3
2024-08-14,HDFC,24.1089,6.858,766917.5600000003,100,0,25.83,62.87,11.3
2024-08-16,HDFC,24.1254,6.867,766917.5600000003,100,0,25.83,62.87,11.3
2024-08-19,HDFC,24.1434,6.864,766917.5600000003,100,0,25.83,62.87,11.3
2024-08-20,HDFC,24.1255,6.856,766917.5600000003,100,0,25.83,62.87,11.3
2024-08-21,HDFC,24.1464,6.853,766917.5600000003,100,0,25.83,62.87,11.3
2024-08-22,HDFC,24.1493,6.852,766917.5600000003,100,0,25.83,62.87,11.3
2024-08-23,HDFC,24.1493,6.859,766917.5600000003,100,0,25.83,62.87,11.3
2024-08-26,HDFC,24.1534,6.851,766917.5600000003,100,0,25.83,62.87,11.3
2024-08-27,HDFC,24.1634,6.861,766917.5600000003,100,0,25.83,62.87,11.3
2024-08-28,HDFC,24.1796,6.861,766917.5600000003,100,0,25.83,62.87,11.3
2024-08-29,HDFC,24.1947,6.864,766917.5600000003,100,0,25.83,62.87,11.3
2024-08-30,HDFC,24.2201,6.863,766917.5600000003,100,0,25.83,62.87,11.3
2024-09-02,HDFC,24.2271,6.876,752636.0700000002,100,0,24.44,64.35,11.21
2024-09-03,HDFC,24.2311,6.87,752636.0700000002,100,0,24.44,64.35,11.21
2024-09-04,HDFC,24.2474,6.859,752636.0700000002,100,0,24.44,64.35,11.21
2024-09-05,HDFC,24.2536,6.855,752636.0700000002,100,0,24.44,64.35,11.21
2024-09-06,HDFC,24.2594,6.854,752636.0700000002,100,0,24.44,64.35,11.21
2024-09-09,HDFC,24.2822,6.854,752636.0700000002,100,0,24.44,64.35,11.21
2024-09-10,HDFC,24.2856,6.851,752636.0700000002,100,0,24.44,64.35,11.21
2024-09-11,HDFC,24.3043,6.83,752636.0700000002,100,0,24.44,64.35,11.21
2024-09-12,HDFC,24.3076,6.811,752636.0700000002,100,0,24.44,64.35,11.21
2024-09-13,HDFC,24.3125,6.792,752636.0700000002,100,0,24.44,64.35,11.21
2024-09-16,HDFC,24.3401,6.762,752636.0700000002,100,0,24.44,64.35,11.21
2024-09-17,HDFC,24.3367,6.779,752636.0700000002,100,0,24.44,64.35,11.21
2024-09-19,HDFC,24.3596,6.758,752636.0700000002,100,0,24.44,64.35,11.21
2024-09-20,HDFC,24.36,6.761,752636.0700000002,100,0,24.44,64.35,11.21
2024-09-23,HDFC,24.3744,6.767,752636.0700000002,100,0,24.44,64.35,11.21
2024-09-24,HDFC,24.3901,6.761,752636.0700000002,100,0,24.44,64.35,11.21
2024-09-25,HDFC,24.3939,6.738,752636.0700000002,100,0,24.44,64.35,11.21
2024-09-26,HDFC,24.4304,6.718,752636.0700000002,100,0,24.44,64.35,11.21
2024-09-27,HDFC,24.4057,6.759,752636.0700000002,100,0,24.44,64.35,11.21
2024-09-30,HDFC,24.4287,6.75,752636.0700000002,100,0,24.44,64.35,11.21
2024-10-01,HDFC,24.4347,6.732,746114.4800000002,100,0,24.8,59.9,15.3
2024-10-03,HDFC,24.4451,6.777,746114.4800000002,100,0,24.8,59.9,15.3
2024-10-04,HDFC,24.4402,6.829,746114.4800000002,100,0,24.8,59.9,15.3
2024-10-07,HDFC,24.4446,6.846,746114.4800000002,100,0,24.8,59.9,15.3
2024-10-08,HDFC,24.4558,6.806,746114.4800000002,100,0,24.8,59.9,15.3
2024-10-09,HDFC,24.4674,6.766,746114.4800000002,100,0,24.8,59.9,15.3
2024-10-10,HDFC,24.4798,6.776,746114.4800000002,100,0,24.8,59.9,15.3
2024-10-11,HDFC,24.4789,6.788,746114.4800000002,100,0,24.8,59.9,15.3
2024-10-14,HDFC,24.5016,6.782,746114.4800000002,100,0,24.8,59.9,15.3
2024-10-15,HDFC,24.5093,6.769,746114.4800000002,100,0,24.8,59.9,15.3
2024-10-16,HDFC,24.5111,6.773,746114.4800000002,100,0,24.8,59.9,15.3
2024-10-17,HDFC,24.5108,6.784,746114.4800000002,100,0,24.8,59.9,15.3
2024-10-18,HDFC,24.5134,6.809,746114.4800000002,100,0,24.8,59.9,15.3
2024-10-21,HDFC,24.5216,6.837,746114.4800000002,100,0,24.8,59.9,15.3
2024-10-22,HDFC,24.5152,6.832,746114.4800000002,100,0,24.8,59.9,15.3
2024-10-23,HDFC,24.5258,6.818,746114.4800000002,100,0,24.8,59.9,15.3
2024-10-24,HDFC,24.5274,6.822,746114.4800000002,100,0,24.8,59.9,15.3
2024-10-25,HDFC,24.5387,6.845,746114.4800000002,100,0,24.8,59.9,15.3
2024-10-28,HDFC,24.5543,6.861,746114.4800000002,100,0,24.8,59.9,15.3
2024-10-29,HDFC,24.5866,6.847,746114.4800000002,100,0,24.8,59.9,15.3
2024-10-30,HDFC,24.588,6.827,746114.4800000002,100,0,24.8,59.9,15.3
2024-10-31,HDFC,24.5918,6.841,746114.4800000002,100,0,24.8,59.9,15.3
2024-11-04,HDFC,24.6238,6.797,740424.7000000001,100,0,26.23,58.34,15.43
2024-11-05,HDFC,24.6117,6.799,740424.7000000001,100,0,26.23,58.34,15.43
2024-11-06,HDFC,24.6117,6.798,740424.7000000001,100,0,26.23,58.34,15.43
2024-11-07,HDFC,24.6185,6.796,740424.7000000001,100,0,26.23,58.34,15.43
2024-11-08,HDFC,24.6347,6.774,740424.7000000001,100,0,26.23,58.34,15.43
2024-11-11,HDFC,24.6486,6.785,740424.7000000001,100,0,26.23,58.34,15.43
2024-11-12,HDFC,24.6439,6.795,740424.7000000001,100,0,26.23,58.34,15.43
2024-11-13,HDFC,24.6266,6.804,740424.7000000001,100,0,26.23,58.34,15.43
2024-11-14,HDFC,24.6302,6.827,740424.7000000001,100,0,26.23,58.34,15.43
2024-11-18,HDFC,24.6423,6.821,740424.7000000001,100,0,26.23,58.34,15.43
2024-11-19,HDFC,24.6472,6.811,740424.7000000001,100,0,26.23,58.34,15.43
2024-11-21,HDFC,24.6404,6.831,740424.7000000001,100,0,26.23,58.34,15.43
2024-11-22,HDFC,24.6433,6.85,740424.7000000001,100,0,26.23,58.34,15.43
2024-11-25,HDFC,24.6641,6.822,740424.7000000001,100,0,26.23,58.34,15.43
2024-11-26,HDFC,24.6676,6.827,740424.7000000001,100,0,26.23,58.34,15.43
2024-11-27,HDFC,24.6765,6.812,740424.7000000001,100,0,26.23,58.34,15.43
2024-11-28,HDFC,24.678,6.805,740424.7000000001,100,0,26.23,58.34,15.43
2024-11-29,HDFC,24.6932,6.751,740424.7000000001,100,0,26.23,58.34,15.43
2024-12-02,HDFC,24.7223,6.71,734444.39,100,0,27.50851191668336,57.7208091327859,14.770678950530742
2024-12-03,HDFC,24.7251,6.714,734444.39,100,0,27.50851191668336,57.7208091327859,14.770678950530742
2024-12-04,HDFC,24.7354,6.686,734444.39,100,0,27.50851191668336,57.7208091327859,14.770678950530742
2024-12-05,HDFC,24.7574,6.68,734444.39,100,0,27.50851191668336,57.7208091327859,14.770678950530742
2024-12-06,HDFC,24.7446,6.74,734444.39,100,0,27.50851191668336,57.7208091327859,14.770678950530742
2024-12-09,HDFC,24.7537,6.717,734444.39,100,0,27.50851191668336,57.7208091327859,14.770678950530742
2024-12-10,HDFC,24.7661,6.705,734444.39,100,0,27.50851191668336,57.7208091327859,14.770678950530742
2024-12-11,HDFC,24.7643,6.718,734444.39,100,0,27.50851191668336,57.7208091327859,14.770678950530742
2024-12-12,HDFC,24.7653,6.736,734444.39,100,0,27.50851191668336,57.7208091327859,14.770678950530742
2024-12-13,HDFC,24.7756,6.729,734444.39,100,0,27.50851191668336,57.7208091327859,14.770678950530742
2024-12-16,HDFC,24.7907,6.741,734444.39,100,0,27.50851191668336,57.7208091327859,14.770678950530742
2024-12-17,HDFC,24.7927,6.759,734444.39,100,0,27.50851191668336,57.7208091327859,14.770678950530742
2024-12-18,HDFC,24.8059,6.751,734444.39,100,0,27.50851191668336,57.7208091327859,14.770678950530742
2024-12-19,HDFC,24.7945,6.787,734444.39,100,0,27.50851191668336,57.7208091327859,14.770678950530742
2024-12-20,HDFC,24.7612,6.791,734444.39,100,0,27.50851191668336,57.7208091327859,14.770678950530742
2024-12-23,HDFC,24.7889,6.776,734444.39,100,0,27.50851191668336,57.7208091327859,14.770678950530742
2024-12-24,HDFC,24.7987,6.776,734444.39,100,0,27.50851191668336,57.7208091327859,14.770678950530742
2024-12-26,HDFC,24.8054,6.784,734444.39,100,0,27.50851191668336,57.7208091327859,14.770678950530742
2024-12-27,HDFC,24.81,6.787,734444.39,100,0,27.50851191668336,57.7208091327859,14.770678950530742
2024-12-30,HDFC,24.8075,6.775,734444.39,100,0,27.50851191668336,57.7208091327859,14.770678950530742
2024-12-31,HDFC,24.8095,6.759,734444.39,100,0,27.50851191668336,57.7208091327859,14.770678950530742
2025-01-01,HDFC,24.8241,6.779,728630.7000000003,100,0,24.92,56.56999999999999,18.51
2025-01-02,HDFC,24.8345,6.787,728630.7000000003,100,0,24.92,56.56999999999999,18.51
2025-01-03,HDFC,24.8397,6.779,728630.7000000003,100,0,24.92,56.56999999999999,18.51
2025-01-06,HDFC,24.855,6.763,728630.7000000003,100,0,24.92,56.56999999999999,18.51
2025-01-07,HDFC,24.8694,6.746,728630.7000000003,100,0,24.92,56.56999999999999,18.51
2025-01-08,HDFC,24.8699,6.767,728630.7000000003,100,0,24.92,56.56999999999999,18.51
2025-01-09,HDFC,24.8718,6.764,728630.7000000003,100,0,24.92,56.56999999999999,18.51
2025-01-10,HDFC,24.8806,6.769,728630.7000000003,100,0,24.92,56.56999999999999,18.51
2025-01-13,HDFC,24.8582,6.843,728630.7000000003,100,0,24.92,56.56999999999999,18.51
2025-01-14,HDFC,24.8696,6.829,728630.7000000003,100,0,24.92,56.56999999999999,18.51
2025-01-15,HDFC,24.8738,6.813,728630.7000000003,100,0,24.92,56.56999999999999,18.51
2025-01-16,HDFC,24.8944,6.754,728630.7000000003,100,0,24.92,56.56999999999999,18.51
2025-01-17,HDFC,24.9063,6.774,728630.7000000003,100,0,24.92,56.56999999999999,18.51
2025-01-20,HDFC,24.917,6.763,728630.7000000003,100,0,24.92,56.56999999999999,18.51
2025-01-21,HDFC,24.928,6.734,728630.7000000003,100,0,24.92,56.56999999999999,18.51
2025-01-22,HDFC,24.9275,6.719,728630.7000000003,100,0,24.92,56.56999999999999,18.51
2025-01-23,HDFC,24.9342,6.736,728630.7000000003,100,0,24.92,56.56999999999999,18.51
2025-01-24,HDFC,24.9437,6.72,728630.7000000003,100,0,24.92,56.56999999999999,18.51
2025-01-27,HDFC,24.9669,6.675,728630.7000000003,100,0,24.92,56.56999999999999,18.51
2025-01-28,HDFC,24.97,6.681,728630.7000000003,100,0,24.92,56.56999999999999,18.51
2025-01-29,HDFC,24.9745,6.683,728630.7000000003,100,0,24.92,56.56999999999999,18.51
2025-01-30,HDFC,24.9852,6.678,728630.7000000003,100,0,24.92,56.56999999999999,18.51
2025-01-31,HDFC,24.9925,6.694,728630.7000000003,100,0,24.92,56.56999999999999,18.51
2025-02-03,HDFC,25.0319,6.67,725241.9400000003,100,0,23.79,55.32,20.89
2025-02-04,HDFC,25.026,6.672,725241.9400000003,100,0,23.79,55.32,20.89
2025-02-05,HDFC,25.0416,6.664,725241.9400000003,100,0,23.79,55.32,20.89
2025-02-06,HDFC,25.0617,6.657,725241.9400000003,100,0,23.79,55.32,20.89
2025-02-07,HDFC,25.0462,6.699,725241.9400000003,100,0,23.79,55.32,20.89
2025-02-10,HDFC,25.0451,6.713,725241.9400000003,100,0,23.79,55.32,20.89
2025-02-11,HDFC,25.0502,6.697,725241.9400000003,100,0,23.79,55.32,20.89
2025-02-12,HDFC,25.0503,6.697,725241.9400000003,100,0,23.79,55.32,20.89
2025-02-13,HDFC,25.0493,6.712,725241.9400000003,100,0,23.79,55.32,20.89
2025-02-14,HDFC,25.0504,6.705,725241.9400000003,100,0,23.79,55.32,20.89
2025-02-17,HDFC,25.0638,6.692,725241.9400000003,100,0,23.79,55.32,20.89
2025-02-18,HDFC,25.0611,6.682,725241.9400000003,100,0,23.79,55.32,20.89
2025-02-20,HDFC,25.072,6.703,725241.9400000003,100,0,23.79,55.32,20.89
2025-02-21,HDFC,25.0892,6.708,725241.9400000003,100,0,23.79,55.32,20.89
2025-02-24,HDFC,25.0863,6.7,725241.9400000003,100,0,23.79,55.32,20.89
2025-02-25,HDFC,25.0985,6.706,725241.9400000003,100,0,23.79,55.32,20.89
2025-02-27,HDFC,25.1174,6.71,725241.9400000003,100,0,23.79,55.32,20.89
2025-02-28,HDFC,25.1143,6.72,725241.9400000003,100,0,23.79,55.32,20.89
2025-03-03,HDFC,25.1169,6.73,722972.5899999999,100,0,27.19,54.75,18.06
2025-03-04,HDFC,25.1181,6.74,722972.5899999999,100,0,27.19,54.75,18.06
2025-03-05,HDFC,25.1176,6.71,722972.5899999999,100,0,27.19,54.75,18.06
2025-03-06,HDFC,25.1281,6.68,722972.5899999999,100,0,27.19,54.75,18.06
2025-03-07,HDFC,25.1376,6.68,722972.5899999999,100,0,27.19,54.75,18.06
2025-03-10,HDFC,25.14,6.7,722972.5899999999,100,0,27.19,54.75,18.06
2025-03-11,HDFC,25.1587,6.69,722972.5899999999,100,0,27.19,54.75,18.06
2025-03-12,HDFC,25.1717,6.68,722972.5899999999,100,0,27.19,54.75,18.06
2025-03-13,HDFC,25.1845,6.69,722972.5899999999,100,0,27.19,54.75,18.06
2025-03-17,HDFC,25.209,6.69,722972.5899999999,100,0,27.19,54.75,18.06
2025-03-18,HDFC,25.2164,6.67,722972.5899999999,100,0,27.19,54.75,18.06
2025-03-19,HDFC,25.2486,6.66,722972.5899999999,100,0,27.19,54.75,18.06
2025-03-20,HDFC,25.2629,6.64,722972.5899999999,100,0,27.19,54.75,18.06
2025-03-21,HDFC,25.2725,6.62,722972.5899999999,100,0,27.19,54.75,18.06
2025-03-24,HDFC,25.2882,6.62,722972.5899999999,100,0,27.19,54.75,18.06
2025-03-25,HDFC,25.3032,6.63,722972.5899999999,100,0,27.19,54.75,18.06
2025-03-26,HDFC,25.3172,6.6,722972.5899999999,100,0,27.19,54.75,18.06
2025-03-27,HDFC,25.3519,6.59,722972.5899999999,100,0,27.19,54.75,18.06
2025-03-28,HDFC,25.3723,6.58,722972.5899999999,100,0,27.19,54.75,18.06
2025-03-31,HDFC,25.3439,6.58,722972.5899999999,100,0,27.19,54.75,18.06
2025-04-02,HDFC,25.4302,6.48,718009.9900000003,100,0,26.29,56.04,17.67
2025-04-03,HDFC,25.4633,6.5,718009.9900000003,100,0,26.29,56.04,17.67
2025-04-04,HDFC,25.479,6.46,718009.9900000003,100,0,26.29,56.04,17.67
2025-04-07,HDFC,25.4708,6.48,718009.9900000003,100,0,26.29,56.04,17.67
2025-04-08,HDFC,25.4643,6.47,718009.9900000003,100,0,26.29,56.04,17.67
2025-04-09,HDFC,25.487,6.44,718009.9900000003,100,0,26.29,56.04,17.67
2025-04-11,HDFC,25.498,6.44,718009.9900000003,100,0,26.29,56.04,17.67
2025-04-15,HDFC,25.5325,6.41,718009.9900000003,100,0,26.29,56.04,17.67
2025-04-16,HDFC,25.5489,6.39,718009.9900000003,100,0,26.29,56.04,17.67
2025-04-17,HDFC,25.5663,6.37,718009.9900000003,100,0,26.29,56.04,17.67
2025-04-21,HDFC,25.6107,6.32,718009.9900000003,100,0,26.29,56.04,17.67
2025-04-22,HDFC,25.6416,6.32,718009.9900000003,100,0,26.29,56.04,17.67
2025-04-23,HDFC,25.6517,6.33,718009.9900000003,100,0,26.29,56.04,17.67
2025-04-24,HDFC,25.6611,6.32,718009.9900000003,100,0,26.29,56.04,17.67
2025-04-25,HDFC,25.6485,6.36,718009.9900000003,100,0,26.29,56.04,17.67
2025-04-28,HDFC,25.6552,6.342,718009.9900000003,100,0,26.29,56.04,17.67
2025-04-29,HDFC,25.6668,6.358,718009.9900000003,100,0,26.29,56.04,17.67
2025-04-30,HDFC,25.6847,6.358,718009.9900000003,100,0,26.29,56.04,17.67
2025-05-02,HDFC,25.6944,6.358,711201.2699999999,100,0,23.27,56.5,20.23
2025-05-05,HDFC,25.721,6.35,711201.2699999999,100,0,23.27,56.5,20.23
2025-05-06,HDFC,25.709,6.337,711201.2699999999,100,0,23.27,56.5,20.23
2025-05-07,HDFC,25.7233,6.395,711201.2699999999,100,0,23.27,56.5,20.23
2025-05-08,HDFC,25.6716,6.377,711201.2699999999,100,0,23.27,56.5,20.23
2025-05-09,HDFC,25.6828,6.377,711201.2699999999,100,0,23.27,56.5,20.23
2025-05-13,HDFC,25.7509,6.242,711201.2699999999,100,0,23.27,56.5,20.23
2025-05-14,HDFC,25.7833,6.231,711201.2699999999,100,0,23.27,56.5,20.23
2025-05-15,HDFC,25.8029,6.22,711201.2699999999,100,0,23.27,56.5,20.23
2025-05-16,HDFC,25.8399,6.22,711201.2699999999,100,0,23.27,56.5,20.23
2025-05-19,HDFC,25.8603,6.23,711201.2699999999,100,0,23.27,56.5,20.23
2025-05-20,HDFC,25.8792,6.22,711201.2699999999,100,0,23.27,56.5,20.23
2025-05-21,HDFC,25.9077,6.19,711201.2699999999,100,0,23.27,56.5,20.23
2025-05-22,HDFC,25.9012,6.21,711201.2699999999,100,0,23.27,56.5,20.23
2025-05-23,HDFC,25.9116,6.21,711201.2699999999,100,0,23.27,56.5,20.23
2025-05-26,HDFC,25.9135,6.2,711201.2699999999,100,0,23.27,56.5,20.23
2025-05-27,HDFC,25.9195,6.2,711201.2699999999,100,0,23.27,56.5,20.23
2025-05-28,HDFC,25.9336,6.16,711201.2699999999,100,0,23.27,56.5,20.23
2025-05-29,HDFC,25.9459,6.18,711201.2699999999,100,0,23.27,56.5,20.23
2025-05-30,HDFC,25.9445,6.2,711201.2699999999,100,0,23.27,56.5,20.23
2025-06-02,HDFC,25.9533,6.22,708589.4299999998,100,0,20.39,58.1,21.51
2025-06-03,HDFC,25.9551,6.2,708589.4299999998,100,0,20.39,58.1,21.51
2025-06-04,HDFC,25.9559,6.21,708589.4299999998,100,0,20.39,58.1,21.51
2025-06-05,HDFC,25.965,6.18,708589.4299999998,100,0,20.39,58.1,21.51
2025-06-06,HDFC,26.0112,6.23,708589.4299999998,100,0,20.39,58.1,21.51
2025-06-09,HDFC,26.008,6.27,708589.4299999998,100,0,20.39,58.1,21.51
2025-06-10,HDFC,25.9764,6.28,708589.4299999998,100,0,20.39,58.1,21.51
2025-06-11,HDFC,25.9663,6.29,708589.4299999998,100,0,20.39,58.1,21.51
2025-06-12,HDFC,25.9479,6.28,708589.4299999998,100,0,20.39,58.1,21.51
2025-06-13,HDFC,25.9363,6.29,708589.4299999998,100,0,20.39,58.1,21.51
2025-06-16,HDFC,25.9576,6.26,708589.4299999998,100,0,20.39,58.1,21.51
2025-06-17,HDFC,25.9726,6.25,708589.4299999998,100,0,20.39,58.1,21.51
2025-06-18,HDFC,25.9768,6.25,708589.4299999998,100,0,20.39,58.1,21.51
2025-06-19,HDFC,25.9688,6.3,708589.4299999998,100,0,20.39,58.1,21.51
2025-06-20,HDFC,25.9682,6.31,708589.4299999998,100,0,20.39,58.1,21.51
2025-06-23,HDFC,25.9983,6.3,708589.4299999998,100,0,20.39,58.1,21.51
2025-06-24,HDFC,26.015,6.24,708589.4299999998,100,0,20.39,58.1,21.51
2025-06-25,HDFC,26.0083,6.28,708589.4299999998,100,0,20.39,58.1,21.51
2025-06-26,HDFC,26.0153,6.27,708589.4299999998,100,0,20.39,58.1,21.51
2025-06-27,HDFC,26.0066,6.31,708589.4299999998,100,0,20.39,58.1,21.51
2025-06-30,HDFC,26.0206,6.31,708589.4299999998,100,0,20.39,58.1,21.51
2025-07-01,HDFC,26.0501,6.29,701455.1099999998,100,0,20.52,58.54,20.94
2025-07-02,HDFC,26.0665,6.28,701455.1099999998,100,0,20.52,58.54,20.94
2025-07-03,HDFC,26.0864,6.28,701455.1099999998,100,0,20.52,58.54,20.94
2025-07-04,HDFC,26.1056,6.29,701455.1099999998,100,0,20.52,58.54,20.94
2025-07-07,HDFC,26.1192,6.294,701455.1099999998,100,0,20.52,58.54,20.94
2025-07-08,HDFC,26.1192,6.306,701455.1099999998,100,0,20.52,58.54,20.94
2025-07-09,HDFC,26.1213,6.314,701455.1099999998,100,0,20.52,58.54,20.94
2025-07-10,HDFC,26.1044,6.318,701455.1099999998,100,0,20.52,58.54,20.94
2025-07-11,HDFC,26.1191,6.304,701455.1099999998,100,0,20.52,58.54,20.94
2025-07-14,HDFC,26.1411,6.311,701455.1099999998,100,0,20.52,58.54,20.94
2025-07-15,HDFC,26.1491,6.313,701455.1099999998,100,0,20.52,58.54,20.94
2025-07-16,HDFC,26.1484,6.313,701455.1099999998,100,0,20.52,58.54,20.94
2025-07-17,HDFC,26.1628,6.302,701455.1099999998,100,0,20.52,58.54,20.94
2025-07-18,HDFC,26.1838,6.305,701455.1099999998,100,0,20.52,58.54,20.94
2025-07-21,HDFC,26.2037,6.299,701455.1099999998,100,0,20.52,58.54,20.94
2025-07-22,HDFC,26.2061,6.308,701455.1099999998,100,0,20.52,58.54,20.94
2025-07-23,HDFC,26.2154,6.312,701455.1099999998,100,0,20.52,58.54,20.94
2025-07-24,HDFC,26.2229,6.329,701455.1099999998,100,0,20.52,58.54,20.94
2025-07-25,HDFC,26.2081,6.353,701455.1099999998,100,0,20.52,58.54,20.94
2025-07-28,HDFC,26.2155,6.373,701455.1099999998,100,0,20.52,58.54,20.94
2025-07-29,HDFC,26.22,6.369,701455.1099999998,100,0,20.52,58.54,20.94
2025-07-30,HDFC,26.2125,6.365,701455.1099999998,100,0,20.52,58.54,20.94
2025-07-31,HDFC,26.2207,6.376,701455.1099999998,100,0,20.52,58.54,20.94
2025-08-01,HDFC,26.2239,6.371,697232.4699999999,100,0,18.8,55.64,25.56
2025-08-04,HDFC,26.2658,6.313,697232.4699999999,100,0,18.8,55.64,25.56
2025-08-05,HDFC,26.263,6.324,697232.4699999999,100,0,18.8,55.64,25.56
2025-08-06,HDFC,26.2356,6.407,697232.4699999999,100,0,18.8,55.64,25.56
2025-08-07,HDFC,26.2326,6.39,697232.4699999999,100,0,18.8,55.64,25.56
2025-08-08,HDFC,26.2311,6.399,697232.4699999999,100,0,18.8,55.64,25.56
2025-08-11,HDFC,26.2311,6.428,697232.4699999999,100,0,18.8,55.64,25.56
2025-08-12,HDFC,26.2113,6.483,697232.4699999999,100,0,18.8,55.64,25.56
2025-08-13,HDFC,26.2033,6.481,697232.4699999999,100,0,18.8,55.64,25.56
2025-08-14,HDFC,26.2423,6.404,697232.4699999999,100,0,18.8,55.64,25.56
2025-08-18,HDFC,26.2467,6.484,697232.4699999999,100,0,18.8,55.64,25.56
2025-08-19,HDFC,26.2393,6.512,697232.4699999999,100,0,18.8,55.64,25.56
2025-08-20,HDFC,26.264,6.497,697232.4699999999,100,0,18.8,55.64,25.56
2025-08-21,HDFC,26.2675,6.525,697232.4699999999,100,0,18.8,55.64,25.56
2025-08-22,HDFC,26.2793,6.549,697232.4699999999,100,0,18.8,55.64,25.56
2025-08-25,HDFC,26.2618,6.592,697232.4699999999,100,0,18.8,55.64,25.56
2025-08-26,HDFC,26.2337,6.617,697232.4699999999,100,0,18.8,55.64,25.56
2025-08-28,HDFC,26.2691,6.538,697232.4699999999,100,0,18.8,55.64,25.56
2025-08-29,HDFC,26.2636,6.588,697232.4699999999,100,0,18.8,55.64,25.56
2025-09-01,HDFC,26.2611,6.585,691757.0599999997,100,0,20.47,54.95,24.58
2025-09-02,HDFC,26.2663,6.569,691757.0599999997,100,0,20.47,54.95,24.58
2025-09-03,HDFC,26.2808,6.541,691757.0599999997,100,0,20.47,54.95,24.58
2025-09-04,HDFC,26.3132,6.494,691757.0599999997,100,0,20.47,54.95,24.58
2025-09-05,HDFC,26.3361,6.461,691757.0599999997,100,0,20.47,54.95,24.58
2025-09-09,HDFC,26.3561,6.486,691757.0599999997,100,0,20.47,54.95,24.58
2025-09-10,HDFC,26.3629,6.483,691757.0599999997,100,0,20.47,54.95,24.58
2025-09-11,HDFC,26.3677,6.472,691757.0599999997,100,0,20.47,54.95,24.58
2025-09-12,HDFC,26.3782,6.483,691757.0599999997,100,0,20.47,54.95,24.58
2025-09-15,HDFC,26.3973,6.492,691757.0599999997,100,0,20.47,54.95,24.58
2025-09-16,HDFC,26.4074,6.49,691757.0599999997,100,0,20.47,54.95,24.58
2025-09-17,HDFC,26.4215,6.466,691757.0599999997,100,0,20.47,54.95,24.58
2025-09-18,HDFC,26.4218,6.509,691757.0599999997,100,0,20.47,54.95,24.58
2025-09-19,HDFC,26.4292,6.489,691757.0599999997,100,0,20.47,54.95,24.58
2025-09-22,HDFC,26.4424,6.481,691757.0599999997,100,0,20.47,54.95,24.58
2025-09-23,HDFC,26.4397,6.467,691757.0599999997,100,0,20.47,54.95,24.58
2025-09-24,HDFC,26.4453,6.483,691757.0599999997,100,0,20.47,54.95,24.58
2025-09-25,HDFC,26.4505,6.492,691757.0599999997,100,0,20.47,54.95,24.58
2025-09-26,HDFC,26.4576,6.517,691757.0599999997,100,0,20.47,54.95,24.58
2025-09-29,HDFC,26.4735,6.563,691757.0599999997,100,0,20.47,54.95,24.58
2025-09-30,HDFC,26.4744,6.571,691757.0599999997,100,0,20.47,54.95,24.58
2025-10-01,HDFC,26.5078,6.523,702906.8000000004,100,0,20.19,53.78,26.03
2025-10-03,HDFC,26.5459,6.514,702906.8000000004,100,0,20.19,53.78,26.03
2025-10-06,HDFC,26.5743,6.519,702906.8000000004,100,0,20.19,53.78,26.03
2025-10-07,HDFC,26.5815,6.51,702906.8000000004,100,0,20.19,53.78,26.03
2025-10-08,HDFC,26.5817,6.504,702906.8000000004,100,0,20.19,53.78,26.03
2025-10-09,HDFC,26.5857,6.521,702906.8000000004,100,0,20.19,53.78,26.03
2025-10-10,HDFC,26.5983,6.531,702906.8000000004,100,0,20.19,53.78,26.03
2025-10-13,HDFC,26.6068,6.518,702906.8000000004,100,0,20.19,53.78,26.03
2025-10-14,HDFC,26.608,6.507,702906.8000000004,100,0,20.19,53.78,26.03
2025-10-15,HDFC,26.6327,6.484,702906.8000000004,100,0,20.19,53.78,26.03
2025-10-16,HDFC,26.6352,6.503,702906.8000000004,100,0,20.19,53.78,26.03
2025-10-17,HDFC,26.6418,6.506,702906.8000000004,100,0,20.19,53.78,26.03
2025-10-20,HDFC,26.6682,6.508,702906.8000000004,100,0,20.19,53.78,26.03
2025-10-23,HDFC,26.6718,6.539,702906.8000000004,100,0,20.19,53.78,26.03
2025-10-24,HDFC,26.6745,6.533,702906.8000000004,100,0,20.19,53.78,26.03
2025-10-27,HDFC,26.6856,6.542,702906.8000000004,100,0,20.19,53.78,26.03
2025-10-28,HDFC,26.6935,6.533,702906.8000000004,100,0,20.19,53.78,26.03
2025-10-29,HDFC,26.7016,6.537,702906.8000000004,100,0,20.19,53.78,26.03
2025-10-30,HDFC,26.6938,6.573,702906.8000000004,100,0,20.19,53.78,26.03
2025-10-31,HDFC,26.6942,6.529,702906.8000000004,100,0,20.19,53.78,26.03
2025-11-03,HDFC,26.7126,6.528,702906.8000000004,100,0,20.19,53.78,26.03
2025-11-04,HDFC,26.7221,6.53,702906.8000000004,100,0,20.19,53.78,26.03
2025-11-06,HDFC,26.7381,6.514,702906.8000000004,100,0,20.19,53.78,26.03
2025-11-07,HDFC,26.7447,6.521,702906.8000000004,100,0,20.19,53.78,26.03
2025-11-10,HDFC,26.7578,6.49,702906.8000000004,100,0,20.19,53.78,26.03
2025-11-11,HDFC,26.7732,6.499,702906.8000000004,100,0,20.19,53.78,26.03
2025-11-12,HDFC,26.7709,6.483,702906.8000000004,100,0,20.19,53.78,26.03
2025-11-13,HDFC,26.7683,6.511,702906.8000000004,100,0,20.19,53.78,26.03
2025-11-14,HDFC,26.7601,6.527,702906.8000000004,100,0,20.19,53.78,26.03
2025-11-17,HDFC,26.7667,6.536,702906.8000000004,100,0,20.19,53.78,26.03
2025-11-18,HDFC,26.7723,6.523,702906.8000000004,100,0,20.19,53.78,26.03
2025-11-19,HDFC,26.7889,6.532,702906.8000000004,100,0,20.19,53.78,26.03
2025-11-20,HDFC,26.8043,6.536,702906.8000000004,100,0,20.19,53.78,26.03
2025-11-21,HDFC,26.8076,6.56,702906.8000000004,100,0,20.19,53.78,26.03
2025-11-24,HDFC,26.8287,6.525,702906.8000000004,100,0,20.19,53.78,26.03
2025-11-25,HDFC,26.8405,6.491,702906.8000000004,100,0,20.19,53.78,26.03
2020-01-01,ICICI,22.6215,,1238126.97756809,100,0,12.615510387227252,53.35325812708116,34.03123148569159
2020-01-02,ICICI,22.6313,,1238126.97756809,100,0,12.615510387227252,53.35325812708116,34.03123148569159
2020-01-03,ICICI,22.6459,,1238126.97756809,100,0,12.615510387227252,53.35325812708116,34.03123148569159
2020-01-06,ICICI,22.6525,,1238126.97756809,100,0,12.615510387227252,53.35325812708116,34.03123148569159
2020-01-07,ICICI,22.6599,,1238126.97756809,100,0,12.615510387227252,53.35325812708116,34.03123148569159
2020-01-08,ICICI,22.6683,,1238126.97756809,100,0,12.615510387227252,53.35325812708116,34.03123148569159
2020-01-09,ICICI,22.6833,,1238126.97756809,100,0,12.615510387227252,53.35325812708116,34.03123148569159
2020-01-10,ICICI,22.6823,,1238126.97756809,100,0,12.615510387227252,53.35325812708116,34.03123148569159
2020-01-13,ICICI,22.6969,,1238126.97756809,100,0,12.615510387227252,53.35325812708116,34.03123148569159
2020-01-14,ICICI,22.6886,,1238126.97756809,100,0,12.615510387227252,53.35325812708116,34.03123148569159
2020-01-15,ICICI,22.6967,,1238126.97756809,100,0,12.615510387227252,53.35325812708116,34.03123148569159
2020-01-16,ICICI,22.7098,,1238126.97756809,100,0,12.615510387227252,53.35325812708116,34.03123148569159
2020-01-17,ICICI,22.7117,,1238126.97756809,100,0,12.615510387227252,53.35325812708116,34.03123148569159
2020-01-20,ICICI,22.732,,1238126.97756809,100,0,12.615510387227252,53.35325812708116,34.03123148569159
2020-01-21,ICICI,22.7413,,1238126.97756809,100,0,12.615510387227252,53.35325812708116,34.03123148569159
2020-01-22,ICICI,22.7613,,1238126.97756809,100,0,12.615510387227252,53.35325812708116,34.03123148569159
2020-01-23,ICICI,22.7717,,1238126.97756809,100,0,12.615510387227252,53.35325812708116,34.03123148569159
2020-01-24,ICICI,22.7815,,1238126.97756809,100,0,12.615510387227252,53.35325812708116,34.03123148569159
2020-01-27,ICICI,22.8003,6.551,1238126.97756809,100,0,12.615510387227252,53.35325812708116,34.03123148569159
2020-01-28,ICICI,22.8143,6.575,1238126.97756809,100,0,12.615510387227252,53.35325812708116,34.03123148569159
2020-01-29,ICICI,22.8163,6.568,1238126.97756809,100,0,12.615510387227252,53.35325812708116,34.03123148569159
2020-01-30,ICICI,22.8209,6.558,1238126.97756809,100,0,12.615510387227252,53.35325812708116,34.03123148569159
2020-01-31,ICICI,22.8455,6.599,1238126.97756809,100,0,12.615510387227252,53.35325812708116,34.03123148569159
2020-02-03,ICICI,22.8772,6.503,1287244.14890686,100,0,13.982962382650262,52.10741703302658,33.90962058432317
2020-02-04,ICICI,22.8886,6.504,1287244.14890686,100,0,13.982962382650262,52.10741703302658,33.90962058432317
2020-02-05,ICICI,22.8998,6.505,1287244.14890686,100,0,13.982962382650262,52.10741703302658,33.90962058432317
2020-02-06,ICICI,22.9757,6.446,1287244.14890686,100,0,13.982962382650262,52.10741703302658,33.90962058432317
2020-02-07,ICICI,23.0155,6.439,1287244.14890686,100,0,13.982962382650262,52.10741703302658,33.90962058432317
2020-02-10,ICICI,23.0363,6.44,1287244.14890686,100,0,13.982962382650262,52.10741703302658,33.90962058432317
2020-02-11,ICICI,23.0426,6.464,1287244.14890686,100,0,13.982962382650262,52.10741703302658,33.90962058432317
2020-02-12,ICICI,23.0382,6.473,1287244.14890686,100,0,13.982962382650262,52.10741703302658,33.90962058432317
2020-02-13,ICICI,23.0569,6.423,1287244.14890686,100,0,13.982962382650262,52.10741703302658,33.90962058432317
2020-02-14,ICICI,23.0659,6.369,1287244.14890686,100,0,13.982962382650262,52.10741703302658,33.90962058432317
2020-02-17,ICICI,23.0848,6.387,1287244.14890686,100,0,13.982962382650262,52.10741703302658,33.90962058432317
2020-02-18,ICICI,23.0816,6.384,1287244.14890686,100,0,13.982962382650262,52.10741703302658,33.90962058432317
2020-02-20,ICICI,23.0958,6.422,1287244.14890686,100,0,13.982962382650262,52.10741703302658,33.90962058432317
2020-02-24,ICICI,23.1155,6.367,1287244.14890686,100,0,13.982962382650262,52.10741703302658,33.90962058432317
2020-02-25,ICICI,23.1153,6.367,1287244.14890686,100,0,13.982962382650262,52.10741703302658,33.90962058432317
2020-02-26,ICICI,23.1265,6.346,1287244.14890686,100,0,13.982962382650262,52.10741703302658,33.90962058432317
2020-02-27,ICICI,23.1263,6.378,1287244.14890686,100,0,13.982962382650262,52.10741703302658,33.90962058432317
2020-02-28,ICICI,23.1142,6.371,1287244.14890686,100,0,13.982962382650262,52.10741703302658,33.90962058432317
2020-03-02,ICICI,23.1272,6.346,1199353.846114,100,0,12.273412927873029,53.6825234759194,34.04406359620758
2020-03-03,ICICI,23.1301,6.342,1199353.846114,100,0,12.273412927873029,53.6825234759194,34.04406359620758
2020-03-04,ICICI,23.1716,6.226,1199353.846114,100,0,12.273412927873029,53.6825234759194,34.04406359620758
2020-03-05,ICICI,23.1719,6.239,1199353.846114,100,0,12.273412927873029,53.6825234759194,34.04406359620758
2020-03-06,ICICI,23.1752,6.185,1199353.846114,100,0,12.273412927873029,53.6825234759194,34.04406359620758
2020-03-09,ICICI,23.1321,6.066,1199353.846114,100,0,12.273412927873029,53.6825234759194,34.04406359620758
2020-03-11,ICICI,23.1167,6.125,1199353.846114,100,0,12.273412927873029,53.6825234759194,34.04406359620758
2020-03-12,ICICI,23.0332,6.236,1199353.846114,100,0,12.273412927873029,53.6825234759194,34.04406359620758
2020-03-13,ICICI,22.9769,6.322,1199353.846114,100,0,12.273412927873029,53.6825234759194,34.04406359620758
2020-03-16,ICICI,22.9852,6.208,1199353.846114,100,0,12.273412927873029,53.6825234759194,34.04406359620758
2020-03-17,ICICI,22.9248,6.265,1199353.846114,100,0,12.273412927873029,53.6825234759194,34.04406359620758
2020-03-18,ICICI,22.8241,6.296,1199353.846114,100,0,12.273412927873029,53.6825234759194,34.04406359620758
2020-03-19,ICICI,22.7087,6.41,1199353.846114,100,0,12.273412927873029,53.6825234759194,34.04406359620758
2020-03-20,ICICI,22.7661,6.259,1199353.846114,100,0,12.273412927873029,53.6825234759194,34.04406359620758
2020-03-23,ICICI,22.7002,6.379,1199353.846114,100,0,12.273412927873029,53.6825234759194,34.04406359620758
2020-03-24,ICICI,22.6939,6.304,1199353.846114,100,0,12.273412927873029,53.6825234759194,34.04406359620758
2020-03-26,ICICI,22.6771,6.225,1199353.846114,100,0,12.273412927873029,53.6825234759194,34.04406359620758
2020-03-27,ICICI,23.129,6.144,1199353.846114,100,0,12.273412927873029,53.6825234759194,34.04406359620758
2020-03-30,ICICI,23.131,6.209,1199353.846114,100,0,12.273412927873029,53.6825234759194,34.04406359620758
2020-03-31,ICICI,23.1481,6.138,1199353.846114,100,0,12.273412927873029,53.6825234759194,34.04406359620758
2020-04-03,ICICI,23.1533,6.306,795605.74975914,100,0,4.886338492609338,40.50878969854031,54.60487180885036
2020-04-07,ICICI,23.115,6.414,795605.74975914,100,0,4.886338492609338,40.50878969854031,54.60487180885036
2020-04-08,ICICI,23.0434,6.441,795605.74975914,100,0,4.886338492609338,40.50878969854031,54.60487180885036
2020-04-09,ICICI,23.0309,6.49,795605.74975914,100,0,4.886338492609338,40.50878969854031,54.60487180885036
2020-04-13,ICICI,23.0457,6.495,795605.74975914,100,0,4.886338492609338,40.50878969854031,54.60487180885036
2020-04-15,ICICI,23.0323,6.425,795605.74975914,100,0,4.886338492609338,40.50878969854031,54.60487180885036
2020-04-16,ICICI,23.0575,6.44,795605.74975914,100,0,4.886338492609338,40.50878969854031,54.60487180885036
2020-04-17,ICICI,23.1294,6.347,795605.74975914,100,0,4.886338492609338,40.50878969854031,54.60487180885036
2020-04-20,ICICI,23.1535,6.209,795605.74975914,100,0,4.886338492609338,40.50878969854031,54.60487180885036
2020-04-21,ICICI,23.1556,6.212,795605.74975914,100,0,4.886338492609338,40.50878969854031,54.60487180885036
2020-04-22,ICICI,23.1878,6.224,795605.74975914,100,0,4.886338492609338,40.50878969854031,54.60487180885036
2020-04-23,ICICI,23.2121,6.06,795605.74975914,100,0,4.886338492609338,40.50878969854031,54.60487180885036
2020-04-24,ICICI,23.1361,6.167,795605.74975914,100,0,4.886338492609338,40.50878969854031,54.60487180885036
2020-04-27,ICICI,23.0091,6.153,795605.74975914,100,0,4.886338492609338,40.50878969854031,54.60487180885036
2020-04-28,ICICI,22.9564,6.137,795605.74975914,100,0,4.886338492609338,40.50878969854031,54.60487180885036
2020-04-29,ICICI,22.9505,6.125,795605.74975914,100,0,4.886338492609338,40.50878969854031,54.60487180885036
2020-04-30,ICICI,23.0077,6.11,795605.74975914,100,0,4.886338492609338,40.50878969854031,54.60487180885036
2020-05-04,ICICI,23.0503,6.084,669480.58609323,100,0,20.11387526349193,41.9726450380701,37.91347969843797
2020-05-05,ICICI,23.0738,6.073,669480.58609323,100,0,20.11387526349193,41.9726450380701,37.91347969843797
2020-05-06,ICICI,23.1001,6.028,669480.58609323,100,0,20.11387526349193,41.9726450380701,37.91347969843797
2020-05-08,ICICI,23.0901,5.967,669480.58609323,100,0,20.11387526349193,41.9726450380701,37.91347969843797
2020-05-11,ICICI,23.0728,6.167,669480.58609323,100,0,20.11387526349193,41.9726450380701,37.91347969843797
2020-05-12,ICICI,23.0922,6.163,669480.58609323,100,0,20.11387526349193,41.9726450380701,37.91347969843797
2020-05-13,ICICI,23.1075,6.095,669480.58609323,100,0,20.11387526349193,41.9726450380701,37.91347969843797
2020-05-14,ICICI,23.1121,6.056,669480.58609323,100,0,20.11387526349193,41.9726450380701,37.91347969843797
2020-05-15,ICICI,23.1122,6.081,669480.58609323,100,0,20.11387526349193,41.9726450380701,37.91347969843797
2020-05-18,ICICI,23.1517,6.05,669480.58609323,100,0,20.11387526349193,41.9726450380701,37.91347969843797
2020-05-19,ICICI,23.1961,6.035,669480.58609323,100,0,20.11387526349193,41.9726450380701,37.91347969843797
2020-05-20,ICICI,23.2086,6.041,669480.58609323,100,0,20.11387526349193,41.9726450380701,37.91347969843797
2020-05-21,ICICI,23.2484,6.034,669480.58609323,100,0,20.11387526349193,41.9726450380701,37.91347969843797
2020-05-22,ICICI,23.3057,5.961,669480.58609323,100,0,20.11387526349193,41.9726450380701,37.91347969843797
2020-05-26,ICICI,23.32,5.975,669480.58609323,100,0,20.11387526349193,41.9726450380701,37.91347969843797
2020-05-27,ICICI,23.3216,5.984,669480.58609323,100,0,20.11387526349193,41.9726450380701,37.91347969843797
2020-05-28,ICICI,23.3232,5.99,669480.58609323,100,0,20.11387526349193,41.9726450380701,37.91347969843797
2020-05-29,ICICI,23.3162,6.013,669480.58609323,100,0,20.11387526349193,41.9726450380701,37.91347969843797
2020-06-01,ICICI,23.3121,6.042,656166.49176782,100,0,22.52244999618332,38.26146308132154,39.21608692249513
2020-06-02,ICICI,23.3098,5.998,656166.49176782,100,0,22.52244999618332,38.26146308132154,39.21608692249513
2020-06-03,ICICI,23.3157,6.031,656166.49176782,100,0,22.52244999618332,38.26146308132154,39.21608692249513
2020-06-04,ICICI,23.2973,5.796,656166.49176782,100,0,22.52244999618332,38.26146308132154,39.21608692249513
2020-06-05,ICICI,23.3032,5.821,656166.49176782,100,0,22.52244999618332,38.26146308132154,39.21608692249513
2020-06-08,ICICI,23.3224,5.807,656166.49176782,100,0,22.52244999618332,38.26146308132154,39.21608692249513
2020-06-09,ICICI,23.3346,5.775,656166.49176782,100,0,22.52244999618332,38.26146308132154,39.21608692249513
2020-06-10,ICICI,23.32,5.772,656166.49176782,100,0,22.52244999618332,38.26146308132154,39.21608692249513
2020-06-11,ICICI,23.3338,5.781,656166.49176782,100,0,22.52244999618332,38.26146308132154,39.21608692249513
2020-06-12,ICICI,23.3316,5.796,656166.49176782,100,0,22.52244999618332,38.26146308132154,39.21608692249513
2020-06-15,ICICI,23.3588,5.792,656166.49176782,100,0,22.52244999618332,38.26146308132154,39.21608692249513
2020-06-16,ICICI,23.3686,5.846,656166.49176782,100,0,22.52244999618332,38.26146308132154,39.21608692249513
2020-06-17,ICICI,23.3849,5.835,656166.49176782,100,0,22.52244999618332,38.26146308132154,39.21608692249513
2020-06-18,ICICI,23.4155,5.822,656166.49176782,100,0,22.52244999618332,38.26146308132154,39.21608692249513
2020-06-19,ICICI,23.4399,5.849,656166.49176782,100,0,22.52244999618332,38.26146308132154,39.21608692249513
2020-06-22,ICICI,23.4574,5.877,656166.49176782,100,0,22.52244999618332,38.26146308132154,39.21608692249513
2020-06-23,ICICI,23.4727,5.903,656166.49176782,100,0,22.52244999618332,38.26146308132154,39.21608692249513
2020-06-24,ICICI,23.4671,5.918,656166.49176782,100,0,22.52244999618332,38.26146308132154,39.21608692249513
2020-06-25,ICICI,23.4896,5.891,656166.49176782,100,0,22.52244999618332,38.26146308132154,39.21608692249513
2020-06-26,ICICI,23.507,5.913,656166.49176782,100,0,22.52244999618332,38.26146308132154,39.21608692249513
2020-06-29,ICICI,23.5137,5.903,656166.49176782,100,0,22.52244999618332,38.26146308132154,39.21608692249513
2020-06-30,ICICI,23.6505,5.888,656166.49176782,100,0,22.52244999618332,38.26146308132154,39.21608692249513
2020-07-01,ICICI,23.6796,5.838,655622.05021798,100,0,19.89167386249221,43.81944596042111,36.288880177086696
2020-07-02,ICICI,23.7017,5.841,655622.05021798,100,0,19.89167386249221,43.81944596042111,36.288880177086696
2020-07-03,ICICI,23.7222,5.845,655622.05021798,100,0,19.89167386249221,43.81944596042111,36.288880177086696
2020-07-06,ICICI,23.7437,5.836,655622.05021798,100,0,19.89167386249221,43.81944596042111,36.288880177086696
2020-07-07,ICICI,23.779,5.792,655622.05021798,100,0,19.89167386249221,43.81944596042111,36.288880177086696
2020-07-08,ICICI,23.8062,5.778,655622.05021798,100,0,19.89167386249221,43.81944596042111,36.288880177086696
2020-07-09,ICICI,23.8155,5.772,655622.05021798,100,0,19.89167386249221,43.81944596042111,36.288880177086696
2020-07-10,ICICI,23.8568,5.76,655622.05021798,100,0,19.89167386249221,43.81944596042111,36.288880177086696
2020-07-13,ICICI,23.8678,5.786,655622.05021798,100,0,19.89167386249221,43.81944596042111,36.288880177086696
2020-07-14,ICICI,23.8679,5.825,655622.05021798,100,0,19.89167386249221,43.81944596042111,36.288880177086696
2020-07-15,ICICI,23.9091,5.815,655622.05021798,100,0,19.89167386249221,43.81944596042111,36.288880177086696
2020-07-16,ICICI,23.9276,5.813,655622.05021798,100,0,19.89167386249221,43.81944596042111,36.288880177086696
2020-07-17,ICICI,23.9327,5.805,655622.05021798,100,0,19.89167386249221,43.81944596042111,36.288880177086696
2020-07-20,ICICI,23.945,5.799,655622.05021798,100,0,19.89167386249221,43.81944596042111,36.288880177086696
2020-07-21,ICICI,23.9461,5.829,655622.05021798,100,0,19.89167386249221,43.81944596042111,36.288880177086696
2020-07-22,ICICI,23.9568,5.814,655622.05021798,100,0,19.89167386249221,43.81944596042111,36.288880177086696
2020-07-23,ICICI,23.9652,5.805,655622.05021798,100,0,19.89167386249221,43.81944596042111,36.288880177086696
2020-07-24,ICICI,23.9787,5.817,655622.05021798,100,0,19.89167386249221,43.81944596042111,36.288880177086696
2020-07-27,ICICI,23.9783,5.859,655622.05021798,100,0,19.89167386249221,43.81944596042111,36.288880177086696
2020-07-28,ICICI,23.9792,5.85,655622.05021798,100,0,19.89167386249221,43.81944596042111,36.288880177086696
2020-07-29,ICICI,23.9865,5.835,655622.05021798,100,0,19.89167386249221,43.81944596042111,36.288880177086696
2020-07-30,ICICI,23.9962,5.825,655622.05021798,100,0,19.89167386249221,43.81944596042111,36.288880177086696
2020-07-31,ICICI,24.0093,5.837,655622.05021798,100,0,19.89167386249221,43.81944596042111,36.288880177086696
2020-08-03,ICICI,24.0226,5.837,650310.9400794,100,0,19.439879019194358,42.88136533049813,37.67875565030752
2020-08-04,ICICI,24.0356,5.833,650310.9400794,100,0,19.439879019194358,42.88136533049813,37.67875565030752
2020-08-05,ICICI,24.0514,5.826,650310.9400794,100,0,19.439879019194358,42.88136533049813,37.67875565030752
2020-08-06,ICICI,24.0398,5.862,650310.9400794,100,0,19.439879019194358,42.88136533049813,37.67875565030752
2020-08-07,ICICI,24.0366,5.886,650310.9400794,100,0,19.439879019194358,42.88136533049813,37.67875565030752
2020-08-10,ICICI,24.0527,5.893,650310.9400794,100,0,19.439879019194358,42.88136533049813,37.67875565030752
2020-08-11,ICICI,24.0604,5.903,650310.9400794,100,0,19.439879019194358,42.88136533049813,37.67875565030752
2020-08-12,ICICI,24.0742,5.884,650310.9400794,100,0,19.439879019194358,42.88136533049813,37.67875565030752
2020-08-13,ICICI,24.0796,5.895,650310.9400794,100,0,19.439879019194358,42.88136533049813,37.67875565030752
2020-08-14,ICICI,24.0686,5.965,650310.9400794,100,0,19.439879019194358,42.88136533049813,37.67875565030752
2020-08-17,ICICI,24.0673,5.975,650310.9400794,100,0,19.439879019194358,42.88136533049813,37.67875565030752
2020-08-18,ICICI,24.076,5.986,650310.9400794,100,0,19.439879019194358,42.88136533049813,37.67875565030752
2020-08-19,ICICI,24.0768,6.008,650310.9400794,100,0,19.439879019194358,42.88136533049813,37.67875565030752
2020-08-20,ICICI,24.0979,6.0,650310.9400794,100,0,19.439879019194358,42.88136533049813,37.67875565030752
2020-08-21,ICICI,24.0467,6.14,650310.9400794,100,0,19.439879019194358,42.88136533049813,37.67875565030752
2020-08-24,ICICI,24.0216,6.221,650310.9400794,100,0,19.439879019194358,42.88136533049813,37.67875565030752
2020-08-25,ICICI,23.9863,6.157,650310.9400794,100,0,19.439879019194358,42.88136533049813,37.67875565030752
2020-08-26,ICICI,23.981,6.203,650310.9400794,100,0,19.439879019194358,42.88136533049813,37.67875565030752
2020-08-27,ICICI,23.9906,6.147,650310.9400794,100,0,19.439879019194358,42.88136533049813,37.67875565030752
2020-08-28,ICICI,23.9873,6.097,650310.9400794,100,0,19.439879019194358,42.88136533049813,37.67875565030752
2020-08-31,ICICI,24.0413,6.078,650310.9400794,100,0,19.439879019194358,42.88136533049813,37.67875565030752
2020-09-01,ICICI,24.1164,5.943,656320.70916574,100,0,20.74746204079707,45.82540757885441,33.42713038034854
2020-09-02,ICICI,24.1308,5.92,656320.70916574,100,0,20.74746204079707,45.82540757885441,33.42713038034854
2020-09-03,ICICI,24.1552,5.896,656320.70916574,100,0,20.74746204079707,45.82540757885441,33.42713038034854
2020-09-04,ICICI,24.1972,5.93,656320.70916574,100,0,20.74746204079707,45.82540757885441,33.42713038034854
2020-09-07,ICICI,24.1893,5.993,656320.70916574,100,0,20.74746204079707,45.82540757885441,33.42713038034854
2020-09-08,ICICI,24.1568,6.056,656320.70916574,100,0,20.74746204079707,45.82540757885441,33.42713038034854
2020-09-09,ICICI,24.1748,5.989,656320.70916574,100,0,20.74746204079707,45.82540757885441,33.42713038034854
2020-09-10,ICICI,24.1703,6.053,656320.70916574,100,0,20.74746204079707,45.82540757885441,33.42713038034854
2020-09-11,ICICI,24.1728,6.041,656320.70916574,100,0,20.74746204079707,45.82540757885441,33.42713038034854
2020-09-14,ICICI,24.1879,6.031,656320.70916574,100,0,20.74746204079707,45.82540757885441,33.42713038034854
2020-09-15,ICICI,24.1705,6.029,656320.70916574,100,0,20.74746204079707,45.82540757885441,33.42713038034854
2020-09-16,ICICI,24.1841,5.992,656320.70916574,100,0,20.74746204079707,45.82540757885441,33.42713038034854
2020-09-17,ICICI,24.1863,6.033,656320.70916574,100,0,20.74746204079707,45.82540757885441,33.42713038034854
2020-09-18,ICICI,24.1942,6.014,656320.70916574,100,0,20.74746204079707,45.82540757885441,33.42713038034854
2020-09-21,ICICI,24.2187,6.016,656320.70916574,100,0,20.74746204079707,45.82540757885441,33.42713038034854
2020-09-22,ICICI,24.2276,6.01,656320.70916574,100,0,20.74746204079707,45.82540757885441,33.42713038034854
2020-09-23,ICICI,24.2311,5.99,656320.70916574,100,0,20.74746204079707,45.82540757885441,33.42713038034854
2020-09-24,ICICI,24.2482,5.992,656320.70916574,100,0,20.74746204079707,45.82540757885441,33.42713038034854
2020-09-25,ICICI,24.2589,6.038,656320.70916574,100,0,20.74746204079707,45.82540757885441,33.42713038034854
2020-09-28,ICICI,24.2631,6.056,656320.70916574,100,0,20.74746204079707,45.82540757885441,33.42713038034854
2020-09-29,ICICI,24.2673,6.037,656320.70916574,100,0,20.74746204079707,45.82540757885441,33.42713038034854
2020-09-30,ICICI,24.2812,6.015,656320.70916574,100,0,20.74746204079707,45.82540757885441,33.42713038034854
2020-10-01,ICICI,24.3001,5.996,651270.31448763,100,0,19.721985962311877,49.0192862929635,31.258727744724634
2020-10-05,ICICI,24.3254,6.004,651270.31448763,100,0,19.721985962311877,49.0192862929635,31.258727744724634
2020-10-06,ICICI,24.3272,6.026,651270.31448763,100,0,19.721985962311877,49.0192862929635,31.258727744724634
2020-10-07,ICICI,24.3476,6.014,651270.31448763,100,0,19.721985962311877,49.0192862929635,31.258727744724634
2020-10-08,ICICI,24.3619,6.015,651270.31448763,100,0,19.721985962311877,49.0192862929635,31.258727744724634
2020-10-09,ICICI,24.4203,5.937,651270.31448763,100,0,19.721985962311877,49.0192862929635,31.258727744724634
2020-10-12,ICICI,24.4435,5.899,651270.31448763,100,0,19.721985962311877,49.0192862929635,31.258727744724634
2020-10-13,ICICI,24.4515,5.904,651270.31448763,100,0,19.721985962311877,49.0192862929635,31.258727744724634
2020-10-14,ICICI,24.4605,5.9,651270.31448763,100,0,19.721985962311877,49.0192862929635,31.258727744724634
2020-10-15,ICICI,24.4739,5.898,651270.31448763,100,0,19.721985962311877,49.0192862929635,31.258727744724634
2020-10-16,ICICI,24.4759,5.935,651270.31448763,100,0,19.721985962311877,49.0192862929635,31.258727744724634
2020-10-19,ICICI,24.4975,5.94,651270.31448763,100,0,19.721985962311877,49.0192862929635,31.258727744724634
2020-10-20,ICICI,24.5042,5.931,651270.31448763,100,0,19.721985962311877,49.0192862929635,31.258727744724634
2020-10-21,ICICI,24.5318,5.912,651270.31448763,100,0,19.721985962311877,49.0192862929635,31.258727744724634
2020-10-22,ICICI,24.5301,5.915,651270.31448763,100,0,19.721985962311877,49.0192862929635,31.258727744724634
2020-10-23,ICICI,24.5499,5.844,651270.31448763,100,0,19.721985962311877,49.0192862929635,31.258727744724634
2020-10-26,ICICI,24.5773,5.834,651270.31448763,100,0,19.721985962311877,49.0192862929635,31.258727744724634
2020-10-27,ICICI,24.5798,5.846,651270.31448763,100,0,19.721985962311877,49.0192862929635,31.258727744724634
2020-10-28,ICICI,24.5899,5.859,651270.31448763,100,0,19.721985962311877,49.0192862929635,31.258727744724634
2020-10-29,ICICI,24.5862,5.881,651270.31448763,100,0,19.721985962311877,49.0192862929635,31.258727744724634
2020-11-02,ICICI,24.6005,5.89,668541.09606572,100,0,18.043538491476973,48.1971672191856,33.75929428933742
2020-11-03,ICICI,24.613,5.898,668541.09606572,100,0,18.043538491476973,48.1971672191856,33.75929428933742
2020-11-04,ICICI,24.6214,5.886,668541.09606572,100,0,18.043538491476973,48.1971672191856,33.75929428933742
2020-11-05,ICICI,24.6532,5.86,668541.09606572,100,0,18.043538491476973,48.1971672191856,33.75929428933742
2020-11-06,ICICI,24.6652,5.871,668541.09606572,100,0,18.043538491476973,48.1971672191856,33.75929428933742
2020-11-09,ICICI,24.6705,5.876,668541.09606572,100,0,18.043538491476973,48.1971672191856,33.75929428933742
2020-11-10,ICICI,24.6679,5.916,668541.09606572,100,0,18.043538491476973,48.1971672191856,33.75929428933742
2020-11-11,ICICI,24.6764,5.903,668541.09606572,100,0,18.043538491476973,48.1971672191856,33.75929428933742
2020-11-12,ICICI,24.6882,5.903,668541.09606572,100,0,18.043538491476973,48.1971672191856,33.75929428933742
2020-11-13,ICICI,24.7034,5.878,668541.09606572,100,0,18.043538491476973,48.1971672191856,33.75929428933742
2020-11-17,ICICI,24.7323,5.877,668541.09606572,100,0,18.043538491476973,48.1971672191856,33.75929428933742
2020-11-18,ICICI,24.7404,5.878,668541.09606572,100,0,18.043538491476973,48.1971672191856,33.75929428933742
2020-11-19,ICICI,24.7641,5.876,668541.09606572,100,0,18.043538491476973,48.1971672191856,33.75929428933742
2020-11-20,ICICI,24.7647,5.877,668541.09606572,100,0,18.043538491476973,48.1971672191856,33.75929428933742
2020-11-23,ICICI,24.7778,5.9,668541.09606572,100,0,18.043538491476973,48.1971672191856,33.75929428933742
2020-11-24,ICICI,24.796,5.88,668541.09606572,100,0,18.043538491476973,48.1971672191856,33.75929428933742
2020-11-25,ICICI,24.8119,5.885,668541.09606572,100,0,18.043538491476973,48.1971672191856,33.75929428933742
2020-11-26,ICICI,24.8385,5.872,668541.09606572,100,0,18.043538491476973,48.1971672191856,33.75929428933742
2020-11-27,ICICI,24.8353,5.911,668541.09606572,100,0,18.043538491476973,48.1971672191856,33.75929428933742
2020-12-01,ICICI,24.8442,5.93,673511.16132063,100,0,19.024658737469668,47.94558257454079,33.02975868798955
2020-12-02,ICICI,24.8397,5.92,673511.16132063,100,0,19.024658737469668,47.94558257454079,33.02975868798955
2020-12-03,ICICI,24.8604,5.932,673511.16132063,100,0,19.024658737469668,47.94558257454079,33.02975868798955
2020-12-04,ICICI,24.8734,5.897,673511.16132063,100,0,19.024658737469668,47.94558257454079,33.02975868798955
2020-12-07,ICICI,24.8923,5.924,673511.16132063,100,0,19.024658737469668,47.94558257454079,33.02975868798955
2020-12-08,ICICI,24.8955,5.939,673511.16132063,100,0,19.024658737469668,47.94558257454079,33.02975868798955
2020-12-09,ICICI,24.899,5.917,673511.16132063,100,0,19.024658737469668,47.94558257454079,33.02975868798955
2020-12-10,ICICI,24.9023,5.916,673511.16132063,100,0,19.024658737469668,47.94558257454079,33.02975868798955
2020-12-11,ICICI,24.9074,5.956,673511.16132063,100,0,19.024658737469668,47.94558257454079,33.02975868798955
2020-12-14,ICICI,24.9056,5.946,673511.16132063,100,0,19.024658737469668,47.94558257454079,33.02975868798955
2020-12-15,ICICI,24.9109,5.941,673511.16132063,100,0,19.024658737469668,47.94558257454079,33.02975868798955
2020-12-16,ICICI,24.9035,5.944,673511.16132063,100,0,19.024658737469668,47.94558257454079,33.02975868798955
2020-12-17,ICICI,24.9126,5.952,673511.16132063,100,0,19.024658737469668,47.94558257454079,33.02975868798955
2020-12-18,ICICI,24.9552,5.959,673511.16132063,100,0,19.024658737469668,47.94558257454079,33.02975868798955
2020-12-21,ICICI,24.9455,5.957,673511.16132063,100,0,19.024658737469668,47.94558257454079,33.02975868798955
2020-12-22,ICICI,24.9784,5.951,673511.16132063,100,0,19.024658737469668,47.94558257454079,33.02975868798955
2020-12-23,ICICI,24.9475,5.95,673511.16132063,100,0,19.024658737469668,47.94558257454079,33.02975868798955
2020-12-24,ICICI,24.9462,5.929,673511.16132063,100,0,19.024658737469668,47.94558257454079,33.02975868798955
2020-12-28,ICICI,24.9604,5.925,673511.16132063,100,0,19.024658737469668,47.94558257454079,33.02975868798955
2020-12-29,ICICI,24.9641,5.927,673511.16132063,100,0,19.024658737469668,47.94558257454079,33.02975868798955
2020-12-30,ICICI,24.9731,5.899,673511.16132063,100,0,19.024658737469668,47.94558257454079,33.02975868798955
2020-12-31,ICICI,24.9781,5.894,673511.16132063,100,0,19.024658737469668,47.94558257454079,33.02975868798955
2021-01-01,ICICI,24.9958,5.898,700655.67481869,100,0,16.044719830296863,51.67524977138756,32.280030398315574
2021-01-04,ICICI,25.0247,5.858,700655.67481869,100,0,16.044719830296863,51.67524977138756,32.280030398315574
2021-01-05,ICICI,25.0446,5.85,700655.67481869,100,0,16.044719830296863,51.67524977138756,32.280030398315574
2021-01-06,ICICI,25.0451,5.894,700655.67481869,100,0,16.044719830296863,51.67524977138756,32.280030398315574
2021-01-07,ICICI,25.0508,5.892,700655.67481869,100,0,16.044719830296863,51.67524977138756,32.280030398315574
2021-01-08,ICICI,25.0605,5.892,700655.67481869,100,0,16.044719830296863,51.67524977138756,32.280030398315574
2021-01-11,ICICI,25.0503,5.924,700655.67481869,100,0,16.044719830296863,51.67524977138756,32.280030398315574
2021-01-12,ICICI,25.0513,5.931,700655.67481869,100,0,16.044719830296863,51.67524977138756,32.280030398315574
2021-01-13,ICICI,25.0515,5.947,700655.67481869,100,0,16.044719830296863,51.67524977138756,32.280030398315574
2021-01-14,ICICI,25.0362,5.924,700655.67481869,100,0,16.044719830296863,51.67524977138756,32.280030398315574
2021-01-15,ICICI,25.0357,5.988,700655.67481869,100,0,16.044719830296863,51.67524977138756,32.280030398315574
2021-01-18,ICICI,25.027,5.957,700655.67481869,100,0,16.044719830296863,51.67524977138756,32.280030398315574
2021-01-19,ICICI,25.0371,5.936,700655.67481869,100,0,16.044719830296863,51.67524977138756,32.280030398315574
2021-01-20,ICICI,25.0465,5.942,700655.67481869,100,0,16.044719830296863,51.67524977138756,32.280030398315574
2021-01-21,ICICI,25.0523,5.956,700655.67481869,100,0,16.044719830296863,51.67524977138756,32.280030398315574
2021-01-22,ICICI,25.0443,5.939,700655.67481869,100,0,16.044719830296863,51.67524977138756,32.280030398315574
2021-01-25,ICICI,25.055,5.954,700655.67481869,100,0,16.044719830296863,51.67524977138756,32.280030398315574
2021-01-27,ICICI,25.0589,5.954,700655.67481869,100,0,16.044719830296863,51.67524977138756,32.280030398315574
2021-01-28,ICICI,25.0636,5.933,700655.67481869,100,0,16.044719830296863,51.67524977138756,32.280030398315574
2021-01-29,ICICI,25.0843,5.949,700655.67481869,100,0,16.044719830296863,51.67524977138756,32.280030398315574
2021-02-01,ICICI,25.0501,6.06,711677.23247618,100,0,20.338408114643656,51.56937910222748,28.092212783128865
2021-02-02,ICICI,25.0386,6.127,711677.23247618,100,0,20.338408114643656,51.56937910222748,28.092212783128865
2021-02-03,ICICI,25.0485,6.084,711677.23247618,100,0,20.338408114643656,51.56937910222748,28.092212783128865
2021-02-04,ICICI,25.0462,6.074,711677.23247618,100,0,20.338408114643656,51.56937910222748,28.092212783128865
2021-02-05,ICICI,25.0472,6.071,711677.23247618,100,0,20.338408114643656,51.56937910222748,28.092212783128865
2021-02-08,ICICI,25.0518,6.04,711677.23247618,100,0,20.338408114643656,51.56937910222748,28.092212783128865
2021-02-09,ICICI,25.0472,6.074,711677.23247618,100,0,20.338408114643656,51.56937910222748,28.092212783128865
2021-02-10,ICICI,25.0521,6.01,711677.23247618,100,0,20.338408114643656,51.56937910222748,28.092212783128865
2021-02-11,ICICI,25.0668,5.962,711677.23247618,100,0,20.338408114643656,51.56937910222748,28.092212783128865
2021-02-12,ICICI,25.0752,5.99,711677.23247618,100,0,20.338408114643656,51.56937910222748,28.092212783128865
2021-02-15,ICICI,25.0959,6.022,711677.23247618,100,0,20.338408114643656,51.56937910222748,28.092212783128865
2021-02-16,ICICI,25.1013,6.022,711677.23247618,100,0,20.338408114643656,51.56937910222748,28.092212783128865
2021-02-17,ICICI,25.1086,6.03,711677.23247618,100,0,20.338408114643656,51.56937910222748,28.092212783128865
2021-02-18,ICICI,25.1134,6.132,711677.23247618,100,0,20.338408114643656,51.56937910222748,28.092212783128865
2021-02-22,ICICI,25.0834,6.202,711677.23247618,100,0,20.338408114643656,51.56937910222748,28.092212783128865
2021-02-23,ICICI,25.0827,6.172,711677.23247618,100,0,20.338408114643656,51.56937910222748,28.092212783128865
2021-02-24,ICICI,25.1024,6.147,711677.23247618,100,0,20.338408114643656,51.56937910222748,28.092212783128865
2021-02-25,ICICI,25.0906,6.182,711677.23247618,100,0,20.338408114643656,51.56937910222748,28.092212783128865
2021-02-26,ICICI,25.0781,6.229,711677.23247618,100,0,20.338408114643656,51.56937910222748,28.092212783128865
2021-03-01,ICICI,25.1023,6.209,721717.09549245,100,0,15.783702119177695,57.574728088601226,26.641569792221095
2021-03-02,ICICI,25.1182,6.236,721717.09549245,100,0,15.783702119177695,57.574728088601226,26.641569792221095
2021-03-03,ICICI,25.1168,6.238,721717.09549245,100,0,15.783702119177695,57.574728088601226,26.641569792221095
2021-03-04,ICICI,25.1315,6.212,721717.09549245,100,0,15.783702119177695,57.574728088601226,26.641569792221095
2021-03-05,ICICI,25.1311,6.232,721717.09549245,100,0,15.783702119177695,57.574728088601226,26.641569792221095
2021-03-08,ICICI,25.15,6.223,721717.09549245,100,0,15.783702119177695,57.574728088601226,26.641569792221095
2021-03-09,ICICI,25.1623,6.206,721717.09549245,100,0,15.783702119177695,57.574728088601226,26.641569792221095
2021-03-10,ICICI,25.1567,6.247,721717.09549245,100,0,15.783702119177695,57.574728088601226,26.641569792221095
2021-03-12,ICICI,25.1615,6.232,721717.09549245,100,0,15.783702119177695,57.574728088601226,26.641569792221095
2021-03-15,ICICI,25.1449,6.201,721717.09549245,100,0,15.783702119177695,57.574728088601226,26.641569792221095
2021-03-16,ICICI,25.1328,6.18,721717.09549245,100,0,15.783702119177695,57.574728088601226,26.641569792221095
2021-03-17,ICICI,25.1312,6.185,721717.09549245,100,0,15.783702119177695,57.574728088601226,26.641569792221095
2021-03-18,ICICI,25.1416,6.202,721717.09549245,100,0,15.783702119177695,57.574728088601226,26.641569792221095
2021-03-19,ICICI,25.1474,6.193,721717.09549245,100,0,15.783702119177695,57.574728088601226,26.641569792221095
2021-03-22,ICICI,25.1732,6.18,721717.09549245,100,0,15.783702119177695,57.574728088601226,26.641569792221095
2021-03-23,ICICI,25.1904,6.144,721717.09549245,100,0,15.783702119177695,57.574728088601226,26.641569792221095
2021-03-24,ICICI,25.2091,6.152,721717.09549245,100,0,15.783702119177695,57.574728088601226,26.641569792221095
2021-03-25,ICICI,25.2182,6.131,721717.09549245,100,0,15.783702119177695,57.574728088601226,26.641569792221095
2021-03-26,ICICI,25.2272,6.123,721717.09549245,100,0,15.783702119177695,57.574728088601226,26.641569792221095
2021-03-30,ICICI,25.2553,6.143,721717.09549245,100,0,15.783702119177695,57.574728088601226,26.641569792221095
2021-03-31,ICICI,25.2778,6.177,721717.09549245,100,0,15.783702119177695,57.574728088601226,26.641569792221095
2021-04-05,ICICI,25.3094,6.123,722750.39489051,100,0,15.82393673484882,55.63422438016119,28.541838884990007
2021-04-06,ICICI,25.3303,6.122,722750.39489051,100,0,15.82393673484882,55.63422438016119,28.541838884990007
2021-04-07,ICICI,25.3317,6.082,722750.39489051,100,0,15.82393673484882,55.63422438016119,28.541838884990007
2021-04-08,ICICI,25.3412,6.031,722750.39489051,100,0,15.82393673484882,55.63422438016119,28.541838884990007
2021-04-09,ICICI,25.3357,6.017,722750.39489051,100,0,15.82393673484882,55.63422438016119,28.541838884990007
2021-04-12,ICICI,25.3405,6.011,722750.39489051,100,0,15.82393673484882,55.63422438016119,28.541838884990007
2021-04-15,ICICI,25.3444,6.126,722750.39489051,100,0,15.82393673484882,55.63422438016119,28.541838884990007
2021-04-16,ICICI,25.3381,6.088,722750.39489051,100,0,15.82393673484882,55.63422438016119,28.541838884990007
2021-04-19,ICICI,25.3499,6.081,722750.39489051,100,0,15.82393673484882,55.63422438016119,28.541838884990007
2021-04-20,ICICI,25.3768,6.074,722750.39489051,100,0,15.82393673484882,55.63422438016119,28.541838884990007
2021-04-22,ICICI,25.389,6.05,722750.39489051,100,0,15.82393673484882,55.63422438016119,28.541838884990007
2021-04-23,ICICI,25.3992,6.035,722750.39489051,100,0,15.82393673484882,55.63422438016119,28.541838884990007
2021-04-26,ICICI,25.4206,6.038,722750.39489051,100,0,15.82393673484882,55.63422438016119,28.541838884990007
2021-04-27,ICICI,25.4305,6.055,722750.39489051,100,0,15.82393673484882,55.63422438016119,28.541838884990007
2021-04-28,ICICI,25.4481,6.053,722750.39489051,100,0,15.82393673484882,55.63422438016119,28.541838884990007
2021-04-29,ICICI,25.4496,6.059,722750.39489051,100,0,15.82393673484882,55.63422438016119,28.541838884990007
2021-04-30,ICICI,25.4681,6.03,722750.39489051,100,0,15.82393673484882,55.63422438016119,28.541838884990007
2021-05-03,ICICI,25.5013,6.001,744263.70278141,100,0,16.428675688894067,56.06902881868692,27.50229549241901
2021-05-04,ICICI,25.5015,6.015,744263.70278141,100,0,16.428675688894067,56.06902881868692,27.50229549241901
2021-05-05,ICICI,25.5163,5.978,744263.70278141,100,0,16.428675688894067,56.06902881868692,27.50229549241901
2021-05-06,ICICI,25.5323,5.974,744263.70278141,100,0,16.428675688894067,56.06902881868692,27.50229549241901
2021-05-07,ICICI,25.5223,6.015,744263.70278141,100,0,16.428675688894067,56.06902881868692,27.50229549241901
2021-05-10,ICICI,25.544,6.014,744263.70278141,100,0,16.428675688894067,56.06902881868692,27.50229549241901
2021-05-11,ICICI,25.55,6.008,744263.70278141,100,0,16.428675688894067,56.06902881868692,27.50229549241901
2021-05-12,ICICI,25.5579,6.01,744263.70278141,100,0,16.428675688894067,56.06902881868692,27.50229549241901
2021-05-14,ICICI,25.5692,5.986,744263.70278141,100,0,16.428675688894067,56.06902881868692,27.50229549241901
2021-05-17,ICICI,25.6023,5.972,744263.70278141,100,0,16.428675688894067,56.06902881868692,27.50229549241901
2021-05-18,ICICI,25.6255,5.976,744263.70278141,100,0,16.428675688894067,56.06902881868692,27.50229549241901
2021-05-19,ICICI,25.6314,5.975,744263.70278141,100,0,16.428675688894067,56.06902881868692,27.50229549241901
2021-05-20,ICICI,25.6424,5.968,744263.70278141,100,0,16.428675688894067,56.06902881868692,27.50229549241901
2021-05-21,ICICI,25.6438,5.977,744263.70278141,100,0,16.428675688894067,56.06902881868692,27.50229549241901
2021-05-24,ICICI,25.6496,5.972,744263.70278141,100,0,16.428675688894067,56.06902881868692,27.50229549241901
2021-05-25,ICICI,25.6567,5.972,744263.70278141,100,0,16.428675688894067,56.06902881868692,27.50229549241901
2021-05-27,ICICI,25.7628,5.987,744263.70278141,100,0,16.428675688894067,56.06902881868692,27.50229549241901
2021-05-28,ICICI,25.7652,6.003,744263.70278141,100,0,16.428675688894067,56.06902881868692,27.50229549241901
2021-05-31,ICICI,25.7579,6.022,744263.70278141,100,0,16.428675688894067,56.06902881868692,27.50229549241901
2021-06-01,ICICI,25.7687,6.025,762590.42469252,100,0,19.521635097912952,54.938117032943445,25.5402478691436
2021-06-02,ICICI,25.7663,6.005,762590.42469252,100,0,19.521635097912952,54.938117032943445,25.5402478691436
2021-06-03,ICICI,25.7713,5.997,762590.42469252,100,0,19.521635097912952,54.938117032943445,25.5402478691436
2021-06-04,ICICI,25.7916,6.028,762590.42469252,100,0,19.521635097912952,54.938117032943445,25.5402478691436
2021-06-07,ICICI,25.82,6.022,762590.42469252,100,0,19.521635097912952,54.938117032943445,25.5402478691436
2021-06-08,ICICI,25.8404,6.006,762590.42469252,100,0,19.521635097912952,54.938117032943445,25.5402478691436
2021-06-09,ICICI,25.8565,6.016,762590.42469252,100,0,19.521635097912952,54.938117032943445,25.5402478691436
2021-06-10,ICICI,25.8843,6.019,762590.42469252,100,0,19.521635097912952,54.938117032943445,25.5402478691436
2021-06-11,ICICI,25.8997,6.006,762590.42469252,100,0,19.521635097912952,54.938117032943445,25.5402478691436
2021-06-14,ICICI,25.9096,6.004,762590.42469252,100,0,19.521635097912952,54.938117032943445,25.5402478691436
2021-06-15,ICICI,25.9089,6.04,762590.42469252,100,0,19.521635097912952,54.938117032943445,25.5402478691436
2021-06-16,ICICI,25.8653,6.045,762590.42469252,100,0,19.521635097912952,54.938117032943445,25.5402478691436
2021-06-17,ICICI,25.8668,6.019,762590.42469252,100,0,19.521635097912952,54.938117032943445,25.5402478691436
2021-06-18,ICICI,25.8601,6.006,762590.42469252,100,0,19.521635097912952,54.938117032943445,25.5402478691436
2021-06-21,ICICI,25.8841,6.029,762590.42469252,100,0,19.521635097912952,54.938117032943445,25.5402478691436
2021-06-22,ICICI,25.8845,6.025,762590.42469252,100,0,19.521635097912952,54.938117032943445,25.5402478691436
2021-06-23,ICICI,25.886,6.018,762590.42469252,100,0,19.521635097912952,54.938117032943445,25.5402478691436
2021-06-24,ICICI,25.8952,6.012,762590.42469252,100,0,19.521635097912952,54.938117032943445,25.5402478691436
2021-06-25,ICICI,25.9,6.028,762590.42469252,100,0,19.521635097912952,54.938117032943445,25.5402478691436
2021-06-28,ICICI,25.8939,6.056,762590.42469252,100,0,19.521635097912952,54.938117032943445,25.5402478691436
2021-06-29,ICICI,25.9103,6.036,762590.42469252,100,0,19.521635097912952,54.938117032943445,25.5402478691436
2021-06-30,ICICI,25.9134,6.051,762590.42469252,100,0,19.521635097912952,54.938117032943445,25.5402478691436
2021-07-01,ICICI,25.915,6.039,778361.3754151,100,0,17.06650203824049,56.55572256071673,26.377775401042783
2021-07-02,ICICI,25.9171,6.065,778361.3754151,100,0,17.06650203824049,56.55572256071673,26.377775401042783
2021-07-05,ICICI,25.9402,6.088,778361.3754151,100,0,17.06650203824049,56.55572256071673,26.377775401042783
2021-07-06,ICICI,25.9255,6.175,778361.3754151,100,0,17.06650203824049,56.55572256071673,26.377775401042783
2021-07-07,ICICI,25.9439,6.164,778361.3754151,100,0,17.06650203824049,56.55572256071673,26.377775401042783
2021-07-08,ICICI,25.966,6.124,778361.3754151,100,0,17.06650203824049,56.55572256071673,26.377775401042783
2021-07-09,ICICI,25.9759,6.186,778361.3754151,100,0,17.06650203824049,56.55572256071673,26.377775401042783
2021-07-12,ICICI,25.9618,6.22,778361.3754151,100,0,17.06650203824049,56.55572256071673,26.377775401042783
2021-07-13,ICICI,26.0006,6.103,778361.3754151,100,0,17.06650203824049,56.55572256071673,26.377775401042783
2021-07-14,ICICI,26.0051,6.109,778361.3754151,100,0,17.06650203824049,56.55572256071673,26.377775401042783
2021-07-15,ICICI,26.0166,6.117,778361.3754151,100,0,17.06650203824049,56.55572256071673,26.377775401042783
2021-07-16,ICICI,26.0309,6.13,778361.3754151,100,0,17.06650203824049,56.55572256071673,26.377775401042783
2021-07-19,ICICI,26.0402,6.127,778361.3754151,100,0,17.06650203824049,56.55572256071673,26.377775401042783
2021-07-20,ICICI,26.0596,6.119,778361.3754151,100,0,17.06650203824049,56.55572256071673,26.377775401042783
2021-07-22,ICICI,26.0157,6.138,778361.3754151,100,0,17.06650203824049,56.55572256071673,26.377775401042783
2021-07-23,ICICI,26.0193,6.165,778361.3754151,100,0,17.06650203824049,56.55572256071673,26.377775401042783
2021-07-26,ICICI,26.0318,6.169,778361.3754151,100,0,17.06650203824049,56.55572256071673,26.377775401042783
2021-07-27,ICICI,26.0439,6.178,778361.3754151,100,0,17.06650203824049,56.55572256071673,26.377775401042783
2021-07-28,ICICI,26.0472,6.188,778361.3754151,100,0,17.06650203824049,56.55572256071673,26.377775401042783
2021-07-29,ICICI,26.0565,6.198,778361.3754151,100,0,17.06650203824049,56.55572256071673,26.377775401042783
2021-07-30,ICICI,26.0607,6.204,778361.3754151,100,0,17.06650203824049,56.55572256071673,26.377775401042783
2021-08-02,ICICI,26.078,6.197,792582.29103133,100,0,14.47709863041984,58.53255683976237,26.9903445298178
2021-08-03,ICICI,26.0807,6.2,792582.29103133,100,0,14.47709863041984,58.53255683976237,26.9903445298178
2021-08-04,ICICI,26.0955,6.199,792582.29103133,100,0,14.47709863041984,58.53255683976237,26.9903445298178
2021-08-05,ICICI,26.0973,6.207,792582.29103133,100,0,14.47709863041984,58.53255683976237,26.9903445298178
2021-08-06,ICICI,26.0845,6.234,792582.29103133,100,0,14.47709863041984,58.53255683976237,26.9903445298178
2021-08-09,ICICI,26.0894,6.221,792582.29103133,100,0,14.47709863041984,58.53255683976237,26.9903445298178
2021-08-10,ICICI,26.091,6.233,792582.29103133,100,0,14.47709863041984,58.53255683976237,26.9903445298178
2021-08-11,ICICI,26.0842,6.236,792582.29103133,100,0,14.47709863041984,58.53255683976237,26.9903445298178
2021-08-12,ICICI,26.1101,6.226,792582.29103133,100,0,14.47709863041984,58.53255683976237,26.9903445298178
2021-08-13,ICICI,26.128,6.241,792582.29103133,100,0,14.47709863041984,58.53255683976237,26.9903445298178
2021-08-17,ICICI,26.1447,6.234,792582.29103133,100,0,14.47709863041984,58.53255683976237,26.9903445298178
2021-08-18,ICICI,26.1679,6.228,792582.29103133,100,0,14.47709863041984,58.53255683976237,26.9903445298178
2021-08-20,ICICI,26.1777,6.234,792582.29103133,100,0,14.47709863041984,58.53255683976237,26.9903445298178
2021-08-23,ICICI,26.1921,6.243,792582.29103133,100,0,14.47709863041984,58.53255683976237,26.9903445298178
2021-08-24,ICICI,26.1958,6.25,792582.29103133,100,0,14.47709863041984,58.53255683976237,26.9903445298178
2021-08-25,ICICI,26.2002,6.241,792582.29103133,100,0,14.47709863041984,58.53255683976237,26.9903445298178
2021-08-26,ICICI,26.2031,6.251,792582.29103133,100,0,14.47709863041984,58.53255683976237,26.9903445298178
2021-08-27,ICICI,26.2153,6.254,792582.29103133,100,0,14.47709863041984,58.53255683976237,26.9903445298178
2021-08-30,ICICI,26.2448,6.225,792582.29103133,100,0,14.47709863041984,58.53255683976237,26.9903445298178
2021-08-31,ICICI,26.259,6.215,792582.29103133,100,0,14.47709863041984,58.53255683976237,26.9903445298178
2021-09-01,ICICI,26.2805,6.199,805318.85080908,100,0,12.387803899003377,58.64173544740266,28.97046065359397
2021-09-02,ICICI,26.3064,6.171,805318.85080908,100,0,12.387803899003377,58.64173544740266,28.97046065359397
2021-09-03,ICICI,26.3022,6.156,805318.85080908,100,0,12.387803899003377,58.64173544740266,28.97046065359397
2021-09-06,ICICI,26.3218,6.173,805318.85080908,100,0,12.387803899003377,58.64173544740266,28.97046065359397
2021-09-07,ICICI,26.3157,6.195,805318.85080908,100,0,12.387803899003377,58.64173544740266,28.97046065359397
2021-09-08,ICICI,26.3311,6.188,805318.85080908,100,0,12.387803899003377,58.64173544740266,28.97046065359397
2021-09-09,ICICI,26.3315,6.178,805318.85080908,100,0,12.387803899003377,58.64173544740266,28.97046065359397
2021-09-13,ICICI,26.3512,6.192,805318.85080908,100,0,12.387803899003377,58.64173544740266,28.97046065359397
2021-09-14,ICICI,26.3588,6.198,805318.85080908,100,0,12.387803899003377,58.64173544740266,28.97046065359397
2021-09-15,ICICI,26.338,6.163,805318.85080908,100,0,12.387803899003377,58.64173544740266,28.97046065359397
2021-09-16,ICICI,26.3461,6.169,805318.85080908,100,0,12.387803899003377,58.64173544740266,28.97046065359397
2021-09-17,ICICI,26.3431,6.167,805318.85080908,100,0,12.387803899003377,58.64173544740266,28.97046065359397
2021-09-20,ICICI,26.3178,6.138,805318.85080908,100,0,12.387803899003377,58.64173544740266,28.97046065359397
2021-09-21,ICICI,26.3318,6.122,805318.85080908,100,0,12.387803899003377,58.64173544740266,28.97046065359397
2021-09-22,ICICI,26.3422,6.138,805318.85080908,100,0,12.387803899003377,58.64173544740266,28.97046065359397
2021-09-23,ICICI,26.3371,6.14,805318.85080908,100,0,12.387803899003377,58.64173544740266,28.97046065359397
2021-09-24,ICICI,26.3221,6.181,805318.85080908,100,0,12.387803899003377,58.64173544740266,28.97046065359397
2021-09-27,ICICI,26.3221,6.209,805318.85080908,100,0,12.387803899003377,58.64173544740266,28.97046065359397
2021-09-28,ICICI,26.3194,6.228,805318.85080908,100,0,12.387803899003377,58.64173544740266,28.97046065359397
2021-09-29,ICICI,26.3278,6.206,805318.85080908,100,0,12.387803899003377,58.64173544740266,28.97046065359397
2021-09-30,ICICI,26.3675,6.223,805318.85080908,100,0,12.387803899003377,58.64173544740266,28.97046065359397
2021-10-01,ICICI,26.3875,6.244,830383.64632366,100,0,12.553116919073954,56.46846154491271,30.978421536013343
2021-10-04,ICICI,26.4105,6.248,830383.64632366,100,0,12.553116919073954,56.46846154491271,30.978421536013343
2021-10-05,ICICI,26.398,6.26,830383.64632366,100,0,12.553116919073954,56.46846154491271,30.978421536013343
2021-10-06,ICICI,26.3971,6.276,830383.64632366,100,0,12.553116919073954,56.46846154491271,30.978421536013343
2021-10-07,ICICI,26.3698,6.267,830383.64632366,100,0,12.553116919073954,56.46846154491271,30.978421536013343
2021-10-08,ICICI,26.3726,6.318,830383.64632366,100,0,12.553116919073954,56.46846154491271,30.978421536013343
2021-10-11,ICICI,26.386,6.34,830383.64632366,100,0,12.553116919073954,56.46846154491271,30.978421536013343
2021-10-12,ICICI,26.3892,6.326,830383.64632366,100,0,12.553116919073954,56.46846154491271,30.978421536013343
2021-10-13,ICICI,26.4157,6.314,830383.64632366,100,0,12.553116919073954,56.46846154491271,30.978421536013343
2021-10-14,ICICI,26.4306,6.328,830383.64632366,100,0,12.553116919073954,56.46846154491271,30.978421536013343
2021-10-18,ICICI,26.4408,6.387,830383.64632366,100,0,12.553116919073954,56.46846154491271,30.978421536013343
2021-10-20,ICICI,26.4303,6.373,830383.64632366,100,0,12.553116919073954,56.46846154491271,30.978421536013343
2021-10-21,ICICI,26.4359,6.338,830383.64632366,100,0,12.553116919073954,56.46846154491271,30.978421536013343
2021-10-22,ICICI,26.4382,6.364,830383.64632366,100,0,12.553116919073954,56.46846154491271,30.978421536013343
2021-10-25,ICICI,26.4428,6.35,830383.64632366,100,0,12.553116919073954,56.46846154491271,30.978421536013343
2021-10-26,ICICI,26.448,6.362,830383.64632366,100,0,12.553116919073954,56.46846154491271,30.978421536013343
2021-10-27,ICICI,26.4612,6.336,830383.64632366,100,0,12.553116919073954,56.46846154491271,30.978421536013343
2021-10-28,ICICI,26.4667,6.367,830383.64632366,100,0,12.553116919073954,56.46846154491271,30.978421536013343
2021-10-29,ICICI,26.4594,6.388,830383.64632366,100,0,12.553116919073954,56.46846154491271,30.978421536013343
2021-11-01,ICICI,26.473,6.387,837290.74872225,100,0,14.860813903614629,57.78106120701129,27.358124889374093
2021-11-02,ICICI,26.4802,6.36,837290.74872225,100,0,14.860813903614629,57.78106120701129,27.358124889374093
2021-11-03,ICICI,26.4875,6.357,837290.74872225,100,0,14.860813903614629,57.78106120701129,27.358124889374093
2021-11-08,ICICI,26.5372,6.301,837290.74872225,100,0,14.860813903614629,57.78106120701129,27.358124889374093
2021-11-09,ICICI,26.565,6.293,837290.74872225,100,0,14.860813903614629,57.78106120701129,27.358124889374093
2021-11-10,ICICI,26.566,6.336,837290.74872225,100,0,14.860813903614629,57.78106120701129,27.358124889374093
2021-11-11,ICICI,26.5543,6.367,837290.74872225,100,0,14.860813903614629,57.78106120701129,27.358124889374093
2021-11-12,ICICI,26.5719,6.368,837290.74872225,100,0,14.860813903614629,57.78106120701129,27.358124889374093
2021-11-15,ICICI,26.5864,6.342,837290.74872225,100,0,14.860813903614629,57.78106120701129,27.358124889374093
2021-11-16,ICICI,26.5859,6.364,837290.74872225,100,0,14.860813903614629,57.78106120701129,27.358124889374093
2021-11-17,ICICI,26.5913,6.361,837290.74872225,100,0,14.860813903614629,57.78106120701129,27.358124889374093
2021-11-18,ICICI,26.5988,6.345,837290.74872225,100,0,14.860813903614629,57.78106120701129,27.358124889374093
2021-11-22,ICICI,26.6133,6.351,837290.74872225,100,0,14.860813903614629,57.78106120701129,27.358124889374093
2021-11-23,ICICI,26.6219,6.364,837290.74872225,100,0,14.860813903614629,57.78106120701129,27.358124889374093
2021-11-24,ICICI,26.6168,6.367,837290.74872225,100,0,14.860813903614629,57.78106120701129,27.358124889374093
2021-11-25,ICICI,26.6277,6.367,837290.74872225,100,0,14.860813903614629,57.78106120701129,27.358124889374093
2021-11-26,ICICI,26.6272,6.33,837290.74872225,100,0,14.860813903614629,57.78106120701129,27.358124889374093
2021-11-29,ICICI,26.6641,6.335,837290.74872225,100,0,14.860813903614629,57.78106120701129,27.358124889374093
2021-11-30,ICICI,26.6742,6.326,837290.74872225,100,0,14.860813903614629,57.78106120701129,27.358124889374093
2021-12-01,ICICI,26.6799,6.353,841586.63621934,100,0,14.5534559044598,58.98144868713288,26.46509540840732
2021-12-02,ICICI,26.6884,6.352,841586.63621934,100,0,14.5534559044598,58.98144868713288,26.46509540840732
2021-12-03,ICICI,26.6952,6.369,841586.63621934,100,0,14.5534559044598,58.98144868713288,26.46509540840732
2021-12-06,ICICI,26.6999,6.359,841586.63621934,100,0,14.5534559044598,58.98144868713288,26.46509540840732
2021-12-07,ICICI,26.6755,6.391,841586.63621934,100,0,14.5534559044598,58.98144868713288,26.46509540840732
2021-12-08,ICICI,26.6962,6.347,841586.63621934,100,0,14.5534559044598,58.98144868713288,26.46509540840732
2021-12-09,ICICI,26.7063,6.348,841586.63621934,100,0,14.5534559044598,58.98144868713288,26.46509540840732
2021-12-10,ICICI,26.7053,6.37,841586.63621934,100,0,14.5534559044598,58.98144868713288,26.46509540840732
2021-12-13,ICICI,26.7196,6.37,841586.63621934,100,0,14.5534559044598,58.98144868713288,26.46509540840732
2021-12-14,ICICI,26.7265,6.356,841586.63621934,100,0,14.5534559044598,58.98144868713288,26.46509540840732
2021-12-15,ICICI,26.7298,6.364,841586.63621934,100,0,14.5534559044598,58.98144868713288,26.46509540840732
2021-12-16,ICICI,26.7301,6.374,841586.63621934,100,0,14.5534559044598,58.98144868713288,26.46509540840732
2021-12-17,ICICI,26.7139,6.411,841586.63621934,100,0,14.5534559044598,58.98144868713288,26.46509540840732
2021-12-20,ICICI,26.6914,6.435,841586.63621934,100,0,14.5534559044598,58.98144868713288,26.46509540840732
2021-12-21,ICICI,26.6926,6.468,841586.63621934,100,0,14.5534559044598,58.98144868713288,26.46509540840732
2021-12-22,ICICI,26.6924,6.464,841586.63621934,100,0,14.5534559044598,58.98144868713288,26.46509540840732
2021-12-23,ICICI,26.696,6.46,841586.63621934,100,0,14.5534559044598,58.98144868713288,26.46509540840732
2021-12-24,ICICI,26.6909,6.462,841586.63621934,100,0,14.5534559044598,58.98144868713288,26.46509540840732
2021-12-27,ICICI,26.6996,6.465,841586.63621934,100,0,14.5534559044598,58.98144868713288,26.46509540840732
2021-12-28,ICICI,26.6999,6.478,841586.63621934,100,0,14.5534559044598,58.98144868713288,26.46509540840732
2021-12-29,ICICI,26.7058,6.461,841586.63621934,100,0,14.5534559044598,58.98144868713288,26.46509540840732
2021-12-30,ICICI,26.7083,6.469,841586.63621934,100,0,14.5534559044598,58.98144868713288,26.46509540840732
2021-12-31,ICICI,26.7129,6.454,841586.63621934,100,0,14.5534559044598,58.98144868713288,26.46509540840732
2022-01-03,ICICI,26.7215,6.46,843603.47621245,100,0,14.38757940460466,58.7869294026642,26.825491192731143
2022-01-04,ICICI,26.719,6.518,843603.47621245,100,0,14.38757940460466,58.7869294026642,26.825491192731143
2022-01-05,ICICI,26.7334,6.508,843603.47621245,100,0,14.38757940460466,58.7869294026642,26.825491192731143
2022-01-06,ICICI,26.7428,6.525,843603.47621245,100,0,14.38757940460466,58.7869294026642,26.825491192731143
2022-01-07,ICICI,26.7478,6.542,843603.47621245,100,0,14.38757940460466,58.7869294026642,26.825491192731143
2022-01-10,ICICI,26.7518,6.59,843603.47621245,100,0,14.38757940460466,58.7869294026642,26.825491192731143
2022-01-11,ICICI,26.7702,6.57,843603.47621245,100,0,14.38757940460466,58.7869294026642,26.825491192731143
2022-01-12,ICICI,26.7765,6.593,843603.47621245,100,0,14.38757940460466,58.7869294026642,26.825491192731143
2022-01-13,ICICI,26.7903,6.561,843603.47621245,100,0,14.38757940460466,58.7869294026642,26.825491192731143
2022-01-14,ICICI,26.7962,6.582,843603.47621245,100,0,14.38757940460466,58.7869294026642,26.825491192731143
2022-01-17,ICICI,26.8021,6.636,843603.47621245,100,0,14.38757940460466,58.7869294026642,26.825491192731143
2022-01-18,ICICI,26.8112,6.627,843603.47621245,100,0,14.38757940460466,58.7869294026642,26.825491192731143
2022-01-19,ICICI,26.8144,6.598,843603.47621245,100,0,14.38757940460466,58.7869294026642,26.825491192731143
2022-01-20,ICICI,26.8207,6.608,843603.47621245,100,0,14.38757940460466,58.7869294026642,26.825491192731143
2022-01-21,ICICI,26.8231,6.62,843603.47621245,100,0,14.38757940460466,58.7869294026642,26.825491192731143
2022-01-24,ICICI,26.8222,6.652,843603.47621245,100,0,14.38757940460466,58.7869294026642,26.825491192731143
2022-01-25,ICICI,26.8198,6.662,843603.47621245,100,0,14.38757940460466,58.7869294026642,26.825491192731143
2022-01-27,ICICI,26.8126,6.746,843603.47621245,100,0,14.38757940460466,58.7869294026642,26.825491192731143
2022-01-28,ICICI,26.819,6.768,843603.47621245,100,0,14.38757940460466,58.7869294026642,26.825491192731143
2022-01-31,ICICI,26.861,6.684,843603.47621245,100,0,14.38757940460466,58.7869294026642,26.825491192731143
2022-02-01,ICICI,26.8177,6.828,841992.26378067,100,0,14.46892391304476,60.57410524288112,24.956970844074103
2022-02-02,ICICI,26.8043,6.88,841992.26378067,100,0,14.46892391304476,60.57410524288112,24.956970844074103
2022-02-03,ICICI,26.8098,6.889,841992.26378067,100,0,14.46892391304476,60.57410524288112,24.956970844074103
2022-02-04,ICICI,26.837,6.879,841992.26378067,100,0,14.46892391304476,60.57410524288112,24.956970844074103
2022-02-08,ICICI,26.8786,6.81,841992.26378067,100,0,14.46892391304476,60.57410524288112,24.956970844074103
2022-02-09,ICICI,26.9005,6.798,841992.26378067,100,0,14.46892391304476,60.57410524288112,24.956970844074103
2022-02-10,ICICI,26.947,6.725,841992.26378067,100,0,14.46892391304476,60.57410524288112,24.956970844074103
2022-02-11,ICICI,26.9806,6.698,841992.26378067,100,0,14.46892391304476,60.57410524288112,24.956970844074103
2022-02-14,ICICI,26.9945,6.667,841992.26378067,100,0,14.46892391304476,60.57410524288112,24.956970844074103
2022-02-15,ICICI,26.9938,6.673,841992.26378067,100,0,14.46892391304476,60.57410524288112,24.956970844074103
2022-02-16,ICICI,27.0086,6.686,841992.26378067,100,0,14.46892391304476,60.57410524288112,24.956970844074103
2022-02-17,ICICI,27.012,6.674,841992.26378067,100,0,14.46892391304476,60.57410524288112,24.956970844074103
2022-02-18,ICICI,27.0242,6.663,841992.26378067,100,0,14.46892391304476,60.57410524288112,24.956970844074103
2022-02-21,ICICI,27.0155,6.693,841992.26378067,100,0,14.46892391304476,60.57410524288112,24.956970844074103
2022-02-22,ICICI,27.0079,6.749,841992.26378067,100,0,14.46892391304476,60.57410524288112,24.956970844074103
2022-02-23,ICICI,27.0362,6.739,841992.26378067,100,0,14.46892391304476,60.57410524288112,24.956970844074103
2022-02-24,ICICI,27.0243,6.759,841992.26378067,100,0,14.46892391304476,60.57410524288112,24.956970844074103
2022-02-25,ICICI,27.0267,6.749,841992.26378067,100,0,14.46892391304476,60.57410524288112,24.956970844074103
2022-02-28,ICICI,27.0289,6.77,841992.26378067,100,0,14.46892391304476,60.57410524288112,24.956970844074103
2022-03-02,ICICI,27.0174,6.814,833347.59823541,100,0,15.425623145947243,58.984449111125365,25.589927742927387
2022-03-03,ICICI,26.993,6.826,833347.59823541,100,0,15.425623145947243,58.984449111125365,25.589927742927387
2022-03-04,ICICI,27.0024,6.813,833347.59823541,100,0,15.425623145947243,58.984449111125365,25.589927742927387
2022-03-07,ICICI,26.981,6.888,833347.59823541,100,0,15.425623145947243,58.984449111125365,25.589927742927387
2022-03-08,ICICI,26.9826,6.895,833347.59823541,100,0,15.425623145947243,58.984449111125365,25.589927742927387
2022-03-09,ICICI,26.9845,6.845,833347.59823541,100,0,15.425623145947243,58.984449111125365,25.589927742927387
2022-03-10,ICICI,27.0109,6.809,833347.59823541,100,0,15.425623145947243,58.984449111125365,25.589927742927387
2022-03-11,ICICI,27.0127,6.855,833347.59823541,100,0,15.425623145947243,58.984449111125365,25.589927742927387
2022-03-14,ICICI,27.0244,6.854,833347.59823541,100,0,15.425623145947243,58.984449111125365,25.589927742927387
2022-03-15,ICICI,27.0543,6.821,833347.59823541,100,0,15.425623145947243,58.984449111125365,25.589927742927387
2022-03-16,ICICI,27.0558,6.788,833347.59823541,100,0,15.425623145947243,58.984449111125365,25.589927742927387
2022-03-17,ICICI,27.0426,6.778,833347.59823541,100,0,15.425623145947243,58.984449111125365,25.589927742927387
2022-03-21,ICICI,27.0708,6.781,833347.59823541,100,0,15.425623145947243,58.984449111125365,25.589927742927387
2022-03-22,ICICI,27.081,6.831,833347.59823541,100,0,15.425623145947243,58.984449111125365,25.589927742927387
2022-03-23,ICICI,27.0939,6.831,833347.59823541,100,0,15.425623145947243,58.984449111125365,25.589927742927387
2022-03-24,ICICI,27.096,6.834,833347.59823541,100,0,15.425623145947243,58.984449111125365,25.589927742927387
2022-03-25,ICICI,27.1008,6.811,833347.59823541,100,0,15.425623145947243,58.984449111125365,25.589927742927387
2022-03-28,ICICI,27.1195,6.836,833347.59823541,100,0,15.425623145947243,58.984449111125365,25.589927742927387
2022-03-29,ICICI,27.1153,6.821,833347.59823541,100,0,15.425623145947243,58.984449111125365,25.589927742927387
2022-03-30,ICICI,27.1435,6.784,833347.59823541,100,0,15.425623145947243,58.984449111125365,25.589927742927387
2022-03-31,ICICI,27.1517,6.843,833347.59823541,100,0,15.425623145947243,58.984449111125365,25.589927742927387
2022-04-04,ICICI,27.1475,6.898,831677.34309596,100,0,15.417826524197428,57.56860325394911,27.013570221853463
2022-04-05,ICICI,27.1767,6.899,831677.34309596,100,0,15.417826524197428,57.56860325394911,27.013570221853463
2022-04-06,ICICI,27.1753,6.917,831677.34309596,100,0,15.417826524197428,57.56860325394911,27.013570221853463
2022-04-07,ICICI,27.1802,6.914,831677.34309596,100,0,15.417826524197428,57.56860325394911,27.013570221853463
2022-04-08,ICICI,27.1039,7.119,831677.34309596,100,0,15.417826524197428,57.56860325394911,27.013570221853463
2022-04-11,ICICI,27.0904,7.149,831677.34309596,100,0,15.417826524197428,57.56860325394911,27.013570221853463
2022-04-12,ICICI,27.0954,7.189,831677.34309596,100,0,15.417826524197428,57.56860325394911,27.013570221853463
2022-04-13,ICICI,27.0681,7.215,831677.34309596,100,0,15.417826524197428,57.56860325394911,27.013570221853463
2022-04-18,ICICI,27.0976,7.153,831677.34309596,100,0,15.417826524197428,57.56860325394911,27.013570221853463
2022-04-19,ICICI,27.1184,7.151,831677.34309596,100,0,15.417826524197428,57.56860325394911,27.013570221853463
2022-04-20,ICICI,27.1413,7.105,831677.34309596,100,0,15.417826524197428,57.56860325394911,27.013570221853463
2022-04-21,ICICI,27.1467,7.144,831677.34309596,100,0,15.417826524197428,57.56860325394911,27.013570221853463
2022-04-22,ICICI,27.1502,7.167,831677.34309596,100,0,15.417826524197428,57.56860325394911,27.013570221853463
2022-04-25,ICICI,27.1852,7.043,831677.34309596,100,0,15.417826524197428,57.56860325394911,27.013570221853463
2022-04-26,ICICI,27.1914,7.053,831677.34309596,100,0,15.417826524197428,57.56860325394911,27.013570221853463
2022-04-27,ICICI,27.198,7.083,831677.34309596,100,0,15.417826524197428,57.56860325394911,27.013570221853463
2022-04-28,ICICI,27.1948,7.155,831677.34309596,100,0,15.417826524197428,57.56860325394911,27.013570221853463
2022-04-29,ICICI,27.1975,7.139,831677.34309596,100,0,15.417826524197428,57.56860325394911,27.013570221853463
2022-05-02,ICICI,27.214,7.119,802156.30074143,100,0,15.858522819328073,58.42730145818079,25.71417572249113
2022-05-04,ICICI,27.0417,7.378,802156.30074143,100,0,15.858522819328073,58.42730145818079,25.71417572249113
2022-05-05,ICICI,27.0248,7.403,802156.30074143,100,0,15.858522819328073,58.42730145818079,25.71417572249113
2022-05-06,ICICI,26.9985,7.451,802156.30074143,100,0,15.858522819328073,58.42730145818079,25.71417572249113
2022-05-09,ICICI,26.9964,7.465,802156.30074143,100,0,15.858522819328073,58.42730145818079,25.71417572249113
2022-05-10,ICICI,27.0242,7.301,802156.30074143,100,0,15.858522819328073,58.42730145818079,25.71417572249113
2022-05-11,ICICI,27.0506,7.215,802156.30074143,100,0,15.858522819328073,58.42730145818079,25.71417572249113
2022-05-12,ICICI,27.0619,7.244,802156.30074143,100,0,15.858522819328073,58.42730145818079,25.71417572249113
2022-05-13,ICICI,27.0287,7.318,802156.30074143,100,0,15.858522819328073,58.42730145818079,25.71417572249113
2022-05-17,ICICI,27.0384,7.366,802156.30074143,100,0,15.858522819328073,58.42730145818079,25.71417572249113
2022-05-18,ICICI,27.049,7.355,802156.30074143,100,0,15.858522819328073,58.42730145818079,25.71417572249113
2022-05-19,ICICI,27.0821,7.32,802156.30074143,100,0,15.858522819328073,58.42730145818079,25.71417572249113
2022-05-20,ICICI,27.0849,7.359,802156.30074143,100,0,15.858522819328073,58.42730145818079,25.71417572249113
2022-05-23,ICICI,27.1005,7.386,802156.30074143,100,0,15.858522819328073,58.42730145818079,25.71417572249113
2022-05-24,ICICI,27.1163,7.359,802156.30074143,100,0,15.858522819328073,58.42730145818079,25.71417572249113
2022-05-25,ICICI,27.1169,7.305,802156.30074143,100,0,15.858522819328073,58.42730145818079,25.71417572249113
2022-05-26,ICICI,27.1246,7.294,802156.30074143,100,0,15.858522819328073,58.42730145818079,25.71417572249113
2022-05-27,ICICI,27.1259,7.35,802156.30074143,100,0,15.858522819328073,58.42730145818079,25.71417572249113
2022-05-30,ICICI,27.1287,7.409,802156.30074143,100,0,15.858522819328073,58.42730145818079,25.71417572249113
2022-05-31,ICICI,27.1432,7.415,802156.30074143,100,0,15.858522819328073,58.42730145818079,25.71417572249113
2022-06-01,ICICI,27.1453,7.414,792484.27032003,100,0,15.998108069504966,58.27842485924952,25.723467071245505
2022-06-02,ICICI,27.1172,7.434,792484.27032003,100,0,15.998108069504966,58.27842485924952,25.723467071245505
2022-06-03,ICICI,27.1181,7.456,792484.27032003,100,0,15.998108069504966,58.27842485924952,25.723467071245505
2022-06-06,ICICI,27.1082,7.5,792484.27032003,100,0,15.998108069504966,58.27842485924952,25.723467071245505
2022-06-07,ICICI,27.083,7.518,792484.27032003,100,0,15.998108069504966,58.27842485924952,25.723467071245505
2022-06-08,ICICI,27.131,7.494,792484.27032003,100,0,15.998108069504966,58.27842485924952,25.723467071245505
2022-06-09,ICICI,27.1336,7.496,792484.27032003,100,0,15.998108069504966,58.27842485924952,25.723467071245505
2022-06-10,ICICI,27.1401,7.519,792484.27032003,100,0,15.998108069504966,58.27842485924952,25.723467071245505
2022-06-13,ICICI,27.1173,7.604,792484.27032003,100,0,15.998108069504966,58.27842485924952,25.723467071245505
2022-06-14,ICICI,27.1011,7.581,792484.27032003,100,0,15.998108069504966,58.27842485924952,25.723467071245505
2022-06-15,ICICI,27.0837,7.592,792484.27032003,100,0,15.998108069504966,58.27842485924952,25.723467071245505
2022-06-16,ICICI,27.0885,7.617,792484.27032003,100,0,15.998108069504966,58.27842485924952,25.723467071245505
2022-06-17,ICICI,27.0918,7.546,792484.27032003,100,0,15.998108069504966,58.27842485924952,25.723467071245505
2022-06-20,ICICI,27.1403,7.427,792484.27032003,100,0,15.998108069504966,58.27842485924952,25.723467071245505
2022-06-21,ICICI,27.1422,7.482,792484.27032003,100,0,15.998108069504966,58.27842485924952,25.723467071245505
2022-06-22,ICICI,27.0976,7.396,792484.27032003,100,0,15.998108069504966,58.27842485924952,25.723467071245505
2022-06-23,ICICI,27.2055,7.419,792484.27032003,100,0,15.998108069504966,58.27842485924952,25.723467071245505
2022-06-24,ICICI,27.2081,7.444,792484.27032003,100,0,15.998108069504966,58.27842485924952,25.723467071245505
2022-06-27,ICICI,27.227,7.407,792484.27032003,100,0,15.998108069504966,58.27842485924952,25.723467071245505
2022-06-28,ICICI,27.2228,7.466,792484.27032003,100,0,15.998108069504966,58.27842485924952,25.723467071245505
2022-06-29,ICICI,27.2312,7.459,792484.27032003,100,0,15.998108069504966,58.27842485924952,25.723467071245505
2022-06-30,ICICI,27.2457,7.45,792484.27032003,100,0,15.998108069504966,58.27842485924952,25.723467071245505
2022-07-01,ICICI,27.2672,7.424,794314.65660797,100,0,16.05578707870027,55.91646160682472,28.027751314475008
2022-07-04,ICICI,27.2946,7.374,794314.65660797,100,0,16.05578707870027,55.91646160682472,28.027751314475008
2022-07-05,ICICI,27.3007,7.391,794314.65660797,100,0,16.05578707870027,55.91646160682472,28.027751314475008
2022-07-06,ICICI,27.3587,7.294,794314.65660797,100,0,16.05578707870027,55.91646160682472,28.027751314475008
2022-07-07,ICICI,27.3458,7.354,794314.65660797,100,0,16.05578707870027,55.91646160682472,28.027751314475008
2022-07-08,ICICI,27.3422,7.415,794314.65660797,100,0,16.05578707870027,55.91646160682472,28.027751314475008
2022-07-11,ICICI,27.3489,7.427,794314.65660797,100,0,16.05578707870027,55.91646160682472,28.027751314475008
2022-07-12,ICICI,27.3604,7.391,794314.65660797,100,0,16.05578707870027,55.91646160682472,28.027751314475008
2022-07-13,ICICI,27.3851,7.337,794314.65660797,100,0,16.05578707870027,55.91646160682472,28.027751314475008
2022-07-14,ICICI,27.3838,7.384,794314.65660797,100,0,16.05578707870027,55.91646160682472,28.027751314475008
2022-07-15,ICICI,27.3847,7.438,794314.65660797,100,0,16.05578707870027,55.91646160682472,28.027751314475008
2022-07-18,ICICI,27.3939,7.437,794314.65660797,100,0,16.05578707870027,55.91646160682472,28.027751314475008
2022-07-19,ICICI,27.392,7.434,794314.65660797,100,0,16.05578707870027,55.91646160682472,28.027751314475008
2022-07-20,ICICI,27.3996,7.449,794314.65660797,100,0,16.05578707870027,55.91646160682472,28.027751314475008
2022-07-21,ICICI,27.4028,7.44,794314.65660797,100,0,16.05578707870027,55.91646160682472,28.027751314475008
2022-07-22,ICICI,27.4174,7.414,794314.65660797,100,0,16.05578707870027,55.91646160682472,28.027751314475008
2022-07-25,ICICI,27.4411,7.391,794314.65660797,100,0,16.05578707870027,55.91646160682472,28.027751314475008
2022-07-26,ICICI,27.4407,7.367,794314.65660797,100,0,16.05578707870027,55.91646160682472,28.027751314475008
2022-07-27,ICICI,27.4647,7.338,794314.65660797,100,0,16.05578707870027,55.91646160682472,28.027751314475008
2022-07-28,ICICI,27.4783,7.332,794314.65660797,100,0,16.05578707870027,55.91646160682472,28.027751314475008
2022-07-29,ICICI,27.501,7.32,794314.65660797,100,0,16.05578707870027,55.91646160682472,28.027751314475008
2022-08-01,ICICI,27.532,7.24,801420.97050713,100,0,17.955204991061507,51.43741256971008,30.60738243922841
2022-08-02,ICICI,27.5592,7.196,801420.97050713,100,0,17.955204991061507,51.43741256971008,30.60738243922841
2022-08-03,ICICI,27.5413,7.242,801420.97050713,100,0,17.955204991061507,51.43741256971008,30.60738243922841
2022-08-04,ICICI,27.5739,7.157,801420.97050713,100,0,17.955204991061507,51.43741256971008,30.60738243922841
2022-08-05,ICICI,27.5359,7.3,801420.97050713,100,0,17.955204991061507,51.43741256971008,30.60738243922841
2022-08-08,ICICI,27.5558,7.348,801420.97050713,100,0,17.955204991061507,51.43741256971008,30.60738243922841
2022-08-10,ICICI,27.5879,7.31,801420.97050713,100,0,17.955204991061507,51.43741256971008,30.60738243922841
2022-08-11,ICICI,27.5988,7.267,801420.97050713,100,0,17.955204991061507,51.43741256971008,30.60738243922841
2022-08-12,ICICI,27.6032,7.289,801420.97050713,100,0,17.955204991061507,51.43741256971008,30.60738243922841
2022-08-17,ICICI,27.6529,7.182,801420.97050713,100,0,17.955204991061507,51.43741256971008,30.60738243922841
2022-08-18,ICICI,27.6379,7.242,801420.97050713,100,0,17.955204991061507,51.43741256971008,30.60738243922841
2022-08-19,ICICI,27.6433,7.264,801420.97050713,100,0,17.955204991061507,51.43741256971008,30.60738243922841
2022-08-22,ICICI,27.6586,7.27,801420.97050713,100,0,17.955204991061507,51.43741256971008,30.60738243922841
2022-08-23,ICICI,27.6545,7.281,801420.97050713,100,0,17.955204991061507,51.43741256971008,30.60738243922841
2022-08-24,ICICI,27.6594,7.286,801420.97050713,100,0,17.955204991061507,51.43741256971008,30.60738243922841
2022-08-25,ICICI,27.6619,7.292,801420.97050713,100,0,17.955204991061507,51.43741256971008,30.60738243922841
2022-08-26,ICICI,27.6762,7.217,801420.97050713,100,0,17.955204991061507,51.43741256971008,30.60738243922841
2022-08-29,ICICI,27.6818,7.253,801420.97050713,100,0,17.955204991061507,51.43741256971008,30.60738243922841
2022-08-30,ICICI,27.6998,7.188,801420.97050713,100,0,17.955204991061507,51.43741256971008,30.60738243922841
2022-09-01,ICICI,27.7158,7.215,790322.55895902,100,0,20.45957809588743,50.50878561236162,29.03163629175095
2022-09-02,ICICI,27.7189,7.232,790322.55895902,100,0,20.45957809588743,50.50878561236162,29.03163629175095
2022-09-05,ICICI,27.7335,7.218,790322.55895902,100,0,20.45957809588743,50.50878561236162,29.03163629175095
2022-09-06,ICICI,27.7422,7.179,790322.55895902,100,0,20.45957809588743,50.50878561236162,29.03163629175095
2022-09-07,ICICI,27.7009,7.185,790322.55895902,100,0,20.45957809588743,50.50878561236162,29.03163629175095
2022-09-08,ICICI,27.7283,7.135,790322.55895902,100,0,20.45957809588743,50.50878561236162,29.03163629175095
2022-09-09,ICICI,27.7343,7.167,790322.55895902,100,0,20.45957809588743,50.50878561236162,29.03163629175095
2022-09-12,ICICI,27.7432,7.181,790322.55895902,100,0,20.45957809588743,50.50878561236162,29.03163629175095
2022-09-13,ICICI,27.7618,7.108,790322.55895902,100,0,20.45957809588743,50.50878561236162,29.03163629175095
2022-09-14,ICICI,27.7545,7.155,790322.55895902,100,0,20.45957809588743,50.50878561236162,29.03163629175095
2022-09-15,ICICI,27.7451,7.238,790322.55895902,100,0,20.45957809588743,50.50878561236162,29.03163629175095
2022-09-16,ICICI,27.7179,7.266,790322.55895902,100,0,20.45957809588743,50.50878561236162,29.03163629175095
2022-09-19,ICICI,27.7276,7.277,790322.55895902,100,0,20.45957809588743,50.50878561236162,29.03163629175095
2022-09-20,ICICI,27.726,7.294,790322.55895902,100,0,20.45957809588743,50.50878561236162,29.03163629175095
2022-09-21,ICICI,27.7314,7.233,790322.55895902,100,0,20.45957809588743,50.50878561236162,29.03163629175095
2022-09-22,ICICI,27.7056,7.312,790322.55895902,100,0,20.45957809588743,50.50878561236162,29.03163629175095
2022-09-23,ICICI,27.6938,7.393,790322.55895902,100,0,20.45957809588743,50.50878561236162,29.03163629175095
2022-09-26,ICICI,27.6844,7.359,790322.55895902,100,0,20.45957809588743,50.50878561236162,29.03163629175095
2022-09-27,ICICI,27.6826,7.292,790322.55895902,100,0,20.45957809588743,50.50878561236162,29.03163629175095
2022-09-28,ICICI,27.7011,7.333,790322.55895902,100,0,20.45957809588743,50.50878561236162,29.03163629175095
2022-09-29,ICICI,27.7237,7.34,790322.55895902,100,0,20.45957809588743,50.50878561236162,29.03163629175095
2022-09-30,ICICI,27.7236,7.398,790322.55895902,100,0,20.45957809588743,50.50878561236162,29.03163629175095
2022-10-03,ICICI,27.7343,7.468,783787.25366859,100,0,22.927180904657984,52.1723537904039,24.900465304938116
2022-10-04,ICICI,27.7535,7.362,783787.25366859,100,0,22.927180904657984,52.1723537904039,24.900465304938116
2022-10-06,ICICI,27.7474,7.454,783787.25366859,100,0,22.927180904657984,52.1723537904039,24.900465304938116
2022-10-07,ICICI,27.745,7.46,783787.25366859,100,0,22.927180904657984,52.1723537904039,24.900465304938116
2022-10-10,ICICI,27.7385,7.476,783787.25366859,100,0,22.927180904657984,52.1723537904039,24.900465304938116
2022-10-11,ICICI,27.7346,7.426,783787.25366859,100,0,22.927180904657984,52.1723537904039,24.900465304938116
2022-10-12,ICICI,27.7463,7.435,783787.25366859,100,0,22.927180904657984,52.1723537904039,24.900465304938116
2022-10-13,ICICI,27.7492,7.422,783787.25366859,100,0,22.927180904657984,52.1723537904039,24.900465304938116
2022-10-14,ICICI,27.7361,7.47,783787.25366859,100,0,22.927180904657984,52.1723537904039,24.900465304938116
2022-10-17,ICICI,27.782,7.407,783787.25366859,100,0,22.927180904657984,52.1723537904039,24.900465304938116
2022-10-18,ICICI,27.8067,7.426,783787.25366859,100,0,22.927180904657984,52.1723537904039,24.900465304938116
2022-10-19,ICICI,27.7942,7.451,783787.25366859,100,0,22.927180904657984,52.1723537904039,24.900465304938116
2022-10-20,ICICI,27.7829,7.476,783787.25366859,100,0,22.927180904657984,52.1723537904039,24.900465304938116
2022-10-21,ICICI,27.7871,7.511,783787.25366859,100,0,22.927180904657984,52.1723537904039,24.900465304938116
2022-10-25,ICICI,27.8257,7.442,783787.25366859,100,0,22.927180904657984,52.1723537904039,24.900465304938116
2022-10-27,ICICI,27.8536,7.412,783787.25366859,100,0,22.927180904657984,52.1723537904039,24.900465304938116
2022-10-28,ICICI,27.8703,7.416,783787.25366859,100,0,22.927180904657984,52.1723537904039,24.900465304938116
2022-10-31,ICICI,27.8895,7.445,783787.25366859,100,0,22.927180904657984,52.1723537904039,24.900465304938116
2022-11-01,ICICI,27.9005,7.396,788019.97975436,100,0,22.29368966114049,47.87088369096511,29.83542664789441
2022-11-02,ICICI,27.8913,7.404,788019.97975436,100,0,22.29368966114049,47.87088369096511,29.83542664789441
2022-11-03,ICICI,27.8815,7.482,788019.97975436,100,0,22.29368966114049,47.87088369096511,29.83542664789441
2022-11-04,ICICI,27.8742,7.469,788019.97975436,100,0,22.29368966114049,47.87088369096511,29.83542664789441
2022-11-07,ICICI,27.9011,7.434,788019.97975436,100,0,22.29368966114049,47.87088369096511,29.83542664789441
2022-11-09,ICICI,27.923,7.387,788019.97975436,100,0,22.29368966114049,47.87088369096511,29.83542664789441
2022-11-10,ICICI,27.936,7.346,788019.97975436,100,0,22.29368966114049,47.87088369096511,29.83542664789441
2022-11-11,ICICI,27.9827,7.307,788019.97975436,100,0,22.29368966114049,47.87088369096511,29.83542664789441
2022-11-14,ICICI,27.9998,7.287,788019.97975436,100,0,22.29368966114049,47.87088369096511,29.83542664789441
2022-11-15,ICICI,27.9908,7.261,788019.97975436,100,0,22.29368966114049,47.87088369096511,29.83542664789441
2022-11-16,ICICI,27.9963,7.274,788019.97975436,100,0,22.29368966114049,47.87088369096511,29.83542664789441
2022-11-17,ICICI,28.0092,7.281,788019.97975436,100,0,22.29368966114049,47.87088369096511,29.83542664789441
2022-11-18,ICICI,27.9854,7.307,788019.97975436,100,0,22.29368966114049,47.87088369096511,29.83542664789441
2022-11-21,ICICI,28.0052,7.32,788019.97975436,100,0,22.29368966114049,47.87088369096511,29.83542664789441
2022-11-22,ICICI,28.0325,7.285,788019.97975436,100,0,22.29368966114049,47.87088369096511,29.83542664789441
2022-11-23,ICICI,28.0495,7.291,788019.97975436,100,0,22.29368966114049,47.87088369096511,29.83542664789441
2022-11-24,ICICI,28.0546,7.255,788019.97975436,100,0,22.29368966114049,47.87088369096511,29.83542664789441
2022-11-25,ICICI,28.0575,7.301,788019.97975436,100,0,22.29368966114049,47.87088369096511,29.83542664789441
2022-11-28,ICICI,28.0801,7.274,788019.97975436,100,0,22.29368966114049,47.87088369096511,29.83542664789441
2022-11-29,ICICI,28.0855,7.279,788019.97975436,100,0,22.29368966114049,47.87088369096511,29.83542664789441
2022-11-30,ICICI,28.0975,7.28,788019.97975436,100,0,22.29368966114049,47.87088369096511,29.83542664789441
2022-12-01,ICICI,28.1136,7.21,786599.98421941,100,0,23.153940539751307,48.213619340365,28.632440119883697
2022-12-02,ICICI,28.1199,7.221,786599.98421941,100,0,23.153940539751307,48.213619340365,28.632440119883697
2022-12-05,ICICI,28.1344,7.226,786599.98421941,100,0,23.153940539751307,48.213619340365,28.632440119883697
2022-12-06,ICICI,28.1467,7.249,786599.98421941,100,0,23.153940539751307,48.213619340365,28.632440119883697
2022-12-07,ICICI,28.1619,7.269,786599.98421941,100,0,23.153940539751307,48.213619340365,28.632440119883697
2022-12-08,ICICI,28.1726,7.288,786599.98421941,100,0,23.153940539751307,48.213619340365,28.632440119883697
2022-12-09,ICICI,28.1878,7.299,786599.98421941,100,0,23.153940539751307,48.213619340365,28.632440119883697
2022-12-12,ICICI,28.206,7.294,786599.98421941,100,0,23.153940539751307,48.213619340365,28.632440119883697
2022-12-13,ICICI,28.2094,7.265,786599.98421941,100,0,23.153940539751307,48.213619340365,28.632440119883697
2022-12-14,ICICI,28.2219,7.221,786599.98421941,100,0,23.153940539751307,48.213619340365,28.632440119883697
2022-12-15,ICICI,28.226,7.268,786599.98421941,100,0,23.153940539751307,48.213619340365,28.632440119883697
2022-12-16,ICICI,28.2245,7.281,786599.98421941,100,0,23.153940539751307,48.213619340365,28.632440119883697
2022-12-19,ICICI,28.237,7.297,786599.98421941,100,0,23.153940539751307,48.213619340365,28.632440119883697
2022-12-20,ICICI,28.237,7.299,786599.98421941,100,0,23.153940539751307,48.213619340365,28.632440119883697
2022-12-21,ICICI,28.2371,7.287,786599.98421941,100,0,23.153940539751307,48.213619340365,28.632440119883697
2022-12-22,ICICI,28.2397,7.316,786599.98421941,100,0,23.153940539751307,48.213619340365,28.632440119883697
2022-12-23,ICICI,28.2266,7.318,786599.98421941,100,0,23.153940539751307,48.213619340365,28.632440119883697
2022-12-26,ICICI,28.2259,7.319,786599.98421941,100,0,23.153940539751307,48.213619340365,28.632440119883697
2022-12-27,ICICI,28.2287,7.308,786599.98421941,100,0,23.153940539751307,48.213619340365,28.632440119883697
2022-12-28,ICICI,28.2338,7.314,786599.98421941,100,0,23.153940539751307,48.213619340365,28.632440119883697
2022-12-29,ICICI,28.2434,7.311,786599.98421941,100,0,23.153940539751307,48.213619340365,28.632440119883697
2022-12-30,ICICI,28.2473,7.327,786599.98421941,100,0,23.153940539751307,48.213619340365,28.632440119883697
2023-01-02,ICICI,28.2641,7.34,774059.21751033,100,0,26.540641276074705,43.40621207853047,30.05314664539484
2023-01-03,ICICI,28.2808,7.321,774059.21751033,100,0,26.540641276074705,43.40621207853047,30.05314664539484
2023-01-04,ICICI,28.2877,7.321,774059.21751033,100,0,26.540641276074705,43.40621207853047,30.05314664539484
2023-01-05,ICICI,28.2929,7.327,774059.21751033,100,0,26.540641276074705,43.40621207853047,30.05314664539484
2023-01-06,ICICI,28.2928,7.373,774059.21751033,100,0,26.540641276074705,43.40621207853047,30.05314664539484
2023-01-09,ICICI,28.3116,7.342,774059.21751033,100,0,26.540641276074705,43.40621207853047,30.05314664539484
2023-01-10,ICICI,28.2972,7.313,774059.21751033,100,0,26.540641276074705,43.40621207853047,30.05314664539484
2023-01-11,ICICI,28.3075,7.291,774059.21751033,100,0,26.540641276074705,43.40621207853047,30.05314664539484
2023-01-12,ICICI,28.3181,7.286,774059.21751033,100,0,26.540641276074705,43.40621207853047,30.05314664539484
2023-01-13,ICICI,28.3117,7.299,774059.21751033,100,0,26.540641276074705,43.40621207853047,30.05314664539484
2023-01-16,ICICI,28.3191,7.327,774059.21751033,100,0,26.540641276074705,43.40621207853047,30.05314664539484
2023-01-17,ICICI,28.3254,7.333,774059.21751033,100,0,26.540641276074705,43.40621207853047,30.05314664539484
2023-01-18,ICICI,28.3236,7.325,774059.21751033,100,0,26.540641276074705,43.40621207853047,30.05314664539484
2023-01-19,ICICI,28.337,7.313,774059.21751033,100,0,26.540641276074705,43.40621207853047,30.05314664539484
2023-01-20,ICICI,28.3297,7.347,774059.21751033,100,0,26.540641276074705,43.40621207853047,30.05314664539484
2023-01-23,ICICI,28.368,7.352,774059.21751033,100,0,26.540641276074705,43.40621207853047,30.05314664539484
2023-01-24,ICICI,28.3875,7.346,774059.21751033,100,0,26.540641276074705,43.40621207853047,30.05314664539484
2023-01-25,ICICI,28.3893,7.347,774059.21751033,100,0,26.540641276074705,43.40621207853047,30.05314664539484
2023-01-27,ICICI,28.3845,7.387,774059.21751033,100,0,26.540641276074705,43.40621207853047,30.05314664539484
2023-01-30,ICICI,28.3766,7.401,774059.21751033,100,0,26.540641276074705,43.40621207853047,30.05314664539484
2023-01-31,ICICI,28.376,7.343,774059.21751033,100,0,26.540641276074705,43.40621207853047,30.05314664539484
2023-02-01,ICICI,28.3755,7.277,758405.47624861,100,0,24.06111849421529,46.2091163110197,29.72976519476502
2023-02-02,ICICI,28.3385,7.296,758405.47624861,100,0,24.06111849421529,46.2091163110197,29.72976519476502
2023-02-03,ICICI,28.3541,7.277,758405.47624861,100,0,24.06111849421529,46.2091163110197,29.72976519476502
2023-02-06,ICICI,28.3691,7.32,758405.47624861,100,0,24.06111849421529,46.2091163110197,29.72976519476502
2023-02-07,ICICI,28.3843,7.309,758405.47624861,100,0,24.06111849421529,46.2091163110197,29.72976519476502
2023-02-08,ICICI,28.39,7.344,758405.47624861,100,0,24.06111849421529,46.2091163110197,29.72976519476502
2023-02-09,ICICI,28.3895,7.344,758405.47624861,100,0,24.06111849421529,46.2091163110197,29.72976519476502
2023-02-10,ICICI,28.4008,7.363,758405.47624861,100,0,24.06111849421529,46.2091163110197,29.72976519476502
2023-02-13,ICICI,28.4155,7.366,758405.47624861,100,0,24.06111849421529,46.2091163110197,29.72976519476502
2023-02-14,ICICI,28.4134,7.371,758405.47624861,100,0,24.06111849421529,46.2091163110197,29.72976519476502
2023-02-15,ICICI,28.4231,7.347,758405.47624861,100,0,24.06111849421529,46.2091163110197,29.72976519476502
2023-02-16,ICICI,28.4292,7.342,758405.47624861,100,0,24.06111849421529,46.2091163110197,29.72976519476502
2023-02-17,ICICI,28.4144,7.388,758405.47624861,100,0,24.06111849421529,46.2091163110197,29.72976519476502
2023-02-20,ICICI,28.432,7.37,758405.47624861,100,0,24.06111849421529,46.2091163110197,29.72976519476502
2023-02-21,ICICI,28.4378,7.391,758405.47624861,100,0,24.06111849421529,46.2091163110197,29.72976519476502
2023-02-22,ICICI,28.4343,7.429,758405.47624861,100,0,24.06111849421529,46.2091163110197,29.72976519476502
2023-02-23,ICICI,28.4426,7.391,758405.47624861,100,0,24.06111849421529,46.2091163110197,29.72976519476502
2023-02-24,ICICI,28.448,7.419,758405.47624861,100,0,24.06111849421529,46.2091163110197,29.72976519476502
2023-02-27,ICICI,28.4466,7.448,758405.47624861,100,0,24.06111849421529,46.2091163110197,29.72976519476502
2023-02-28,ICICI,28.4494,7.457,758405.47624861,100,0,24.06111849421529,46.2091163110197,29.72976519476502
2023-03-01,ICICI,28.4527,7.434,776737.20989717,100,0,28.63964202219644,38.62484958068965,32.73550839711391
2023-03-02,ICICI,28.4467,7.43,776737.20989717,100,0,28.63964202219644,38.62484958068965,32.73550839711391
2023-03-03,ICICI,28.4529,7.416,776737.20989717,100,0,28.63964202219644,38.62484958068965,32.73550839711391
2023-03-06,ICICI,28.4743,7.418,776737.20989717,100,0,28.63964202219644,38.62484958068965,32.73550839711391
2023-03-08,ICICI,28.4727,7.459,776737.20989717,100,0,28.63964202219644,38.62484958068965,32.73550839711391
2023-03-09,ICICI,28.4754,7.441,776737.20989717,100,0,28.63964202219644,38.62484958068965,32.73550839711391
2023-03-10,ICICI,28.4889,7.429,776737.20989717,100,0,28.63964202219644,38.62484958068965,32.73550839711391
2023-03-13,ICICI,28.5166,7.365,776737.20989717,100,0,28.63964202219644,38.62484958068965,32.73550839711391
2023-03-14,ICICI,28.5294,7.378,776737.20989717,100,0,28.63964202219644,38.62484958068965,32.73550839711391
2023-03-15,ICICI,28.5344,7.363,776737.20989717,100,0,28.63964202219644,38.62484958068965,32.73550839711391
2023-03-16,ICICI,28.5478,7.352,776737.20989717,100,0,28.63964202219644,38.62484958068965,32.73550839711391
2023-03-17,ICICI,28.5624,7.354,776737.20989717,100,0,28.63964202219644,38.62484958068965,32.73550839711391
2023-03-20,ICICI,28.6398,7.334,776737.20989717,100,0,28.63964202219644,38.62484958068965,32.73550839711391
2023-03-21,ICICI,28.6499,7.354,776737.20989717,100,0,28.63964202219644,38.62484958068965,32.73550839711391
2023-03-23,ICICI,28.662,7.345,776737.20989717,100,0,28.63964202219644,38.62484958068965,32.73550839711391
2023-03-24,ICICI,28.7261,7.318,776737.20989717,100,0,28.63964202219644,38.62484958068965,32.73550839711391
2023-03-27,ICICI,28.7169,7.312,776737.20989717,100,0,28.63964202219644,38.62484958068965,32.73550839711391
2023-03-28,ICICI,28.686,7.321,776737.20989717,100,0,28.63964202219644,38.62484958068965,32.73550839711391
2023-03-29,ICICI,28.7067,7.296,776737.20989717,100,0,28.63964202219644,38.62484958068965,32.73550839711391
2023-03-31,ICICI,28.7539,7.315,776737.20989717,100,0,28.63964202219644,38.62484958068965,32.73550839711391
2023-04-03,ICICI,28.7731,7.315,782843.11211938,100,0,31.02222121303581,41.76813572832663,27.209643058637564
2023-04-05,ICICI,28.7928,7.273,782843.11211938,100,0,31.02222121303581,41.76813572832663,27.209643058637564
2023-04-06,ICICI,28.8443,7.219,782843.11211938,100,0,31.02222121303581,41.76813572832663,27.209643058637564
2023-04-10,ICICI,28.8635,7.227,782843.11211938,100,0,31.02222121303581,41.76813572832663,27.209643058637564
2023-04-11,ICICI,28.872,7.224,782843.11211938,100,0,31.02222121303581,41.76813572832663,27.209643058637564
2023-04-12,ICICI,28.8842,7.213,782843.11211938,100,0,31.02222121303581,41.76813572832663,27.209643058637564
2023-04-13,ICICI,28.8915,7.229,782843.11211938,100,0,31.02222121303581,41.76813572832663,27.209643058637564
2023-04-17,ICICI,28.9119,7.247,782843.11211938,100,0,31.02222121303581,41.76813572832663,27.209643058637564
2023-04-18,ICICI,28.9417,7.221,782843.11211938,100,0,31.02222121303581,41.76813572832663,27.209643058637564
2023-04-19,ICICI,28.9465,7.227,782843.11211938,100,0,31.02222121303581,41.76813572832663,27.209643058637564
2023-04-20,ICICI,28.9535,7.22,782843.11211938,100,0,31.02222121303581,41.76813572832663,27.209643058637564
2023-04-21,ICICI,28.969,7.185,782843.11211938,100,0,31.02222121303581,41.76813572832663,27.209643058637564
2023-04-24,ICICI,28.9926,7.111,782843.11211938,100,0,31.02222121303581,41.76813572832663,27.209643058637564
2023-04-25,ICICI,28.9857,7.11,782843.11211938,100,0,31.02222121303581,41.76813572832663,27.209643058637564
2023-04-26,ICICI,29.0122,7.116,782843.11211938,100,0,31.02222121303581,41.76813572832663,27.209643058637564
2023-04-27,ICICI,29.0217,7.097,782843.11211938,100,0,31.02222121303581,41.76813572832663,27.209643058637564
2023-04-28,ICICI,29.0415,7.116,782843.11211938,100,0,31.02222121303581,41.76813572832663,27.209643058637564
2023-05-02,ICICI,29.0565,7.106,782366.47793558,100,0,29.82437149166924,45.0428045233616,25.132823984969157
2023-05-03,ICICI,29.0798,7.011,782366.47793558,100,0,29.82437149166924,45.0428045233616,25.132823984969157
2023-05-04,ICICI,29.0684,7.014,782366.47793558,100,0,29.82437149166924,45.0428045233616,25.132823984969157
2023-05-08,ICICI,29.0693,7.047,782366.47793558,100,0,29.82437149166924,45.0428045233616,25.132823984969157
2023-05-09,ICICI,29.0705,7.046,782366.47793558,100,0,29.82437149166924,45.0428045233616,25.132823984969157
2023-05-10,ICICI,29.0952,7.036,782366.47793558,100,0,29.82437149166924,45.0428045233616,25.132823984969157
2023-05-11,ICICI,29.082,7.023,782366.47793558,100,0,29.82437149166924,45.0428045233616,25.132823984969157
2023-05-12,ICICI,29.0914,6.995,782366.47793558,100,0,29.82437149166924,45.0428045233616,25.132823984969157
2023-05-15,ICICI,29.1048,7.001,782366.47793558,100,0,29.82437149166924,45.0428045233616,25.132823984969157
2023-05-16,ICICI,29.1196,6.963,782366.47793558,100,0,29.82437149166924,45.0428045233616,25.132823984969157
2023-05-17,ICICI,29.1143,6.972,782366.47793558,100,0,29.82437149166924,45.0428045233616,25.132823984969157
2023-05-18,ICICI,29.1178,6.983,782366.47793558,100,0,29.82437149166924,45.0428045233616,25.132823984969157
2023-05-19,ICICI,29.1093,7.004,782366.47793558,100,0,29.82437149166924,45.0428045233616,25.132823984969157
2023-05-22,ICICI,29.1446,6.985,782366.47793558,100,0,29.82437149166924,45.0428045233616,25.132823984969157
2023-05-23,ICICI,29.1344,7.016,782366.47793558,100,0,29.82437149166924,45.0428045233616,25.132823984969157
2023-05-24,ICICI,29.145,6.99,782366.47793558,100,0,29.82437149166924,45.0428045233616,25.132823984969157
2023-05-25,ICICI,29.1287,7.007,782366.47793558,100,0,29.82437149166924,45.0428045233616,25.132823984969157
2023-05-26,ICICI,29.1448,7.003,782366.47793558,100,0,29.82437149166924,45.0428045233616,25.132823984969157
2023-05-29,ICICI,29.1689,7.024,782366.47793558,100,0,29.82437149166924,45.0428045233616,25.132823984969157
2023-05-30,ICICI,29.1843,7.011,782366.47793558,100,0,29.82437149166924,45.0428045233616,25.132823984969157
2023-05-31,ICICI,29.2002,6.989,782366.47793558,100,0,29.82437149166924,45.0428045233616,25.132823984969157
2023-06-01,ICICI,29.2116,6.979,767177.32693028,100,0,29.446627811772824,45.86372877338009,24.68964341484709
2023-06-02,ICICI,29.1977,6.984,767177.32693028,100,0,29.446627811772824,45.86372877338009,24.68964341484709
2023-06-05,ICICI,29.2374,6.997,767177.32693028,100,0,29.446627811772824,45.86372877338009,24.68964341484709
2023-06-06,ICICI,29.2509,6.977,767177.32693028,100,0,29.446627811772824,45.86372877338009,24.68964341484709
2023-06-07,ICICI,29.2637,6.982,767177.32693028,100,0,29.446627811772824,45.86372877338009,24.68964341484709
2023-06-08,ICICI,29.2504,7.021,767177.32693028,100,0,29.446627811772824,45.86372877338009,24.68964341484709
2023-06-09,ICICI,29.2409,7.039,767177.32693028,100,0,29.446627811772824,45.86372877338009,24.68964341484709
2023-06-12,ICICI,29.2696,7.016,767177.32693028,100,0,29.446627811772824,45.86372877338009,24.68964341484709
2023-06-13,ICICI,29.2617,7.002,767177.32693028,100,0,29.446627811772824,45.86372877338009,24.68964341484709
2023-06-14,ICICI,29.2734,7.011,767177.32693028,100,0,29.446627811772824,45.86372877338009,24.68964341484709
2023-06-15,ICICI,29.2698,7.036,767177.32693028,100,0,29.446627811772824,45.86372877338009,24.68964341484709
2023-06-16,ICICI,29.271,7.034,767177.32693028,100,0,29.446627811772824,45.86372877338009,24.68964341484709
2023-06-19,ICICI,29.2803,7.053,767177.32693028,100,0,29.446627811772824,45.86372877338009,24.68964341484709
2023-06-20,ICICI,29.2703,7.059,767177.32693028,100,0,29.446627811772824,45.86372877338009,24.68964341484709
2023-06-21,ICICI,29.2778,7.067,767177.32693028,100,0,29.446627811772824,45.86372877338009,24.68964341484709
2023-06-22,ICICI,29.2963,7.086,767177.32693028,100,0,29.446627811772824,45.86372877338009,24.68964341484709
2023-06-23,ICICI,29.2916,7.074,767177.32693028,100,0,29.446627811772824,45.86372877338009,24.68964341484709
2023-06-26,ICICI,29.3109,7.066,767177.32693028,100,0,29.446627811772824,45.86372877338009,24.68964341484709
2023-06-27,ICICI,29.3135,7.063,767177.32693028,100,0,29.446627811772824,45.86372877338009,24.68964341484709
2023-06-28,ICICI,29.3168,7.056,767177.32693028,100,0,29.446627811772824,45.86372877338009,24.68964341484709
2023-06-30,ICICI,29.3263,7.11,767177.32693028,100,0,29.446627811772824,45.86372877338009,24.68964341484709
2023-07-03,ICICI,29.349,7.117,765385.82087863,100,0,31.214208751625968,43.7895680008579,24.99622324751612
2023-07-04,ICICI,29.355,7.119,765385.82087863,100,0,31.214208751625968,43.7895680008579,24.99622324751612
2023-07-05,ICICI,29.3603,7.105,765385.82087863,100,0,31.214208751625968,43.7895680008579,24.99622324751612
2023-07-06,ICICI,29.3692,7.147,765385.82087863,100,0,31.214208751625968,43.7895680008579,24.99622324751612
2023-07-07,ICICI,29.3949,7.159,765385.82087863,100,0,31.214208751625968,43.7895680008579,24.99622324751612
2023-07-10,ICICI,29.4054,7.149,765385.82087863,100,0,31.214208751625968,43.7895680008579,24.99622324751612
2023-07-11,ICICI,29.4269,7.095,765385.82087863,100,0,31.214208751625968,43.7895680008579,24.99622324751612
2023-07-12,ICICI,29.4162,7.118,765385.82087863,100,0,31.214208751625968,43.7895680008579,24.99622324751612
2023-07-13,ICICI,29.4283,7.071,765385.82087863,100,0,31.214208751625968,43.7895680008579,24.99622324751612
2023-07-14,ICICI,29.4491,7.089,765385.82087863,100,0,31.214208751625968,43.7895680008579,24.99622324751612
2023-07-17,ICICI,29.4852,7.074,765385.82087863,100,0,31.214208751625968,43.7895680008579,24.99622324751612
2023-07-18,ICICI,29.4973,7.058,765385.82087863,100,0,31.214208751625968,43.7895680008579,24.99622324751612
2023-07-19,ICICI,29.4968,7.072,765385.82087863,100,0,31.214208751625968,43.7895680008579,24.99622324751612
2023-07-20,ICICI,29.5057,7.083,765385.82087863,100,0,31.214208751625968,43.7895680008579,24.99622324751612
2023-07-21,ICICI,29.5179,7.087,765385.82087863,100,0,31.214208751625968,43.7895680008579,24.99622324751612
2023-07-24,ICICI,29.5385,7.071,765385.82087863,100,0,31.214208751625968,43.7895680008579,24.99622324751612
2023-07-25,ICICI,29.5241,7.1,765385.82087863,100,0,31.214208751625968,43.7895680008579,24.99622324751612
2023-07-26,ICICI,29.5156,7.096,765385.82087863,100,0,31.214208751625968,43.7895680008579,24.99622324751612
2023-07-27,ICICI,29.5341,7.12,765385.82087863,100,0,31.214208751625968,43.7895680008579,24.99622324751612
2023-07-28,ICICI,29.53,7.161,765385.82087863,100,0,31.214208751625968,43.7895680008579,24.99622324751612
2023-07-31,ICICI,29.5561,7.172,765385.82087863,100,0,31.214208751625968,43.7895680008579,24.99622324751612
2023-08-01,ICICI,29.5575,7.156,759773.78050207,100,0,32.449286894495906,40.47747008100298,27.07324302450111
2023-08-02,ICICI,29.5656,7.154,759773.78050207,100,0,32.449286894495906,40.47747008100298,27.07324302450111
2023-08-03,ICICI,29.5714,7.194,759773.78050207,100,0,32.449286894495906,40.47747008100298,27.07324302450111
2023-08-04,ICICI,29.5681,7.193,759773.78050207,100,0,32.449286894495906,40.47747008100298,27.07324302450111
2023-08-07,ICICI,29.5857,7.197,759773.78050207,100,0,32.449286894495906,40.47747008100298,27.07324302450111
2023-08-08,ICICI,29.5933,7.168,759773.78050207,100,0,32.449286894495906,40.47747008100298,27.07324302450111
2023-08-09,ICICI,29.5976,7.178,759773.78050207,100,0,32.449286894495906,40.47747008100298,27.07324302450111
2023-08-10,ICICI,29.6265,7.154,759773.78050207,100,0,32.449286894495906,40.47747008100298,27.07324302450111
2023-08-11,ICICI,29.6236,7.198,759773.78050207,100,0,32.449286894495906,40.47747008100298,27.07324302450111
2023-08-14,ICICI,29.632,7.209,759773.78050207,100,0,32.449286894495906,40.47747008100298,27.07324302450111
2023-08-17,ICICI,29.6109,7.25,759773.78050207,100,0,32.449286894495906,40.47747008100298,27.07324302450111
2023-08-18,ICICI,29.6269,7.214,759773.78050207,100,0,32.449286894495906,40.47747008100298,27.07324302450111
2023-08-21,ICICI,29.6483,7.22,759773.78050207,100,0,32.449286894495906,40.47747008100298,27.07324302450111
2023-08-22,ICICI,29.6468,7.218,759773.78050207,100,0,32.449286894495906,40.47747008100298,27.07324302450111
2023-08-23,ICICI,29.6613,7.194,759773.78050207,100,0,32.449286894495906,40.47747008100298,27.07324302450111
2023-08-24,ICICI,29.6598,7.193,759773.78050207,100,0,32.449286894495906,40.47747008100298,27.07324302450111
2023-08-25,ICICI,29.6549,7.206,759773.78050207,100,0,32.449286894495906,40.47747008100298,27.07324302450111
2023-08-28,ICICI,29.6772,7.178,759773.78050207,100,0,32.449286894495906,40.47747008100298,27.07324302450111
2023-08-29,ICICI,29.69,7.18,759773.78050207,100,0,32.449286894495906,40.47747008100298,27.07324302450111
2023-08-30,ICICI,29.6681,7.185,759773.78050207,100,0,32.449286894495906,40.47747008100298,27.07324302450111
2023-08-31,ICICI,29.7041,7.166,759773.78050207,100,0,32.449286894495906,40.47747008100298,27.07324302450111
2023-09-01,ICICI,29.7274,7.175,750319.20851719,100,0,31.179519940349536,43.10543181252972,25.71504824712073
2023-09-04,ICICI,29.7255,7.204,750319.20851719,100,0,31.179519940349536,43.10543181252972,25.71504824712073
2023-09-05,ICICI,29.7306,7.206,750319.20851719,100,0,31.179519940349536,43.10543181252972,25.71504824712073
2023-09-06,ICICI,29.7256,7.21,750319.20851719,100,0,31.179519940349536,43.10543181252972,25.71504824712073
2023-09-07,ICICI,29.7543,7.173,750319.20851719,100,0,31.179519940349536,43.10543181252972,25.71504824712073
2023-09-08,ICICI,29.7677,7.199,750319.20851719,100,0,31.179519940349536,43.10543181252972,25.71504824712073
2023-09-11,ICICI,29.7541,7.209,750319.20851719,100,0,31.179519940349536,43.10543181252972,25.71504824712073
2023-09-12,ICICI,29.7765,7.203,750319.20851719,100,0,31.179519940349536,43.10543181252972,25.71504824712073
2023-09-13,ICICI,29.8114,7.172,750319.20851719,100,0,31.179519940349536,43.10543181252972,25.71504824712073
2023-09-14,ICICI,29.8221,7.101,750319.20851719,100,0,31.179519940349536,43.10543181252972,25.71504824712073
2023-09-15,ICICI,29.8175,7.158,750319.20851719,100,0,31.179519940349536,43.10543181252972,25.71504824712073
2023-09-18,ICICI,29.8183,7.149,750319.20851719,100,0,31.179519940349536,43.10543181252972,25.71504824712073
2023-09-20,ICICI,29.8262,7.153,750319.20851719,100,0,31.179519940349536,43.10543181252972,25.71504824712073
2023-09-21,ICICI,29.8321,7.136,750319.20851719,100,0,31.179519940349536,43.10543181252972,25.71504824712073
2023-09-22,ICICI,29.8331,7.15,750319.20851719,100,0,31.179519940349536,43.10543181252972,25.71504824712073
2023-09-25,ICICI,29.8496,7.15,750319.20851719,100,0,31.179519940349536,43.10543181252972,25.71504824712073
2023-09-26,ICICI,29.8527,7.146,750319.20851719,100,0,31.179519940349536,43.10543181252972,25.71504824712073
2023-09-27,ICICI,29.8504,7.173,750319.20851719,100,0,31.179519940349536,43.10543181252972,25.71504824712073
2023-09-29,ICICI,29.8438,7.21,750319.20851719,100,0,31.179519940349536,43.10543181252972,25.71504824712073
2023-10-03,ICICI,29.8551,7.235,742398.3285889,100,0,30.07939805084561,46.6892931517231,23.231308797431293
2023-10-04,ICICI,29.8669,7.238,742398.3285889,100,0,30.07939805084561,46.6892931517231,23.231308797431293
2023-10-05,ICICI,29.8814,7.214,742398.3285889,100,0,30.07939805084561,46.6892931517231,23.231308797431293
2023-10-06,ICICI,29.8366,7.339,742398.3285889,100,0,30.07939805084561,46.6892931517231,23.231308797431293
2023-10-09,ICICI,29.8374,7.386,742398.3285889,100,0,30.07939805084561,46.6892931517231,23.231308797431293
2023-10-10,ICICI,29.8539,7.351,742398.3285889,100,0,30.07939805084561,46.6892931517231,23.231308797431293
2023-10-11,ICICI,29.8845,7.307,742398.3285889,100,0,30.07939805084561,46.6892931517231,23.231308797431293
2023-10-12,ICICI,29.909,7.302,742398.3285889,100,0,30.07939805084561,46.6892931517231,23.231308797431293
2023-10-13,ICICI,29.921,7.32,742398.3285889,100,0,30.07939805084561,46.6892931517231,23.231308797431293
2023-10-16,ICICI,29.9371,7.333,742398.3285889,100,0,30.07939805084561,46.6892931517231,23.231308797431293
2023-10-17,ICICI,29.9328,7.328,742398.3285889,100,0,30.07939805084561,46.6892931517231,23.231308797431293
2023-10-18,ICICI,29.95,7.353,742398.3285889,100,0,30.07939805084561,46.6892931517231,23.231308797431293
2023-10-19,ICICI,29.9393,7.369,742398.3285889,100,0,30.07939805084561,46.6892931517231,23.231308797431293
2023-10-20,ICICI,29.9482,7.365,742398.3285889,100,0,30.07939805084561,46.6892931517231,23.231308797431293
2023-10-23,ICICI,29.9456,7.382,742398.3285889,100,0,30.07939805084561,46.6892931517231,23.231308797431293
2023-10-25,ICICI,29.9525,7.343,742398.3285889,100,0,30.07939805084561,46.6892931517231,23.231308797431293
2023-10-26,ICICI,29.9442,7.366,742398.3285889,100,0,30.07939805084561,46.6892931517231,23.231308797431293
2023-10-27,ICICI,29.9807,7.351,742398.3285889,100,0,30.07939805084561,46.6892931517231,23.231308797431293
2023-10-30,ICICI,30.0057,7.369,742398.3285889,100,0,30.07939805084561,46.6892931517231,23.231308797431293
2023-10-31,ICICI,30.0228,7.351,742398.3285889,100,0,30.07939805084561,46.6892931517231,23.231308797431293
2023-11-01,ICICI,30.0338,7.358,741039.78083739,100,0,28.747705842359565,44.92667894590274,26.32561521173769
2023-11-02,ICICI,30.0592,7.322,741039.78083739,100,0,28.747705842359565,44.92667894590274,26.32561521173769
2023-11-03,ICICI,30.0889,7.317,741039.78083739,100,0,28.747705842359565,44.92667894590274,26.32561521173769
2023-11-06,ICICI,30.1213,7.305,741039.78083739,100,0,28.747705842359565,44.92667894590274,26.32561521173769
2023-11-07,ICICI,30.1273,7.28,741039.78083739,100,0,28.747705842359565,44.92667894590274,26.32561521173769
2023-11-08,ICICI,30.1377,7.266,741039.78083739,100,0,28.747705842359565,44.92667894590274,26.32561521173769
2023-11-09,ICICI,30.1607,7.269,741039.78083739,100,0,28.747705842359565,44.92667894590274,26.32561521173769
2023-11-10,ICICI,30.1472,7.3,741039.78083739,100,0,28.747705842359565,44.92667894590274,26.32561521173769
2023-11-13,ICICI,30.1628,7.283,741039.78083739,100,0,28.747705842359565,44.92667894590274,26.32561521173769
2023-11-15,ICICI,30.211,7.225,741039.78083739,100,0,28.747705842359565,44.92667894590274,26.32561521173769
2023-11-16,ICICI,30.215,7.232,741039.78083739,100,0,28.747705842359565,44.92667894590274,26.32561521173769
2023-11-17,ICICI,30.2267,7.212,741039.78083739,100,0,28.747705842359565,44.92667894590274,26.32561521173769
2023-11-20,ICICI,30.2334,7.252,741039.78083739,100,0,28.747705842359565,44.92667894590274,26.32561521173769
2023-11-21,ICICI,30.2284,7.269,741039.78083739,100,0,28.747705842359565,44.92667894590274,26.32561521173769
2023-11-22,ICICI,30.2193,7.247,741039.78083739,100,0,28.747705842359565,44.92667894590274,26.32561521173769
2023-11-23,ICICI,30.2386,7.253,741039.78083739,100,0,28.747705842359565,44.92667894590274,26.32561521173769
2023-11-24,ICICI,30.2236,7.272,741039.78083739,100,0,28.747705842359565,44.92667894590274,26.32561521173769
2023-11-28,ICICI,30.2253,7.273,741039.78083739,100,0,28.747705842359565,44.92667894590274,26.32561521173769
2023-11-29,ICICI,30.2469,7.252,741039.78083739,100,0,28.747705842359565,44.92667894590274,26.32561521173769
2023-11-30,ICICI,30.2612,7.279,741039.78083739,100,0,28.747705842359565,44.92667894590274,26.32561521173769
2023-12-01,ICICI,30.2457,7.29,732330.18680173,100,0,27.27928492405537,43.94732679885572,28.77338827708891
2023-12-04,ICICI,30.2621,7.271,732330.18680173,100,0,27.27928492405537,43.94732679885572,28.77338827708891
2023-12-05,ICICI,30.267,7.262,732330.18680173,100,0,27.27928492405537,43.94732679885572,28.77338827708891
2023-12-06,ICICI,30.2121,7.248,732330.18680173,100,0,27.27928492405537,43.94732679885572,28.77338827708891
2023-12-07,ICICI,30.2966,7.236,732330.18680173,100,0,27.27928492405537,43.94732679885572,28.77338827708891
2023-12-08,ICICI,30.3202,7.266,732330.18680173,100,0,27.27928492405537,43.94732679885572,28.77338827708891
2023-12-11,ICICI,30.348,7.281,732330.18680173,100,0,27.27928492405537,43.94732679885572,28.77338827708891
2023-12-12,ICICI,30.3522,7.275,732330.18680173,100,0,27.27928492405537,43.94732679885572,28.77338827708891
2023-12-13,ICICI,30.3685,7.259,732330.18680173,100,0,27.27928492405537,43.94732679885572,28.77338827708891
2023-12-14,ICICI,30.4053,7.194,732330.18680173,100,0,27.27928492405537,43.94732679885572,28.77338827708891
2023-12-15,ICICI,30.4103,7.163,732330.18680173,100,0,27.27928492405537,43.94732679885572,28.77338827708891
2023-12-18,ICICI,30.4169,7.153,732330.18680173,100,0,27.27928492405537,43.94732679885572,28.77338827708891
2023-12-19,ICICI,30.4546,7.171,732330.18680173,100,0,27.27928492405537,43.94732679885572,28.77338827708891
2023-12-20,ICICI,30.4527,7.171,732330.18680173,100,0,27.27928492405537,43.94732679885572,28.77338827708891
2023-12-21,ICICI,30.4452,7.184,732330.18680173,100,0,27.27928492405537,43.94732679885572,28.77338827708891
2023-12-22,ICICI,30.4331,7.188,732330.18680173,100,0,27.27928492405537,43.94732679885572,28.77338827708891
2023-12-26,ICICI,30.4837,7.183,732330.18680173,100,0,27.27928492405537,43.94732679885572,28.77338827708891
2023-12-27,ICICI,30.4944,7.205,732330.18680173,100,0,27.27928492405537,43.94732679885572,28.77338827708891
2023-12-28,ICICI,30.4806,7.207,732330.18680173,100,0,27.27928492405537,43.94732679885572,28.77338827708891
2023-12-29,ICICI,30.4933,7.176,732330.18680173,100,0,27.27928492405537,43.94732679885572,28.77338827708891
2024-01-01,ICICI,30.5245,7.196,730231.48068848,100,0,29.79168946938372,42.85208592330012,27.35622460731616
2024-01-02,ICICI,30.5357,7.206,730231.48068848,100,0,29.79168946938372,42.85208592330012,27.35622460731616
2024-01-03,ICICI,30.5553,7.216,730231.48068848,100,0,29.79168946938372,42.85208592330012,27.35622460731616
2024-01-04,ICICI,30.5605,7.22,730231.48068848,100,0,29.79168946938372,42.85208592330012,27.35622460731616
2024-01-05,ICICI,30.5646,7.235,730231.48068848,100,0,29.79168946938372,42.85208592330012,27.35622460731616
2024-01-08,ICICI,30.5711,7.203,730231.48068848,100,0,29.79168946938372,42.85208592330012,27.35622460731616
2024-01-09,ICICI,30.6024,7.189,730231.48068848,100,0,29.79168946938372,42.85208592330012,27.35622460731616
2024-01-10,ICICI,30.6573,7.178,730231.48068848,100,0,29.79168946938372,42.85208592330012,27.35622460731616
2024-01-11,ICICI,30.6969,7.165,730231.48068848,100,0,29.79168946938372,42.85208592330012,27.35622460731616
2024-01-12,ICICI,30.7021,7.178,730231.48068848,100,0,29.79168946938372,42.85208592330012,27.35622460731616
2024-01-15,ICICI,30.7141,7.148,730231.48068848,100,0,29.79168946938372,42.85208592330012,27.35622460731616
2024-01-16,ICICI,30.7323,7.146,730231.48068848,100,0,29.79168946938372,42.85208592330012,27.35622460731616
2024-01-17,ICICI,30.7384,7.163,730231.48068848,100,0,29.79168946938372,42.85208592330012,27.35622460731616
2024-01-18,ICICI,30.7517,7.178,730231.48068848,100,0,29.79168946938372,42.85208592330012,27.35622460731616
2024-01-19,ICICI,30.7423,7.184,730231.48068848,100,0,29.79168946938372,42.85208592330012,27.35622460731616
2024-01-23,ICICI,30.7751,7.174,730231.48068848,100,0,29.79168946938372,42.85208592330012,27.35622460731616
2024-01-24,ICICI,30.7829,7.181,730231.48068848,100,0,29.79168946938372,42.85208592330012,27.35622460731616
2024-01-25,ICICI,30.7692,7.171,730231.48068848,100,0,29.79168946938372,42.85208592330012,27.35622460731616
2024-01-29,ICICI,30.8097,7.171,730231.48068848,100,0,29.79168946938372,42.85208592330012,27.35622460731616
2024-01-30,ICICI,30.7985,7.155,730231.48068848,100,0,29.79168946938372,42.85208592330012,27.35622460731616
2024-01-31,ICICI,30.8361,7.144,730231.48068848,100,0,29.79168946938372,42.85208592330012,27.35622460731616
2024-02-01,ICICI,30.8875,7.064,725016.12758051,100,0,29.78886838294929,47.65148344393681,22.559648173113917
2024-02-02,ICICI,30.9185,7.05,725016.12758051,100,0,29.78886838294929,47.65148344393681,22.559648173113917
2024-02-05,ICICI,30.911,7.091,725016.12758051,100,0,29.78886838294929,47.65148344393681,22.559648173113917
2024-02-06,ICICI,30.9159,7.092,725016.12758051,100,0,29.78886838294929,47.65148344393681,22.559648173113917
2024-02-07,ICICI,30.9232,7.074,725016.12758051,100,0,29.78886838294929,47.65148344393681,22.559648173113917
2024-02-08,ICICI,30.9197,7.082,725016.12758051,100,0,29.78886838294929,47.65148344393681,22.559648173113917
2024-02-09,ICICI,30.9027,7.114,725016.12758051,100,0,29.78886838294929,47.65148344393681,22.559648173113917
2024-02-12,ICICI,30.9247,7.097,725016.12758051,100,0,29.78886838294929,47.65148344393681,22.559648173113917
2024-02-13,ICICI,30.9501,7.097,725016.12758051,100,0,29.78886838294929,47.65148344393681,22.559648173113917
2024-02-14,ICICI,30.9689,7.114,725016.12758051,100,0,29.78886838294929,47.65148344393681,22.559648173113917
2024-02-15,ICICI,30.9871,7.085,725016.12758051,100,0,29.78886838294929,47.65148344393681,22.559648173113917
2024-02-16,ICICI,30.9895,7.099,725016.12758051,100,0,29.78886838294929,47.65148344393681,22.559648173113917
2024-02-20,ICICI,31.0276,7.062,725016.12758051,100,0,29.78886838294929,47.65148344393681,22.559648173113917
2024-02-21,ICICI,30.9938,7.045,725016.12758051,100,0,29.78886838294929,47.65148344393681,22.559648173113917
2024-02-22,ICICI,30.9766,7.062,725016.12758051,100,0,29.78886838294929,47.65148344393681,22.559648173113917
2024-02-23,ICICI,31.0086,7.077,725016.12758051,100,0,29.78886838294929,47.65148344393681,22.559648173113917
2024-02-26,ICICI,31.0517,7.063,725016.12758051,100,0,29.78886838294929,47.65148344393681,22.559648173113917
2024-02-27,ICICI,31.0441,7.068,725016.12758051,100,0,29.78886838294929,47.65148344393681,22.559648173113917
2024-02-28,ICICI,31.0493,7.065,725016.12758051,100,0,29.78886838294929,47.65148344393681,22.559648173113917
2024-02-29,ICICI,31.0845,7.078,725016.12758051,100,0,29.78886838294929,47.65148344393681,22.559648173113917
2024-03-01,ICICI,31.1125,7.06,718676.89191465,100,0,24.46308375543849,49.82971680718098,25.707199437380535
2024-03-04,ICICI,31.1156,7.06,718676.89191465,100,0,24.46308375543849,49.82971680718098,25.707199437380535
2024-03-05,ICICI,31.1592,7.057,718676.89191465,100,0,24.46308375543849,49.82971680718098,25.707199437380535
2024-03-06,ICICI,31.1355,7.054,718676.89191465,100,0,24.46308375543849,49.82971680718098,25.707199437380535
2024-03-07,ICICI,31.1678,7.031,718676.89191465,100,0,24.46308375543849,49.82971680718098,25.707199437380535
2024-03-11,ICICI,31.208,7.014,718676.89191465,100,0,24.46308375543849,49.82971680718098,25.707199437380535
2024-03-12,ICICI,31.2011,7.026,718676.89191465,100,0,24.46308375543849,49.82971680718098,25.707199437380535
2024-03-13,ICICI,31.2243,7.039,718676.89191465,100,0,24.46308375543849,49.82971680718098,25.707199437380535
2024-03-14,ICICI,31.238,7.041,718676.89191465,100,0,24.46308375543849,49.82971680718098,25.707199437380535
2024-03-15,ICICI,31.2759,7.062,718676.89191465,100,0,24.46308375543849,49.82971680718098,25.707199437380535
2024-03-18,ICICI,31.2264,7.087,718676.89191465,100,0,24.46308375543849,49.82971680718098,25.707199437380535
2024-03-19,ICICI,31.2259,7.095,718676.89191465,100,0,24.46308375543849,49.82971680718098,25.707199437380535
2024-03-20,ICICI,31.1608,7.097,718676.89191465,100,0,24.46308375543849,49.82971680718098,25.707199437380535
2024-03-21,ICICI,31.2096,7.05,718676.89191465,100,0,24.46308375543849,49.82971680718098,25.707199437380535
2024-03-22,ICICI,31.2056,7.087,718676.89191465,100,0,24.46308375543849,49.82971680718098,25.707199437380535
2024-03-26,ICICI,31.2227,7.089,718676.89191465,100,0,24.46308375543849,49.82971680718098,25.707199437380535
2024-03-27,ICICI,31.2457,7.072,718676.89191465,100,0,24.46308375543849,49.82971680718098,25.707199437380535
2024-03-28,ICICI,31.2457,7.052,718676.89191465,100,0,24.46308375543849,49.82971680718098,25.707199437380535
2024-03-31,ICICI,31.2622,7.052,718676.89191465,100,0,24.46308375543849,49.82971680718098,25.707199437380535
2024-04-02,ICICI,31.2572,7.108,707532.94992542,100,0,21.36840977030029,52.432155992000624,26.19943423769908
2024-04-03,ICICI,31.2675,7.104,707532.94992542,100,0,21.36840977030029,52.432155992000624,26.19943423769908
2024-04-04,ICICI,31.2928,7.094,707532.94992542,100,0,21.36840977030029,52.432155992000624,26.19943423769908
2024-04-05,ICICI,31.2894,7.117,707532.94992542,100,0,21.36840977030029,52.432155992000624,26.19943423769908
2024-04-08,ICICI,31.2863,7.154,707532.94992542,100,0,21.36840977030029,52.432155992000624,26.19943423769908
2024-04-10,ICICI,31.2836,7.116,707532.94992542,100,0,21.36840977030029,52.432155992000624,26.19943423769908
2024-04-12,ICICI,31.2299,7.179,707532.94992542,100,0,21.36840977030029,52.432155992000624,26.19943423769908
2024-04-15,ICICI,31.2434,7.175,707532.94992542,100,0,21.36840977030029,52.432155992000624,26.19943423769908
2024-04-16,ICICI,31.2238,7.193,707532.94992542,100,0,21.36840977030029,52.432155992000624,26.19943423769908
2024-04-18,ICICI,31.2953,7.18,707532.94992542,100,0,21.36840977030029,52.432155992000624,26.19943423769908
2024-04-19,ICICI,31.2816,7.225,707532.94992542,100,0,21.36840977030029,52.432155992000624,26.19943423769908
2024-04-22,ICICI,31.2956,7.192,707532.94992542,100,0,21.36840977030029,52.432155992000624,26.19943423769908
2024-04-23,ICICI,31.3314,7.167,707532.94992542,100,0,21.36840977030029,52.432155992000624,26.19943423769908
2024-04-24,ICICI,31.344,7.186,707532.94992542,100,0,21.36840977030029,52.432155992000624,26.19943423769908
2024-04-25,ICICI,31.3566,7.204,707532.94992542,100,0,21.36840977030029,52.432155992000624,26.19943423769908
2024-04-26,ICICI,31.3332,7.199,707532.94992542,100,0,21.36840977030029,52.432155992000624,26.19943423769908
2024-04-29,ICICI,31.3298,7.196,707532.94992542,100,0,21.36840977030029,52.432155992000624,26.19943423769908
2024-04-30,ICICI,31.3479,7.195,707532.94992542,100,0,21.36840977030029,52.432155992000624,26.19943423769908
2024-05-02,ICICI,31.3622,7.162,691250.28304538,100,0,20.97413824720385,52.19306651275843,26.83279524003772
2024-05-03,ICICI,31.3594,7.149,691250.28304538,100,0,20.97413824720385,52.19306651275843,26.83279524003772
2024-05-06,ICICI,31.3745,7.108,691250.28304538,100,0,20.97413824720385,52.19306651275843,26.83279524003772
2024-05-07,ICICI,31.3778,7.129,691250.28304538,100,0,20.97413824720385,52.19306651275843,26.83279524003772
2024-05-08,ICICI,31.4161,7.138,691250.28304538,100,0,20.97413824720385,52.19306651275843,26.83279524003772
2024-05-09,ICICI,31.4301,7.135,691250.28304538,100,0,20.97413824720385,52.19306651275843,26.83279524003772
2024-05-10,ICICI,31.4436,7.127,691250.28304538,100,0,20.97413824720385,52.19306651275843,26.83279524003772
2024-05-13,ICICI,31.437,7.116,691250.28304538,100,0,20.97413824720385,52.19306651275843,26.83279524003772
2024-05-14,ICICI,31.4733,7.109,691250.28304538,100,0,20.97413824720385,52.19306651275843,26.83279524003772
2024-05-15,ICICI,31.4757,7.086,691250.28304538,100,0,20.97413824720385,52.19306651275843,26.83279524003772
2024-05-16,ICICI,31.4781,7.076,691250.28304538,100,0,20.97413824720385,52.19306651275843,26.83279524003772
2024-05-17,ICICI,31.4581,7.095,691250.28304538,100,0,20.97413824720385,52.19306651275843,26.83279524003772
2024-05-21,ICICI,31.523,7.078,691250.28304538,100,0,20.97413824720385,52.19306651275843,26.83279524003772
2024-05-22,ICICI,31.5095,6.997,691250.28304538,100,0,20.97413824720385,52.19306651275843,26.83279524003772
2024-05-24,ICICI,31.58,6.998,691250.28304538,100,0,20.97413824720385,52.19306651275843,26.83279524003772
2024-05-27,ICICI,31.5947,6.981,691250.28304538,100,0,20.97413824720385,52.19306651275843,26.83279524003772
2024-05-28,ICICI,31.5864,6.995,691250.28304538,100,0,20.97413824720385,52.19306651275843,26.83279524003772
2024-05-29,ICICI,31.6156,7.008,691250.28304538,100,0,20.97413824720385,52.19306651275843,26.83279524003772
2024-05-30,ICICI,31.6312,7.003,691250.28304538,100,0,20.97413824720385,52.19306651275843,26.83279524003772
2024-05-31,ICICI,31.6556,6.986,691250.28304538,100,0,20.97413824720385,52.19306651275843,26.83279524003772
2024-06-03,ICICI,31.721,6.947,676339.1585437,100,0,16.80391258018174,52.41571799648701,30.78036942333125
2024-06-04,ICICI,31.6456,7.033,676339.1585437,100,0,16.80391258018174,52.41571799648701,30.78036942333125
2024-06-05,ICICI,31.6588,7.026,676339.1585437,100,0,16.80391258018174,52.41571799648701,30.78036942333125
2024-06-06,ICICI,31.6758,7.015,676339.1585437,100,0,16.80391258018174,52.41571799648701,30.78036942333125
2024-06-07,ICICI,31.6779,7.018,676339.1585437,100,0,16.80391258018174,52.41571799648701,30.78036942333125
2024-06-10,ICICI,31.6975,7.032,676339.1585437,100,0,16.80391258018174,52.41571799648701,30.78036942333125
2024-06-11,ICICI,31.7242,7.014,676339.1585437,100,0,16.80391258018174,52.41571799648701,30.78036942333125
2024-06-12,ICICI,31.7463,7.012,676339.1585437,100,0,16.80391258018174,52.41571799648701,30.78036942333125
2024-06-13,ICICI,31.7649,6.986,676339.1585437,100,0,16.80391258018174,52.41571799648701,30.78036942333125
2024-06-14,ICICI,31.7761,6.984,676339.1585437,100,0,16.80391258018174,52.41571799648701,30.78036942333125
2024-06-18,ICICI,31.7895,6.981,676339.1585437,100,0,16.80391258018174,52.41571799648701,30.78036942333125
2024-06-19,ICICI,31.7865,6.974,676339.1585437,100,0,16.80391258018174,52.41571799648701,30.78036942333125
2024-06-20,ICICI,31.7982,6.976,676339.1585437,100,0,16.80391258018174,52.41571799648701,30.78036942333125
2024-06-21,ICICI,31.8107,6.973,676339.1585437,100,0,16.80391258018174,52.41571799648701,30.78036942333125
2024-06-24,ICICI,31.7883,6.971,676339.1585437,100,0,16.80391258018174,52.41571799648701,30.78036942333125
2024-06-25,ICICI,31.8138,6.983,676339.1585437,100,0,16.80391258018174,52.41571799648701,30.78036942333125
2024-06-26,ICICI,31.8116,6.997,676339.1585437,100,0,16.80391258018174,52.41571799648701,30.78036942333125
2024-06-27,ICICI,31.8169,7.0,676339.1585437,100,0,16.80391258018174,52.41571799648701,30.78036942333125
2024-06-28,ICICI,31.8285,7.008,676339.1585437,100,0,16.80391258018174,52.41571799648701,30.78036942333125
2024-07-01,ICICI,31.8499,7.013,662417.16266755,100,0,21.21598845420975,49.18637303904204,29.5976385067482
2024-07-02,ICICI,31.8552,7.009,662417.16266755,100,0,21.21598845420975,49.18637303904204,29.5976385067482
2024-07-03,ICICI,31.8655,7.001,662417.16266755,100,0,21.21598845420975,49.18637303904204,29.5976385067482
2024-07-04,ICICI,31.8841,6.998,662417.16266755,100,0,21.21598845420975,49.18637303904204,29.5976385067482
2024-07-05,ICICI,31.9024,6.993,662417.16266755,100,0,21.21598845420975,49.18637303904204,29.5976385067482
2024-07-08,ICICI,31.9161,6.989,662417.16266755,100,0,21.21598845420975,49.18637303904204,29.5976385067482
2024-07-09,ICICI,31.9362,6.989,662417.16266755,100,0,21.21598845420975,49.18637303904204,29.5976385067482
2024-07-10,ICICI,31.9541,6.976,662417.16266755,100,0,21.21598845420975,49.18637303904204,29.5976385067482
2024-07-11,ICICI,31.965,6.982,662417.16266755,100,0,21.21598845420975,49.18637303904204,29.5976385067482
2024-07-12,ICICI,31.994,6.986,662417.16266755,100,0,21.21598845420975,49.18637303904204,29.5976385067482
2024-07-15,ICICI,32.0015,6.981,662417.16266755,100,0,21.21598845420975,49.18637303904204,29.5976385067482
2024-07-16,ICICI,32.0191,6.966,662417.16266755,100,0,21.21598845420975,49.18637303904204,29.5976385067482
2024-07-18,ICICI,32.0445,6.966,662417.16266755,100,0,21.21598845420975,49.18637303904204,29.5976385067482
2024-07-19,ICICI,32.0536,6.965,662417.16266755,100,0,21.21598845420975,49.18637303904204,29.5976385067482
2024-07-22,ICICI,32.0677,6.967,662417.16266755,100,0,21.21598845420975,49.18637303904204,29.5976385067482
2024-07-23,ICICI,32.1004,6.97,662417.16266755,100,0,21.21598845420975,49.18637303904204,29.5976385067482
2024-07-24,ICICI,32.0911,6.964,662417.16266755,100,0,21.21598845420975,49.18637303904204,29.5976385067482
2024-07-25,ICICI,32.1239,6.952,662417.16266755,100,0,21.21598845420975,49.18637303904204,29.5976385067482
2024-07-26,ICICI,32.1434,6.94,662417.16266755,100,0,21.21598845420975,49.18637303904204,29.5976385067482
2024-07-29,ICICI,32.1692,6.919,662417.16266755,100,0,21.21598845420975,49.18637303904204,29.5976385067482
2024-07-30,ICICI,32.1778,6.931,662417.16266755,100,0,21.21598845420975,49.18637303904204,29.5976385067482
2024-07-31,ICICI,32.1401,6.924,662417.16266755,100,0,21.21598845420975,49.18637303904204,29.5976385067482
2024-08-01,ICICI,32.2022,6.916,656998.60891484,100,0,23.02396985288957,45.04990831957204,31.92612182753837
2024-08-02,ICICI,32.2164,6.9,656998.60891484,100,0,23.02396985288957,45.04990831957204,31.92612182753837
2024-08-05,ICICI,32.2403,6.86,656998.60891484,100,0,23.02396985288957,45.04990831957204,31.92612182753837
2024-08-06,ICICI,32.2679,6.872,656998.60891484,100,0,23.02396985288957,45.04990831957204,31.92612182753837
2024-08-07,ICICI,32.2613,6.862,656998.60891484,100,0,23.02396985288957,45.04990831957204,31.92612182753837
2024-08-08,ICICI,32.2668,6.877,656998.60891484,100,0,23.02396985288957,45.04990831957204,31.92612182753837
2024-08-09,ICICI,32.2938,6.88,656998.60891484,100,0,23.02396985288957,45.04990831957204,31.92612182753837
2024-08-12,ICICI,32.3336,6.879,656998.60891484,100,0,23.02396985288957,45.04990831957204,31.92612182753837
2024-08-13,ICICI,32.3297,6.88,656998.60891484,100,0,23.02396985288957,45.04990831957204,31.92612182753837
2024-08-14,ICICI,32.3634,6.858,656998.60891484,100,0,23.02396985288957,45.04990831957204,31.92612182753837
2024-08-16,ICICI,32.3841,6.867,656998.60891484,100,0,23.02396985288957,45.04990831957204,31.92612182753837
2024-08-19,ICICI,32.4135,6.864,656998.60891484,100,0,23.02396985288957,45.04990831957204,31.92612182753837
2024-08-20,ICICI,32.3643,6.856,656998.60891484,100,0,23.02396985288957,45.04990831957204,31.92612182753837
2024-08-21,ICICI,32.3827,6.853,656998.60891484,100,0,23.02396985288957,45.04990831957204,31.92612182753837
2024-08-22,ICICI,32.3786,6.852,656998.60891484,100,0,23.02396985288957,45.04990831957204,31.92612182753837
2024-08-23,ICICI,32.3775,6.859,656998.60891484,100,0,23.02396985288957,45.04990831957204,31.92612182753837
2024-08-26,ICICI,32.3751,6.851,656998.60891484,100,0,23.02396985288957,45.04990831957204,31.92612182753837
2024-08-27,ICICI,32.384,6.861,656998.60891484,100,0,23.02396985288957,45.04990831957204,31.92612182753837
2024-08-28,ICICI,32.4195,6.861,656998.60891484,100,0,23.02396985288957,45.04990831957204,31.92612182753837
2024-08-29,ICICI,32.4414,6.864,656998.60891484,100,0,23.02396985288957,45.04990831957204,31.92612182753837
2024-08-30,ICICI,32.4827,6.863,656998.60891484,100,0,23.02396985288957,45.04990831957204,31.92612182753837
2024-09-02,ICICI,32.4909,6.876,646842.61141889,100,0,23.41071048728763,44.60288413968421,31.98640537302816
2024-09-03,ICICI,32.4885,6.87,646842.61141889,100,0,23.41071048728763,44.60288413968421,31.98640537302816
2024-09-04,ICICI,32.5192,6.859,646842.61141889,100,0,23.41071048728763,44.60288413968421,31.98640537302816
2024-09-05,ICICI,32.5307,6.855,646842.61141889,100,0,23.41071048728763,44.60288413968421,31.98640537302816
2024-09-06,ICICI,32.5442,6.854,646842.61141889,100,0,23.41071048728763,44.60288413968421,31.98640537302816
2024-09-09,ICICI,32.5644,6.854,646842.61141889,100,0,23.41071048728763,44.60288413968421,31.98640537302816
2024-09-10,ICICI,32.5697,6.851,646842.61141889,100,0,23.41071048728763,44.60288413968421,31.98640537302816
2024-09-11,ICICI,32.5926,6.83,646842.61141889,100,0,23.41071048728763,44.60288413968421,31.98640537302816
2024-09-12,ICICI,32.6049,6.811,646842.61141889,100,0,23.41071048728763,44.60288413968421,31.98640537302816
2024-09-13,ICICI,32.6031,6.792,646842.61141889,100,0,23.41071048728763,44.60288413968421,31.98640537302816
2024-09-16,ICICI,32.6456,6.762,646842.61141889,100,0,23.41071048728763,44.60288413968421,31.98640537302816
2024-09-17,ICICI,32.6298,6.779,646842.61141889,100,0,23.41071048728763,44.60288413968421,31.98640537302816
2024-09-19,ICICI,32.6698,6.758,646842.61141889,100,0,23.41071048728763,44.60288413968421,31.98640537302816
2024-09-20,ICICI,32.6512,6.761,646842.61141889,100,0,23.41071048728763,44.60288413968421,31.98640537302816
2024-09-23,ICICI,32.6842,6.767,646842.61141889,100,0,23.41071048728763,44.60288413968421,31.98640537302816
2024-09-24,ICICI,32.7017,6.761,646842.61141889,100,0,23.41071048728763,44.60288413968421,31.98640537302816
2024-09-25,ICICI,32.7119,6.738,646842.61141889,100,0,23.41071048728763,44.60288413968421,31.98640537302816
2024-09-26,ICICI,32.7455,6.718,646842.61141889,100,0,23.41071048728763,44.60288413968421,31.98640537302816
2024-09-27,ICICI,32.7106,6.759,646842.61141889,100,0,23.41071048728763,44.60288413968421,31.98640537302816
2024-09-30,ICICI,32.7404,6.75,646842.61141889,100,0,23.41071048728763,44.60288413968421,31.98640537302816
2024-10-01,ICICI,32.751,6.732,638708.9150977,100,0,24.336481465831547,45.52992779941314,30.13359073475532
2024-10-03,ICICI,32.7735,6.777,638708.9150977,100,0,24.336481465831547,45.52992779941314,30.13359073475532
2024-10-04,ICICI,32.781,6.829,638708.9150977,100,0,24.336481465831547,45.52992779941314,30.13359073475532
2024-10-07,ICICI,32.7988,6.846,638708.9150977,100,0,24.336481465831547,45.52992779941314,30.13359073475532
2024-10-08,ICICI,32.8138,6.806,638708.9150977,100,0,24.336481465831547,45.52992779941314,30.13359073475532
2024-10-09,ICICI,32.8258,6.766,638708.9150977,100,0,24.336481465831547,45.52992779941314,30.13359073475532
2024-10-10,ICICI,32.8523,6.776,638708.9150977,100,0,24.336481465831547,45.52992779941314,30.13359073475532
2024-10-11,ICICI,32.8309,6.788,638708.9150977,100,0,24.336481465831547,45.52992779941314,30.13359073475532
2024-10-14,ICICI,32.8639,6.782,638708.9150977,100,0,24.336481465831547,45.52992779941314,30.13359073475532
2024-10-15,ICICI,32.8857,6.769,638708.9150977,100,0,24.336481465831547,45.52992779941314,30.13359073475532
2024-10-16,ICICI,32.8875,6.773,638708.9150977,100,0,24.336481465831547,45.52992779941314,30.13359073475532
2024-10-17,ICICI,32.8776,6.784,638708.9150977,100,0,24.336481465831547,45.52992779941314,30.13359073475532
2024-10-18,ICICI,32.8933,6.809,638708.9150977,100,0,24.336481465831547,45.52992779941314,30.13359073475532
2024-10-21,ICICI,32.9071,6.837,638708.9150977,100,0,24.336481465831547,45.52992779941314,30.13359073475532
2024-10-22,ICICI,32.9041,6.832,638708.9150977,100,0,24.336481465831547,45.52992779941314,30.13359073475532
2024-10-23,ICICI,32.9143,6.818,638708.9150977,100,0,24.336481465831547,45.52992779941314,30.13359073475532
2024-10-24,ICICI,32.9045,6.822,638708.9150977,100,0,24.336481465831547,45.52992779941314,30.13359073475532
2024-10-25,ICICI,32.922,6.845,638708.9150977,100,0,24.336481465831547,45.52992779941314,30.13359073475532
2024-10-28,ICICI,32.9501,6.861,638708.9150977,100,0,24.336481465831547,45.52992779941314,30.13359073475532
2024-10-29,ICICI,33.0095,6.847,638708.9150977,100,0,24.336481465831547,45.52992779941314,30.13359073475532
2024-10-30,ICICI,33.0131,6.827,638708.9150977,100,0,24.336481465831547,45.52992779941314,30.13359073475532
2024-10-31,ICICI,33.0207,6.841,638708.9150977,100,0,24.336481465831547,45.52992779941314,30.13359073475532
2024-11-04,ICICI,33.0758,6.797,641869.15801604,100,0,24.65789363454116,45.87728943466894,29.46481693078989
2024-11-05,ICICI,33.0547,6.799,641869.15801604,100,0,24.65789363454116,45.87728943466894,29.46481693078989
2024-11-06,ICICI,33.0412,6.798,641869.15801604,100,0,24.65789363454116,45.87728943466894,29.46481693078989
2024-11-07,ICICI,33.0546,6.796,641869.15801604,100,0,24.65789363454116,45.87728943466894,29.46481693078989
2024-11-08,ICICI,33.0693,6.774,641869.15801604,100,0,24.65789363454116,45.87728943466894,29.46481693078989
2024-11-11,ICICI,33.0861,6.785,641869.15801604,100,0,24.65789363454116,45.87728943466894,29.46481693078989
2024-11-12,ICICI,33.0865,6.795,641869.15801604,100,0,24.65789363454116,45.87728943466894,29.46481693078989
2024-11-13,ICICI,33.0482,6.804,641869.15801604,100,0,24.65789363454116,45.87728943466894,29.46481693078989
2024-11-14,ICICI,33.0341,6.827,641869.15801604,100,0,24.65789363454116,45.87728943466894,29.46481693078989
2024-11-18,ICICI,33.0691,6.821,641869.15801604,100,0,24.65789363454116,45.87728943466894,29.46481693078989
2024-11-19,ICICI,33.0768,6.811,641869.15801604,100,0,24.65789363454116,45.87728943466894,29.46481693078989
2024-11-21,ICICI,33.0528,6.831,641869.15801604,100,0,24.65789363454116,45.87728943466894,29.46481693078989
2024-11-22,ICICI,33.0601,6.85,641869.15801604,100,0,24.65789363454116,45.87728943466894,29.46481693078989
2024-11-25,ICICI,33.0844,6.822,641869.15801604,100,0,24.65789363454116,45.87728943466894,29.46481693078989
2024-11-26,ICICI,33.0898,6.827,641869.15801604,100,0,24.65789363454116,45.87728943466894,29.46481693078989
2024-11-27,ICICI,33.1177,6.812,641869.15801604,100,0,24.65789363454116,45.87728943466894,29.46481693078989
2024-11-28,ICICI,33.1214,6.805,641869.15801604,100,0,24.65789363454116,45.87728943466894,29.46481693078989
2024-11-29,ICICI,33.1353,6.751,641869.15801604,100,0,24.65789363454116,45.87728943466894,29.46481693078989
2024-12-02,ICICI,33.1647,6.71,628709.06852872,100,0,24.61468138353358,45.49065499667319,29.894663619793217
2024-12-03,ICICI,33.1637,6.714,628709.06852872,100,0,24.61468138353358,45.49065499667319,29.894663619793217
2024-12-04,ICICI,33.1685,6.686,628709.06852872,100,0,24.61468138353358,45.49065499667319,29.894663619793217
2024-12-05,ICICI,33.2113,6.68,628709.06852872,100,0,24.61468138353358,45.49065499667319,29.894663619793217
2024-12-06,ICICI,33.1866,6.74,628709.06852872,100,0,24.61468138353358,45.49065499667319,29.894663619793217
2024-12-09,ICICI,33.2033,6.717,628709.06852872,100,0,24.61468138353358,45.49065499667319,29.894663619793217
2024-12-10,ICICI,33.2335,6.705,628709.06852872,100,0,24.61468138353358,45.49065499667319,29.894663619793217
2024-12-11,ICICI,33.2256,6.718,628709.06852872,100,0,24.61468138353358,45.49065499667319,29.894663619793217
2024-12-12,ICICI,33.2247,6.736,628709.06852872,100,0,24.61468138353358,45.49065499667319,29.894663619793217
2024-12-13,ICICI,33.249,6.729,628709.06852872,100,0,24.61468138353358,45.49065499667319,29.894663619793217
2024-12-16,ICICI,33.2616,6.741,628709.06852872,100,0,24.61468138353358,45.49065499667319,29.894663619793217
2024-12-17,ICICI,33.2528,6.759,628709.06852872,100,0,24.61468138353358,45.49065499667319,29.894663619793217
2024-12-18,ICICI,33.2778,6.751,628709.06852872,100,0,24.61468138353358,45.49065499667319,29.894663619793217
2024-12-19,ICICI,33.2632,6.787,628709.06852872,100,0,24.61468138353358,45.49065499667319,29.894663619793217
2024-12-20,ICICI,33.1909,6.791,628709.06852872,100,0,24.61468138353358,45.49065499667319,29.894663619793217
2024-12-23,ICICI,33.2396,6.776,628709.06852872,100,0,24.61468138353358,45.49065499667319,29.894663619793217
2024-12-24,ICICI,33.2857,6.776,628709.06852872,100,0,24.61468138353358,45.49065499667319,29.894663619793217
2024-12-26,ICICI,33.2862,6.784,628709.06852872,100,0,24.61468138353358,45.49065499667319,29.894663619793217
2024-12-27,ICICI,33.2986,6.787,628709.06852872,100,0,24.61468138353358,45.49065499667319,29.894663619793217
2024-12-30,ICICI,33.284,6.775,628709.06852872,100,0,24.61468138353358,45.49065499667319,29.894663619793217
2024-12-31,ICICI,33.2991,6.759,628709.06852872,100,0,24.61468138353358,45.49065499667319,29.894663619793217
2025-01-01,ICICI,33.324,6.779,621550.60839665,100,0,22.033898281437533,46.9464081594117,31.019693559150763
2025-01-02,ICICI,33.3307,6.787,621550.60839665,100,0,22.033898281437533,46.9464081594117,31.019693559150763
2025-01-03,ICICI,33.3477,6.779,621550.60839665,100,0,22.033898281437533,46.9464081594117,31.019693559150763
2025-01-06,ICICI,33.3675,6.763,621550.60839665,100,0,22.033898281437533,46.9464081594117,31.019693559150763
2025-01-07,ICICI,33.3871,6.746,621550.60839665,100,0,22.033898281437533,46.9464081594117,31.019693559150763
2025-01-08,ICICI,33.3916,6.767,621550.60839665,100,0,22.033898281437533,46.9464081594117,31.019693559150763
2025-01-09,ICICI,33.3971,6.764,621550.60839665,100,0,22.033898281437533,46.9464081594117,31.019693559150763
2025-01-10,ICICI,33.4167,6.769,621550.60839665,100,0,22.033898281437533,46.9464081594117,31.019693559150763
2025-01-13,ICICI,33.3828,6.843,621550.60839665,100,0,22.033898281437533,46.9464081594117,31.019693559150763
2025-01-14,ICICI,33.4144,6.829,621550.60839665,100,0,22.033898281437533,46.9464081594117,31.019693559150763
2025-01-15,ICICI,33.428,6.813,621550.60839665,100,0,22.033898281437533,46.9464081594117,31.019693559150763
2025-01-16,ICICI,33.4617,6.754,621550.60839665,100,0,22.033898281437533,46.9464081594117,31.019693559150763
2025-01-17,ICICI,33.4711,6.774,621550.60839665,100,0,22.033898281437533,46.9464081594117,31.019693559150763
2025-01-20,ICICI,33.4798,6.763,621550.60839665,100,0,22.033898281437533,46.9464081594117,31.019693559150763
2025-01-21,ICICI,33.5032,6.734,621550.60839665,100,0,22.033898281437533,46.9464081594117,31.019693559150763
2025-01-22,ICICI,33.4816,6.719,621550.60839665,100,0,22.033898281437533,46.9464081594117,31.019693559150763
2025-01-23,ICICI,33.4681,6.736,621550.60839665,100,0,22.033898281437533,46.9464081594117,31.019693559150763
2025-01-24,ICICI,33.49,6.72,621550.60839665,100,0,22.033898281437533,46.9464081594117,31.019693559150763
2025-01-27,ICICI,33.5199,6.675,621550.60839665,100,0,22.033898281437533,46.9464081594117,31.019693559150763
2025-01-28,ICICI,33.5154,6.681,621550.60839665,100,0,22.033898281437533,46.9464081594117,31.019693559150763
2025-01-29,ICICI,33.54,6.683,621550.60839665,100,0,22.033898281437533,46.9464081594117,31.019693559150763
2025-01-30,ICICI,33.566,6.678,621550.60839665,100,0,22.033898281437533,46.9464081594117,31.019693559150763
2025-01-31,ICICI,33.5673,6.694,621550.60839665,100,0,22.033898281437533,46.9464081594117,31.019693559150763
2025-02-03,ICICI,33.6128,6.67,618743.1008843,100,0,20.087393579741303,49.42763462545489,30.48497179480381
2025-02-04,ICICI,33.5991,6.672,618743.1008843,100,0,20.087393579741303,49.42763462545489,30.48497179480381
2025-02-05,ICICI,33.6049,6.664,618743.1008843,100,0,20.087393579741303,49.42763462545489,30.48497179480381
2025-02-06,ICICI,33.6436,6.657,618743.1008843,100,0,20.087393579741303,49.42763462545489,30.48497179480381
2025-02-07,ICICI,33.6211,6.699,618743.1008843,100,0,20.087393579741303,49.42763462545489,30.48497179480381
2025-02-10,ICICI,33.6184,6.713,618743.1008843,100,0,20.087393579741303,49.42763462545489,30.48497179480381
2025-02-11,ICICI,33.6129,6.697,618743.1008843,100,0,20.087393579741303,49.42763462545489,30.48497179480381
2025-02-12,ICICI,33.6154,6.697,618743.1008843,100,0,20.087393579741303,49.42763462545489,30.48497179480381
2025-02-13,ICICI,33.6045,6.712,618743.1008843,100,0,20.087393579741303,49.42763462545489,30.48497179480381
2025-02-14,ICICI,33.6072,6.705,618743.1008843,100,0,20.087393579741303,49.42763462545489,30.48497179480381
2025-02-17,ICICI,33.6453,6.692,618743.1008843,100,0,20.087393579741303,49.42763462545489,30.48497179480381
2025-02-18,ICICI,33.6426,6.682,618743.1008843,100,0,20.087393579741303,49.42763462545489,30.48497179480381
2025-02-20,ICICI,33.6543,6.703,618743.1008843,100,0,20.087393579741303,49.42763462545489,30.48497179480381
2025-02-21,ICICI,33.6943,6.708,618743.1008843,100,0,20.087393579741303,49.42763462545489,30.48497179480381
2025-02-24,ICICI,33.6802,6.7,618743.1008843,100,0,20.087393579741303,49.42763462545489,30.48497179480381
2025-02-25,ICICI,33.6868,6.706,618743.1008843,100,0,20.087393579741303,49.42763462545489,30.48497179480381
2025-02-27,ICICI,33.744,6.71,618743.1008843,100,0,20.087393579741303,49.42763462545489,30.48497179480381
2025-02-28,ICICI,33.7464,6.72,618743.1008843,100,0,20.087393579741303,49.42763462545489,30.48497179480381
2025-03-03,ICICI,33.7424,6.73,613095.11377688,100,0,21.33285419795962,51.54492093363765,27.12222486840272
2025-03-04,ICICI,33.7616,6.74,613095.11377688,100,0,21.33285419795962,51.54492093363765,27.12222486840272
2025-03-05,ICICI,33.7498,6.71,613095.11377688,100,0,21.33285419795962,51.54492093363765,27.12222486840272
2025-03-06,ICICI,33.7554,6.68,613095.11377688,100,0,21.33285419795962,51.54492093363765,27.12222486840272
2025-03-07,ICICI,33.7764,6.68,613095.11377688,100,0,21.33285419795962,51.54492093363765,27.12222486840272
2025-03-10,ICICI,33.7822,6.7,613095.11377688,100,0,21.33285419795962,51.54492093363765,27.12222486840272
2025-03-11,ICICI,33.7873,6.69,613095.11377688,100,0,21.33285419795962,51.54492093363765,27.12222486840272
2025-03-12,ICICI,33.8093,6.68,613095.11377688,100,0,21.33285419795962,51.54492093363765,27.12222486840272
2025-03-13,ICICI,33.8368,6.69,613095.11377688,100,0,21.33285419795962,51.54492093363765,27.12222486840272
2025-03-17,ICICI,33.8506,6.69,613095.11377688,100,0,21.33285419795962,51.54492093363765,27.12222486840272
2025-03-18,ICICI,33.8501,6.67,613095.11377688,100,0,21.33285419795962,51.54492093363765,27.12222486840272
2025-03-19,ICICI,33.8847,6.66,613095.11377688,100,0,21.33285419795962,51.54492093363765,27.12222486840272
2025-03-20,ICICI,33.903,6.64,613095.11377688,100,0,21.33285419795962,51.54492093363765,27.12222486840272
2025-03-21,ICICI,33.9259,6.62,613095.11377688,100,0,21.33285419795962,51.54492093363765,27.12222486840272
2025-03-24,ICICI,33.9276,6.62,613095.11377688,100,0,21.33285419795962,51.54492093363765,27.12222486840272
2025-03-25,ICICI,33.9527,6.63,613095.11377688,100,0,21.33285419795962,51.54492093363765,27.12222486840272
2025-03-26,ICICI,33.9639,6.6,613095.11377688,100,0,21.33285419795962,51.54492093363765,27.12222486840272
2025-03-27,ICICI,34.0175,6.59,613095.11377688,100,0,21.33285419795962,51.54492093363765,27.12222486840272
2025-03-28,ICICI,34.0474,6.58,613095.11377688,100,0,21.33285419795962,51.54492093363765,27.12222486840272
2025-03-31,ICICI,34.065,6.58,613095.11377688,100,0,21.33285419795962,51.54492093363765,27.12222486840272
2025-04-02,ICICI,34.1719,6.48,613815.30830769,100,0,22.995462176723457,49.98590158084804,27.0186362424285
2025-04-03,ICICI,34.2104,6.5,613815.30830769,100,0,22.995462176723457,49.98590158084804,27.0186362424285
2025-04-04,ICICI,34.2421,6.46,613815.30830769,100,0,22.995462176723457,49.98590158084804,27.0186362424285
2025-04-07,ICICI,34.2104,6.48,613815.30830769,100,0,22.995462176723457,49.98590158084804,27.0186362424285
2025-04-08,ICICI,34.2068,6.47,613815.30830769,100,0,22.995462176723457,49.98590158084804,27.0186362424285
2025-04-09,ICICI,34.2558,6.44,613815.30830769,100,0,22.995462176723457,49.98590158084804,27.0186362424285
2025-04-11,ICICI,34.2679,6.44,613815.30830769,100,0,22.995462176723457,49.98590158084804,27.0186362424285
2025-04-15,ICICI,34.3108,6.41,613815.30830769,100,0,22.995462176723457,49.98590158084804,27.0186362424285
2025-04-16,ICICI,34.3352,6.39,613815.30830769,100,0,22.995462176723457,49.98590158084804,27.0186362424285
2025-04-17,ICICI,34.352,6.37,613815.30830769,100,0,22.995462176723457,49.98590158084804,27.0186362424285
2025-04-21,ICICI,34.4145,6.32,613815.30830769,100,0,22.995462176723457,49.98590158084804,27.0186362424285
2025-04-22,ICICI,34.4491,6.32,613815.30830769,100,0,22.995462176723457,49.98590158084804,27.0186362424285
2025-04-23,ICICI,34.4832,6.33,613815.30830769,100,0,22.995462176723457,49.98590158084804,27.0186362424285
2025-04-24,ICICI,34.4838,6.32,613815.30830769,100,0,22.995462176723457,49.98590158084804,27.0186362424285
2025-04-25,ICICI,34.4681,6.36,613815.30830769,100,0,22.995462176723457,49.98590158084804,27.0186362424285
2025-04-28,ICICI,34.4843,6.342,613815.30830769,100,0,22.995462176723457,49.98590158084804,27.0186362424285
2025-04-29,ICICI,34.51,6.358,613815.30830769,100,0,22.995462176723457,49.98590158084804,27.0186362424285
2025-04-30,ICICI,34.5143,6.358,613815.30830769,100,0,22.995462176723457,49.98590158084804,27.0186362424285
2025-05-02,ICICI,34.5265,6.358,613543.60308441,100,0,23.13399003747565,46.5647342091186,30.30127575340576
2025-05-05,ICICI,34.5835,6.35,613543.60308441,100,0,23.13399003747565,46.5647342091186,30.30127575340576
2025-05-06,ICICI,34.5925,6.337,613543.60308441,100,0,23.13399003747565,46.5647342091186,30.30127575340576
2025-05-07,ICICI,34.6244,6.395,613543.60308441,100,0,23.13399003747565,46.5647342091186,30.30127575340576
2025-05-08,ICICI,34.5676,6.377,613543.60308441,100,0,23.13399003747565,46.5647342091186,30.30127575340576
2025-05-09,ICICI,34.5835,6.377,613543.60308441,100,0,23.13399003747565,46.5647342091186,30.30127575340576
2025-05-13,ICICI,34.6563,6.242,613543.60308441,100,0,23.13399003747565,46.5647342091186,30.30127575340576
2025-05-14,ICICI,34.7058,6.231,613543.60308441,100,0,23.13399003747565,46.5647342091186,30.30127575340576
2025-05-15,ICICI,34.7284,6.22,613543.60308441,100,0,23.13399003747565,46.5647342091186,30.30127575340576
2025-05-16,ICICI,34.7717,6.22,613543.60308441,100,0,23.13399003747565,46.5647342091186,30.30127575340576
2025-05-19,ICICI,34.7877,6.23,613543.60308441,100,0,23.13399003747565,46.5647342091186,30.30127575340576
2025-05-20,ICICI,34.8109,6.22,613543.60308441,100,0,23.13399003747565,46.5647342091186,30.30127575340576
2025-05-21,ICICI,34.8417,6.19,613543.60308441,100,0,23.13399003747565,46.5647342091186,30.30127575340576
2025-05-22,ICICI,34.841,6.21,613543.60308441,100,0,23.13399003747565,46.5647342091186,30.30127575340576
2025-05-23,ICICI,34.8473,6.21,613543.60308441,100,0,23.13399003747565,46.5647342091186,30.30127575340576
2025-05-26,ICICI,34.8365,6.2,613543.60308441,100,0,23.13399003747565,46.5647342091186,30.30127575340576
2025-05-27,ICICI,34.8518,6.2,613543.60308441,100,0,23.13399003747565,46.5647342091186,30.30127575340576
2025-05-28,ICICI,34.8854,6.16,613543.60308441,100,0,23.13399003747565,46.5647342091186,30.30127575340576
2025-05-29,ICICI,34.9093,6.18,613543.60308441,100,0,23.13399003747565,46.5647342091186,30.30127575340576
2025-05-30,ICICI,34.8815,6.2,613543.60308441,100,0,23.13399003747565,46.5647342091186,30.30127575340576
2025-06-02,ICICI,34.9219,6.22,609139.10444473,100,0,20.54034641627729,48.512189195355006,30.94746438836769
2025-06-03,ICICI,34.9347,6.2,609139.10444473,100,0,20.54034641627729,48.512189195355006,30.94746438836769
2025-06-04,ICICI,34.9377,6.21,609139.10444473,100,0,20.54034641627729,48.512189195355006,30.94746438836769
2025-06-05,ICICI,34.9703,6.18,609139.10444473,100,0,20.54034641627729,48.512189195355006,30.94746438836769
2025-06-06,ICICI,35.0367,6.23,609139.10444473,100,0,20.54034641627729,48.512189195355006,30.94746438836769
2025-06-09,ICICI,35.0552,6.27,609139.10444473,100,0,20.54034641627729,48.512189195355006,30.94746438836769
2025-06-10,ICICI,35.0306,6.28,609139.10444473,100,0,20.54034641627729,48.512189195355006,30.94746438836769
2025-06-11,ICICI,35.0219,6.29,609139.10444473,100,0,20.54034641627729,48.512189195355006,30.94746438836769
2025-06-12,ICICI,35.0271,6.28,609139.10444473,100,0,20.54034641627729,48.512189195355006,30.94746438836769
2025-06-13,ICICI,35.019,6.29,609139.10444473,100,0,20.54034641627729,48.512189195355006,30.94746438836769
2025-06-16,ICICI,35.0394,6.26,609139.10444473,100,0,20.54034641627729,48.512189195355006,30.94746438836769
2025-06-17,ICICI,35.0407,6.25,609139.10444473,100,0,20.54034641627729,48.512189195355006,30.94746438836769
2025-06-18,ICICI,35.0462,6.25,609139.10444473,100,0,20.54034641627729,48.512189195355006,30.94746438836769
2025-06-19,ICICI,35.0355,6.3,609139.10444473,100,0,20.54034641627729,48.512189195355006,30.94746438836769
2025-06-20,ICICI,35.0091,6.31,609139.10444473,100,0,20.54034641627729,48.512189195355006,30.94746438836769
2025-06-23,ICICI,35.0598,6.3,609139.10444473,100,0,20.54034641627729,48.512189195355006,30.94746438836769
2025-06-24,ICICI,35.051,6.24,609139.10444473,100,0,20.54034641627729,48.512189195355006,30.94746438836769
2025-06-25,ICICI,35.0936,6.28,609139.10444473,100,0,20.54034641627729,48.512189195355006,30.94746438836769
2025-06-26,ICICI,35.0859,6.27,609139.10444473,100,0,20.54034641627729,48.512189195355006,30.94746438836769
2025-06-27,ICICI,35.0942,6.31,609139.10444473,100,0,20.54034641627729,48.512189195355006,30.94746438836769
2025-06-30,ICICI,35.082,6.31,609139.10444473,100,0,20.54034641627729,48.512189195355006,30.94746438836769
2025-07-01,ICICI,35.1179,6.29,604442.8474455,100,0,21.08160563123614,49.23733243499906,29.6810619337648
2025-07-02,ICICI,35.1436,6.28,604442.8474455,100,0,21.08160563123614,49.23733243499906,29.6810619337648
2025-07-03,ICICI,35.1577,6.28,604442.8474455,100,0,21.08160563123614,49.23733243499906,29.6810619337648
2025-07-04,ICICI,35.1821,6.29,604442.8474455,100,0,21.08160563123614,49.23733243499906,29.6810619337648
2025-07-07,ICICI,35.2103,6.294,604442.8474455,100,0,21.08160563123614,49.23733243499906,29.6810619337648
2025-07-08,ICICI,35.2313,6.306,604442.8474455,100,0,21.08160563123614,49.23733243499906,29.6810619337648
2025-07-09,ICICI,35.2404,6.314,604442.8474455,100,0,21.08160563123614,49.23733243499906,29.6810619337648
2025-07-10,ICICI,35.2137,6.318,604442.8474455,100,0,21.08160563123614,49.23733243499906,29.6810619337648
2025-07-11,ICICI,35.2269,6.304,604442.8474455,100,0,21.08160563123614,49.23733243499906,29.6810619337648
2025-07-14,ICICI,35.2423,6.311,604442.8474455,100,0,21.08160563123614,49.23733243499906,29.6810619337648
2025-07-15,ICICI,35.2551,6.313,604442.8474455,100,0,21.08160563123614,49.23733243499906,29.6810619337648
2025-07-16,ICICI,35.2643,6.313,604442.8474455,100,0,21.08160563123614,49.23733243499906,29.6810619337648
2025-07-17,ICICI,35.2759,6.302,604442.8474455,100,0,21.08160563123614,49.23733243499906,29.6810619337648
2025-07-18,ICICI,35.3133,6.305,604442.8474455,100,0,21.08160563123614,49.23733243499906,29.6810619337648
2025-07-21,ICICI,35.3354,6.299,604442.8474455,100,0,21.08160563123614,49.23733243499906,29.6810619337648
2025-07-22,ICICI,35.3397,6.308,604442.8474455,100,0,21.08160563123614,49.23733243499906,29.6810619337648
2025-07-23,ICICI,35.3675,6.312,604442.8474455,100,0,21.08160563123614,49.23733243499906,29.6810619337648
2025-07-24,ICICI,35.3781,6.329,604442.8474455,100,0,21.08160563123614,49.23733243499906,29.6810619337648
2025-07-25,ICICI,35.3647,6.353,604442.8474455,100,0,21.08160563123614,49.23733243499906,29.6810619337648
2025-07-28,ICICI,35.3774,6.373,604442.8474455,100,0,21.08160563123614,49.23733243499906,29.6810619337648
2025-07-29,ICICI,35.3599,6.369,604442.8474455,100,0,21.08160563123614,49.23733243499906,29.6810619337648
2025-07-30,ICICI,35.3679,6.365,604442.8474455,100,0,21.08160563123614,49.23733243499906,29.6810619337648
2025-07-31,ICICI,35.366,6.376,604442.8474455,100,0,21.08160563123614,49.23733243499906,29.6810619337648
2025-08-01,ICICI,35.3678,6.371,599289.58820681,100,0,20.94690005784484,52.40936807586845,26.643731866286725
2025-08-04,ICICI,35.4022,6.313,599289.58820681,100,0,20.94690005784484,52.40936807586845,26.643731866286725
2025-08-05,ICICI,35.4141,6.324,599289.58820681,100,0,20.94690005784484,52.40936807586845,26.643731866286725
2025-08-06,ICICI,35.4241,6.407,599289.58820681,100,0,20.94690005784484,52.40936807586845,26.643731866286725
2025-08-07,ICICI,35.4059,6.39,599289.58820681,100,0,20.94690005784484,52.40936807586845,26.643731866286725
2025-08-08,ICICI,35.3837,6.399,599289.58820681,100,0,20.94690005784484,52.40936807586845,26.643731866286725
2025-08-11,ICICI,35.4016,6.428,599289.58820681,100,0,20.94690005784484,52.40936807586845,26.643731866286725
2025-08-12,ICICI,35.3737,6.483,599289.58820681,100,0,20.94690005784484,52.40936807586845,26.643731866286725
2025-08-13,ICICI,35.3799,6.481,599289.58820681,100,0,20.94690005784484,52.40936807586845,26.643731866286725
2025-08-14,ICICI,35.4296,6.404,599289.58820681,100,0,20.94690005784484,52.40936807586845,26.643731866286725
2025-08-18,ICICI,35.4295,6.484,599289.58820681,100,0,20.94690005784484,52.40936807586845,26.643731866286725
2025-08-19,ICICI,35.4253,6.512,599289.58820681,100,0,20.94690005784484,52.40936807586845,26.643731866286725
2025-08-20,ICICI,35.478,6.497,599289.58820681,100,0,20.94690005784484,52.40936807586845,26.643731866286725
2025-08-21,ICICI,35.4827,6.525,599289.58820681,100,0,20.94690005784484,52.40936807586845,26.643731866286725
2025-08-22,ICICI,35.5003,6.549,599289.58820681,100,0,20.94690005784484,52.40936807586845,26.643731866286725
2025-08-25,ICICI,35.4588,6.592,599289.58820681,100,0,20.94690005784484,52.40936807586845,26.643731866286725
2025-08-26,ICICI,35.4242,6.617,599289.58820681,100,0,20.94690005784484,52.40936807586845,26.643731866286725
2025-08-28,ICICI,35.4739,6.538,599289.58820681,100,0,20.94690005784484,52.40936807586845,26.643731866286725
2025-08-29,ICICI,35.488,6.588,599289.58820681,100,0,20.94690005784484,52.40936807586845,26.643731866286725
2025-09-01,ICICI,35.4974,6.585,599367.4154934,100,0,18.83335939994337,50.39543924212186,30.771201357934764
2025-09-02,ICICI,35.5063,6.569,599367.4154934,100,0,18.83335939994337,50.39543924212186,30.771201357934764
2025-09-03,ICICI,35.5316,6.541,599367.4154934,100,0,18.83335939994337,50.39543924212186,30.771201357934764
2025-09-04,ICICI,35.5647,6.494,599367.4154934,100,0,18.83335939994337,50.39543924212186,30.771201357934764
2025-09-05,ICICI,35.5906,6.461,599367.4154934,100,0,18.83335939994337,50.39543924212186,30.771201357934764
2025-09-09,ICICI,35.6087,6.486,599367.4154934,100,0,18.83335939994337,50.39543924212186,30.771201357934764
2025-09-10,ICICI,35.6312,6.483,599367.4154934,100,0,18.83335939994337,50.39543924212186,30.771201357934764
2025-09-11,ICICI,35.6391,6.472,599367.4154934,100,0,18.83335939994337,50.39543924212186,30.771201357934764
2025-09-12,ICICI,35.6541,6.483,599367.4154934,100,0,18.83335939994337,50.39543924212186,30.771201357934764
2025-09-15,ICICI,35.7348,6.492,599367.4154934,100,0,18.83335939994337,50.39543924212186,30.771201357934764
2025-09-16,ICICI,35.7758,6.49,599367.4154934,100,0,18.83335939994337,50.39543924212186,30.771201357934764
2025-09-17,ICICI,35.7853,6.466,599367.4154934,100,0,18.83335939994337,50.39543924212186,30.771201357934764
2025-09-18,ICICI,35.7772,6.509,599367.4154934,100,0,18.83335939994337,50.39543924212186,30.771201357934764
2025-09-19,ICICI,35.762,6.489,599367.4154934,100,0,18.83335939994337,50.39543924212186,30.771201357934764
2025-09-22,ICICI,35.7935,6.481,599367.4154934,100,0,18.83335939994337,50.39543924212186,30.771201357934764
2025-09-23,ICICI,35.8035,6.467,599367.4154934,100,0,18.83335939994337,50.39543924212186,30.771201357934764
2025-09-24,ICICI,35.7997,6.483,599367.4154934,100,0,18.83335939994337,50.39543924212186,30.771201357934764
2025-09-25,ICICI,35.8416,6.492,599367.4154934,100,0,18.83335939994337,50.39543924212186,30.771201357934764
2025-09-26,ICICI,35.8533,6.517,599367.4154934,100,0,18.83335939994337,50.39543924212186,30.771201357934764
2025-09-29,ICICI,35.8922,6.563,599367.4154934,100,0,18.83335939994337,50.39543924212186,30.771201357934764
2025-09-30,ICICI,35.9112,6.571,599367.4154934,100,0,18.83335939994337,50.39543924212186,30.771201357934764
2025-10-01,ICICI,35.9631,6.523,591578.51967169,100,0,18.733316586056468,50.7276835029156,30.53899991102793
2025-10-03,ICICI,36.0139,6.514,591578.51967169,100,0,18.733316586056468,50.7276835029156,30.53899991102793
2025-10-06,ICICI,36.0199,6.519,591578.51967169,100,0,18.733316586056468,50.7276835029156,30.53899991102793
2025-10-07,ICICI,36.045,6.51,591578.51967169,100,0,18.733316586056468,50.7276835029156,30.53899991102793
2025-10-08,ICICI,36.0537,6.504,591578.51967169,100,0,18.733316586056468,50.7276835029156,30.53899991102793
2025-10-09,ICICI,36.0614,6.521,591578.51967169,100,0,18.733316586056468,50.7276835029156,30.53899991102793
2025-10-10,ICICI,36.0756,6.531,591578.51967169,100,0,18.733316586056468,50.7276835029156,30.53899991102793
2025-10-13,ICICI,36.0717,6.518,591578.51967169,100,0,18.733316586056468,50.7276835029156,30.53899991102793
2025-10-14,ICICI,36.0726,6.507,591578.51967169,100,0,18.733316586056468,50.7276835029156,30.53899991102793
2025-10-15,ICICI,36.1113,6.484,591578.51967169,100,0,18.733316586056468,50.7276835029156,30.53899991102793
2025-10-16,ICICI,36.1143,6.503,591578.51967169,100,0,18.733316586056468,50.7276835029156,30.53899991102793
2025-10-17,ICICI,36.1117,6.506,591578.51967169,100,0,18.733316586056468,50.7276835029156,30.53899991102793
2025-10-20,ICICI,36.1743,6.508,591578.51967169,100,0,18.733316586056468,50.7276835029156,30.53899991102793
2025-10-23,ICICI,36.1715,6.539,591578.51967169,100,0,18.733316586056468,50.7276835029156,30.53899991102793
2025-10-24,ICICI,36.184,6.533,591578.51967169,100,0,18.733316586056468,50.7276835029156,30.53899991102793
2025-10-27,ICICI,36.2051,6.542,591578.51967169,100,0,18.733316586056468,50.7276835029156,30.53899991102793
2025-10-28,ICICI,36.1845,6.533,591578.51967169,100,0,18.733316586056468,50.7276835029156,30.53899991102793
2025-10-29,ICICI,36.2189,6.537,591578.51967169,100,0,18.733316586056468,50.7276835029156,30.53899991102793
2025-10-30,ICICI,36.1926,6.573,591578.51967169,100,0,18.733316586056468,50.7276835029156,30.53899991102793
2025-10-31,ICICI,36.2112,6.529,591578.51967169,100,0,18.733316586056468,50.7276835029156,30.53899991102793
2025-11-03,ICICI,36.2476,6.528,591578.51967169,100,0,18.733316586056468,50.7276835029156,30.53899991102793
2025-11-04,ICICI,36.2597,6.53,591578.51967169,100,0,18.733316586056468,50.7276835029156,30.53899991102793
2025-11-06,ICICI,36.2696,6.514,591578.51967169,100,0,18.733316586056468,50.7276835029156,30.53899991102793
2025-11-07,ICICI,36.2941,6.521,591578.51967169,100,0,18.733316586056468,50.7276835029156,30.53899991102793
2025-11-10,ICICI,36.3194,6.49,591578.51967169,100,0,18.733316586056468,50.7276835029156,30.53899991102793
2025-11-11,ICICI,36.3909,6.499,591578.51967169,100,0,18.733316586056468,50.7276835029156,30.53899991102793
2025-11-12,ICICI,36.3902,6.483,591578.51967169,100,0,18.733316586056468,50.7276835029156,30.53899991102793
2025-11-13,ICICI,36.3847,6.511,591578.51967169,100,0,18.733316586056468,50.7276835029156,30.53899991102793
2025-11-14,ICICI,36.3578,6.527,591578.51967169,100,0,18.733316586056468,50.7276835029156,30.53899991102793
2025-11-17,ICICI,36.3882,6.536,591578.51967169,100,0,18.733316586056468,50.7276835029156,30.53899991102793
2025-11-18,ICICI,36.4085,6.523,591578.51967169,100,0,18.733316586056468,50.7276835029156,30.53899991102793
2025-11-19,ICICI,36.4179,6.532,591578.51967169,100,0,18.733316586056468,50.7276835029156,30.53899991102793
2025-11-20,ICICI,36.465,6.536,591578.51967169,100,0,18.733316586056468,50.7276835029156,30.53899991102793
2025-11-21,ICICI,36.454,6.56,591578.51967169,100,0,18.733316586056468,50.7276835029156,30.53899991102793
2025-11-24,ICICI,36.4552,6.525,591578.51967169,100,0,18.733316586056468,50.7276835029156,30.53899991102793
2025-11-25,ICICI,36.4664,6.491,591578.51967169,100,0,18.733316586056468,50.7276835029156,30.53899991102793
2025-11-26,ICICI,36.4735,6.486,591578.51967169,100,0,18.733316586056468,50.7276835029156,30.53899991102793
2020-01-01,SBI,32.3964,,505510.91,100,0,28.40570783287137,47.98275331074839,23.61153885638025
2020-01-02,SBI,32.4257,,505510.91,100,0,28.40570783287137,47.98275331074839,23.61153885638025
2020-01-03,SBI,32.4475,,505510.91,100,0,28.40570783287137,47.98275331074839,23.61153885638025
2020-01-06,SBI,32.4546,,505510.91,100,0,28.40570783287137,47.98275331074839,23.61153885638025
2020-01-07,SBI,32.468,,505510.91,100,0,28.40570783287137,47.98275331074839,23.61153885638025
2020-01-08,SBI,32.4827,,505510.91,100,0,28.40570783287137,47.98275331074839,23.61153885638025
2020-01-09,SBI,32.498,,505510.91,100,0,28.40570783287137,47.98275331074839,23.61153885638025
2020-01-10,SBI,32.496,,505510.91,100,0,28.40570783287137,47.98275331074839,23.61153885638025
2020-01-13,SBI,32.5157,,505510.91,100,0,28.40570783287137,47.98275331074839,23.61153885638025
2020-01-14,SBI,32.5052,,505510.91,100,0,28.40570783287137,47.98275331074839,23.61153885638025
2020-01-15,SBI,32.5204,,505510.91,100,0,28.40570783287137,47.98275331074839,23.61153885638025
2020-01-16,SBI,32.5328,,505510.91,100,0,28.40570783287137,47.98275331074839,23.61153885638025
2020-01-17,SBI,32.5368,,505510.91,100,0,28.40570783287137,47.98275331074839,23.61153885638025
2020-01-20,SBI,32.5602,,505510.91,100,0,28.40570783287137,47.98275331074839,23.61153885638025
2020-01-21,SBI,32.5723,,505510.91,100,0,28.40570783287137,47.98275331074839,23.61153885638025
2020-01-22,SBI,32.5983,,505510.91,100,0,28.40570783287137,47.98275331074839,23.61153885638025
2020-01-23,SBI,32.6154,,505510.91,100,0,28.40570783287137,47.98275331074839,23.61153885638025
2020-01-24,SBI,32.6298,,505510.91,100,0,28.40570783287137,47.98275331074839,23.61153885638025
2020-01-27,SBI,32.6574,6.551,505510.91,100,0,28.40570783287137,47.98275331074839,23.61153885638025
2020-01-28,SBI,32.6708,6.575,505510.91,100,0,28.40570783287137,47.98275331074839,23.61153885638025
2020-01-29,SBI,32.6735,6.568,505510.91,100,0,28.40570783287137,47.98275331074839,23.61153885638025
2020-01-30,SBI,32.686,6.558,505510.91,100,0,28.40570783287137,47.98275331074839,23.61153885638025
2020-01-31,SBI,32.7009,6.599,505510.91,100,0,28.40570783287137,47.98275331074839,23.61153885638025
2020-02-03,SBI,32.752,6.503,508264.86,100,0,29.064496187925,42.83948073356687,28.096023078508143
2020-02-04,SBI,32.7664,6.504,508264.86,100,0,29.064496187925,42.83948073356687,28.096023078508143
2020-02-05,SBI,32.777,6.505,508264.86,100,0,29.064496187925,42.83948073356687,28.096023078508143
2020-02-06,SBI,32.8771,6.446,508264.86,100,0,29.064496187925,42.83948073356687,28.096023078508143
2020-02-07,SBI,32.9334,6.439,508264.86,100,0,29.064496187925,42.83948073356687,28.096023078508143
2020-02-10,SBI,32.9686,6.44,508264.86,100,0,29.064496187925,42.83948073356687,28.096023078508143
2020-02-11,SBI,32.9715,6.464,508264.86,100,0,29.064496187925,42.83948073356687,28.096023078508143
2020-02-12,SBI,32.9699,6.473,508264.86,100,0,29.064496187925,42.83948073356687,28.096023078508143
2020-02-13,SBI,32.9959,6.423,508264.86,100,0,29.064496187925,42.83948073356687,28.096023078508143
2020-02-14,SBI,33.0098,6.369,508264.86,100,0,29.064496187925,42.83948073356687,28.096023078508143
2020-02-17,SBI,33.0391,6.387,508264.86,100,0,29.064496187925,42.83948073356687,28.096023078508143
2020-02-18,SBI,33.0372,6.384,508264.86,100,0,29.064496187925,42.83948073356687,28.096023078508143
2020-02-20,SBI,33.0549,6.422,508264.86,100,0,29.064496187925,42.83948073356687,28.096023078508143
2020-02-24,SBI,33.0912,6.367,508264.86,100,0,29.064496187925,42.83948073356687,28.096023078508143
2020-02-25,SBI,33.0901,6.367,508264.86,100,0,29.064496187925,42.83948073356687,28.096023078508143
2020-02-26,SBI,33.1065,6.346,508264.86,100,0,29.064496187925,42.83948073356687,28.096023078508143
2020-02-27,SBI,33.1078,6.378,508264.86,100,0,29.064496187925,42.83948073356687,28.096023078508143
2020-02-28,SBI,33.084,6.371,508264.86,100,0,29.064496187925,42.83948073356687,28.096023078508143
2020-03-02,SBI,33.1024,6.346,492857.88,100,0,25.005132416341613,51.59104906590022,23.40381851775816
2020-03-03,SBI,33.1111,6.342,492857.88,100,0,25.005132416341613,51.59104906590022,23.40381851775816
2020-03-04,SBI,33.1692,6.226,492857.88,100,0,25.005132416341613,51.59104906590022,23.40381851775816
2020-03-05,SBI,33.1653,6.239,492857.88,100,0,25.005132416341613,51.59104906590022,23.40381851775816
2020-03-06,SBI,33.1706,6.185,492857.88,100,0,25.005132416341613,51.59104906590022,23.40381851775816
2020-03-09,SBI,33.1378,6.066,492857.88,100,0,25.005132416341613,51.59104906590022,23.40381851775816
2020-03-11,SBI,33.1186,6.125,492857.88,100,0,25.005132416341613,51.59104906590022,23.40381851775816
2020-03-12,SBI,32.9947,6.236,492857.88,100,0,25.005132416341613,51.59104906590022,23.40381851775816
2020-03-13,SBI,32.8959,6.322,492857.88,100,0,25.005132416341613,51.59104906590022,23.40381851775816
2020-03-16,SBI,32.9028,6.208,492857.88,100,0,25.005132416341613,51.59104906590022,23.40381851775816
2020-03-17,SBI,32.8077,6.265,492857.88,100,0,25.005132416341613,51.59104906590022,23.40381851775816
2020-03-18,SBI,32.6982,6.296,492857.88,100,0,25.005132416341613,51.59104906590022,23.40381851775816
2020-03-19,SBI,32.5206,6.41,492857.88,100,0,25.005132416341613,51.59104906590022,23.40381851775816
2020-03-20,SBI,32.5901,6.259,492857.88,100,0,25.005132416341613,51.59104906590022,23.40381851775816
2020-03-23,SBI,32.5036,6.379,492857.88,100,0,25.005132416341613,51.59104906590022,23.40381851775816
2020-03-24,SBI,32.4231,6.304,492857.88,100,0,25.005132416341613,51.59104906590022,23.40381851775816
2020-03-26,SBI,32.4284,6.225,492857.88,100,0,25.005132416341613,51.59104906590022,23.40381851775816
2020-03-27,SBI,33.0494,6.144,492857.88,100,0,25.005132416341613,51.59104906590022,23.40381851775816
2020-03-30,SBI,33.0917,6.209,492857.88,100,0,25.005132416341613,51.59104906590022,23.40381851775816
2020-03-31,SBI,33.1102,6.138,492857.88,100,0,25.005132416341613,51.59104906590022,23.40381851775816
2020-04-03,SBI,33.1362,6.306,414891.77,100,0,25.53105808919762,44.32699083861875,30.141951072183627
2020-04-07,SBI,33.0707,6.414,414891.77,100,0,25.53105808919762,44.32699083861875,30.141951072183627
2020-04-08,SBI,32.9719,6.441,414891.77,100,0,25.53105808919762,44.32699083861875,30.141951072183627
2020-04-09,SBI,32.9356,6.49,414891.77,100,0,25.53105808919762,44.32699083861875,30.141951072183627
2020-04-13,SBI,32.9383,6.495,414891.77,100,0,25.53105808919762,44.32699083861875,30.141951072183627
2020-04-15,SBI,32.9202,6.425,414891.77,100,0,25.53105808919762,44.32699083861875,30.141951072183627
2020-04-16,SBI,32.9591,6.44,414891.77,100,0,25.53105808919762,44.32699083861875,30.141951072183627
2020-04-17,SBI,33.0775,6.347,414891.77,100,0,25.53105808919762,44.32699083861875,30.141951072183627
2020-04-20,SBI,33.1334,6.209,414891.77,100,0,25.53105808919762,44.32699083861875,30.141951072183627
2020-04-21,SBI,33.1359,6.212,414891.77,100,0,25.53105808919762,44.32699083861875,30.141951072183627
2020-04-22,SBI,33.1558,6.224,414891.77,100,0,25.53105808919762,44.32699083861875,30.141951072183627
2020-04-23,SBI,33.1918,6.06,414891.77,100,0,25.53105808919762,44.32699083861875,30.141951072183627
2020-04-24,SBI,33.0584,6.167,414891.77,100,0,25.53105808919762,44.32699083861875,30.141951072183627
2020-04-27,SBI,32.8843,6.153,414891.77,100,0,25.53105808919762,44.32699083861875,30.141951072183627
2020-04-28,SBI,32.725,6.137,414891.77,100,0,25.53105808919762,44.32699083861875,30.141951072183627
2020-04-29,SBI,32.7278,6.125,414891.77,100,0,25.53105808919762,44.32699083861875,30.141951072183627
2020-04-30,SBI,32.7498,6.11,414891.77,100,0,25.53105808919762,44.32699083861875,30.141951072183627
2020-05-04,SBI,32.8215,6.084,394889.66,100,0,28.61538461538461,51.82564102564102,19.55897435897436
2020-05-05,SBI,32.8681,6.073,394889.66,100,0,28.61538461538461,51.82564102564102,19.55897435897436
2020-05-06,SBI,32.9063,6.028,394889.66,100,0,28.61538461538461,51.82564102564102,19.55897435897436
2020-05-08,SBI,32.9082,5.967,394889.66,100,0,28.61538461538461,51.82564102564102,19.55897435897436
2020-05-11,SBI,32.9187,6.167,394889.66,100,0,28.61538461538461,51.82564102564102,19.55897435897436
2020-05-12,SBI,32.9524,6.163,394889.66,100,0,28.61538461538461,51.82564102564102,19.55897435897436
2020-05-13,SBI,32.9866,6.095,394889.66,100,0,28.61538461538461,51.82564102564102,19.55897435897436
2020-05-14,SBI,33.027,6.056,394889.66,100,0,28.61538461538461,51.82564102564102,19.55897435897436
2020-05-15,SBI,33.0448,6.081,394889.66,100,0,28.61538461538461,51.82564102564102,19.55897435897436
2020-05-18,SBI,33.0878,6.05,394889.66,100,0,28.61538461538461,51.82564102564102,19.55897435897436
2020-05-19,SBI,33.145,6.035,394889.66,100,0,28.61538461538461,51.82564102564102,19.55897435897436
2020-05-20,SBI,33.1776,6.041,394889.66,100,0,28.61538461538461,51.82564102564102,19.55897435897436
2020-05-21,SBI,33.2026,6.034,394889.66,100,0,28.61538461538461,51.82564102564102,19.55897435897436
2020-05-22,SBI,33.279,5.961,394889.66,100,0,28.61538461538461,51.82564102564102,19.55897435897436
2020-05-26,SBI,33.3101,5.975,394889.66,100,0,28.61538461538461,51.82564102564102,19.55897435897436
2020-05-27,SBI,33.3328,5.984,394889.66,100,0,28.61538461538461,51.82564102564102,19.55897435897436
2020-05-28,SBI,33.3204,5.99,394889.66,100,0,28.61538461538461,51.82564102564102,19.55897435897436
2020-05-29,SBI,33.3236,6.013,394889.66,100,0,28.61538461538461,51.82564102564102,19.55897435897436
2020-06-01,SBI,33.3421,6.042,389523.02,100,0,32.260371959942766,46.1271203760474,21.612507664009804
2020-06-02,SBI,33.3489,5.998,389523.02,100,0,32.260371959942766,46.1271203760474,21.612507664009804
2020-06-03,SBI,33.3658,6.031,389523.02,100,0,32.260371959942766,46.1271203760474,21.612507664009804
2020-06-04,SBI,33.3677,5.796,389523.02,100,0,32.260371959942766,46.1271203760474,21.612507664009804
2020-06-05,SBI,33.3787,5.821,389523.02,100,0,32.260371959942766,46.1271203760474,21.612507664009804
2020-06-08,SBI,33.3958,5.807,389523.02,100,0,32.260371959942766,46.1271203760474,21.612507664009804
2020-06-09,SBI,33.4221,5.775,389523.02,100,0,32.260371959942766,46.1271203760474,21.612507664009804
2020-06-10,SBI,33.4068,5.772,389523.02,100,0,32.260371959942766,46.1271203760474,21.612507664009804
2020-06-11,SBI,33.4402,5.781,389523.02,100,0,32.260371959942766,46.1271203760474,21.612507664009804
2020-06-12,SBI,33.4551,5.796,389523.02,100,0,32.260371959942766,46.1271203760474,21.612507664009804
2020-06-15,SBI,33.4927,5.792,389523.02,100,0,32.260371959942766,46.1271203760474,21.612507664009804
2020-06-16,SBI,33.5355,5.846,389523.02,100,0,32.260371959942766,46.1271203760474,21.612507664009804
2020-06-17,SBI,33.574,5.835,389523.02,100,0,32.260371959942766,46.1271203760474,21.612507664009804
2020-06-18,SBI,33.6486,5.822,389523.02,100,0,32.260371959942766,46.1271203760474,21.612507664009804
2020-06-19,SBI,33.7035,5.849,389523.02,100,0,32.260371959942766,46.1271203760474,21.612507664009804
2020-06-22,SBI,33.7194,5.877,389523.02,100,0,32.260371959942766,46.1271203760474,21.612507664009804
2020-06-23,SBI,33.7433,5.903,389523.02,100,0,32.260371959942766,46.1271203760474,21.612507664009804
2020-06-24,SBI,33.7543,5.918,389523.02,100,0,32.260371959942766,46.1271203760474,21.612507664009804
2020-06-25,SBI,33.7914,5.891,389523.02,100,0,32.260371959942766,46.1271203760474,21.612507664009804
2020-06-26,SBI,33.8489,5.913,389523.02,100,0,32.260371959942766,46.1271203760474,21.612507664009804
2020-06-29,SBI,33.8769,5.903,389523.02,100,0,32.260371959942766,46.1271203760474,21.612507664009804
2020-06-30,SBI,33.8929,5.888,389523.02,100,0,32.260371959942766,46.1271203760474,21.612507664009804
2020-07-01,SBI,33.9274,5.838,384761.71,100,0,30.089276954772885,47.78769743941922,22.12302560580791
2020-07-02,SBI,33.9565,5.841,384761.71,100,0,30.089276954772885,47.78769743941922,22.12302560580791
2020-07-03,SBI,33.9851,5.845,384761.71,100,0,30.089276954772885,47.78769743941922,22.12302560580791
2020-07-06,SBI,34.0233,5.836,384761.71,100,0,30.089276954772885,47.78769743941922,22.12302560580791
2020-07-07,SBI,34.0718,5.792,384761.71,100,0,30.089276954772885,47.78769743941922,22.12302560580791
2020-07-08,SBI,34.1045,5.778,384761.71,100,0,30.089276954772885,47.78769743941922,22.12302560580791
2020-07-09,SBI,34.1264,5.772,384761.71,100,0,30.089276954772885,47.78769743941922,22.12302560580791
2020-07-10,SBI,34.1692,5.76,384761.71,100,0,30.089276954772885,47.78769743941922,22.12302560580791
2020-07-13,SBI,34.1856,5.786,384761.71,100,0,30.089276954772885,47.78769743941922,22.12302560580791
2020-07-14,SBI,34.1712,5.825,384761.71,100,0,30.089276954772885,47.78769743941922,22.12302560580791
2020-07-15,SBI,34.2059,5.815,384761.71,100,0,30.089276954772885,47.78769743941922,22.12302560580791
2020-07-16,SBI,34.2126,5.813,384761.71,100,0,30.089276954772885,47.78769743941922,22.12302560580791
2020-07-17,SBI,34.2259,5.805,384761.71,100,0,30.089276954772885,47.78769743941922,22.12302560580791
2020-07-20,SBI,34.2664,5.799,384761.71,100,0,30.089276954772885,47.78769743941922,22.12302560580791
2020-07-21,SBI,34.2422,5.829,384761.71,100,0,30.089276954772885,47.78769743941922,22.12302560580791
2020-07-22,SBI,34.2371,5.814,384761.71,100,0,30.089276954772885,47.78769743941922,22.12302560580791
2020-07-23,SBI,34.2531,5.805,384761.71,100,0,30.089276954772885,47.78769743941922,22.12302560580791
2020-07-24,SBI,34.2643,5.817,384761.71,100,0,30.089276954772885,47.78769743941922,22.12302560580791
2020-07-27,SBI,34.2514,5.859,384761.71,100,0,30.089276954772885,47.78769743941922,22.12302560580791
2020-07-28,SBI,34.2327,5.85,384761.71,100,0,30.089276954772885,47.78769743941922,22.12302560580791
2020-07-29,SBI,34.2575,5.835,384761.71,100,0,30.089276954772885,47.78769743941922,22.12302560580791
2020-07-30,SBI,34.2779,5.825,384761.71,100,0,30.089276954772885,47.78769743941922,22.12302560580791
2020-07-31,SBI,34.2915,5.837,384761.71,100,0,30.089276954772885,47.78769743941922,22.12302560580791
2020-08-03,SBI,34.3058,5.837,376457.32,100,0,29.992805015931754,51.34135060129511,18.665844382773155
2020-08-04,SBI,34.323,5.833,376457.32,100,0,29.992805015931754,51.34135060129511,18.665844382773155
2020-08-05,SBI,34.3362,5.826,376457.32,100,0,29.992805015931754,51.34135060129511,18.665844382773155
2020-08-06,SBI,34.3119,5.862,376457.32,100,0,29.992805015931754,51.34135060129511,18.665844382773155
2020-08-07,SBI,34.2968,5.886,376457.32,100,0,29.992805015931754,51.34135060129511,18.665844382773155
2020-08-10,SBI,34.2984,5.893,376457.32,100,0,29.992805015931754,51.34135060129511,18.665844382773155
2020-08-11,SBI,34.2984,5.903,376457.32,100,0,29.992805015931754,51.34135060129511,18.665844382773155
2020-08-12,SBI,34.3149,5.884,376457.32,100,0,29.992805015931754,51.34135060129511,18.665844382773155
2020-08-13,SBI,34.3388,5.895,376457.32,100,0,29.992805015931754,51.34135060129511,18.665844382773155
2020-08-14,SBI,34.3306,5.965,376457.32,100,0,29.992805015931754,51.34135060129511,18.665844382773155
2020-08-17,SBI,34.3515,5.975,376457.32,100,0,29.992805015931754,51.34135060129511,18.665844382773155
2020-08-18,SBI,34.3405,5.986,376457.32,100,0,29.992805015931754,51.34135060129511,18.665844382773155
2020-08-19,SBI,34.3553,6.008,376457.32,100,0,29.992805015931754,51.34135060129511,18.665844382773155
2020-08-20,SBI,34.3743,6.0,376457.32,100,0,29.992805015931754,51.34135060129511,18.665844382773155
2020-08-21,SBI,34.31,6.14,376457.32,100,0,29.992805015931754,51.34135060129511,18.665844382773155
2020-08-24,SBI,34.2769,6.221,376457.32,100,0,29.992805015931754,51.34135060129511,18.665844382773155
2020-08-25,SBI,34.2945,6.157,376457.32,100,0,29.992805015931754,51.34135060129511,18.665844382773155
2020-08-26,SBI,34.3004,6.203,376457.32,100,0,29.992805015931754,51.34135060129511,18.665844382773155
2020-08-27,SBI,34.3081,6.147,376457.32,100,0,29.992805015931754,51.34135060129511,18.665844382773155
2020-08-28,SBI,34.3014,6.097,376457.32,100,0,29.992805015931754,51.34135060129511,18.665844382773155
2020-08-31,SBI,34.4031,6.078,376457.32,100,0,29.992805015931754,51.34135060129511,18.665844382773155
2020-09-01,SBI,34.4801,5.943,372125.09,100,0,33.83358856559469,50.93415007656967,15.232261357835627
2020-09-02,SBI,34.4942,5.92,372125.09,100,0,33.83358856559469,50.93415007656967,15.232261357835627
2020-09-03,SBI,34.5471,5.896,372125.09,100,0,33.83358856559469,50.93415007656967,15.232261357835627
2020-09-04,SBI,34.5549,5.93,372125.09,100,0,33.83358856559469,50.93415007656967,15.232261357835627
2020-09-07,SBI,34.5382,5.993,372125.09,100,0,33.83358856559469,50.93415007656967,15.232261357835627
2020-09-08,SBI,34.4867,6.056,372125.09,100,0,33.83358856559469,50.93415007656967,15.232261357835627
2020-09-09,SBI,34.5008,5.989,372125.09,100,0,33.83358856559469,50.93415007656967,15.232261357835627
2020-09-10,SBI,34.4987,6.053,372125.09,100,0,33.83358856559469,50.93415007656967,15.232261357835627
2020-09-11,SBI,34.506,6.041,372125.09,100,0,33.83358856559469,50.93415007656967,15.232261357835627
2020-09-14,SBI,34.5288,6.031,372125.09,100,0,33.83358856559469,50.93415007656967,15.232261357835627
2020-09-15,SBI,34.5245,6.029,372125.09,100,0,33.83358856559469,50.93415007656967,15.232261357835627
2020-09-16,SBI,34.5561,5.992,372125.09,100,0,33.83358856559469,50.93415007656967,15.232261357835627
2020-09-17,SBI,34.5626,6.033,372125.09,100,0,33.83358856559469,50.93415007656967,15.232261357835627
2020-09-18,SBI,34.5865,6.014,372125.09,100,0,33.83358856559469,50.93415007656967,15.232261357835627
2020-09-21,SBI,34.6128,6.016,372125.09,100,0,33.83358856559469,50.93415007656967,15.232261357835627
2020-09-22,SBI,34.6403,6.01,372125.09,100,0,33.83358856559469,50.93415007656967,15.232261357835627
2020-09-23,SBI,34.6483,5.99,372125.09,100,0,33.83358856559469,50.93415007656967,15.232261357835627
2020-09-24,SBI,34.6463,5.992,372125.09,100,0,33.83358856559469,50.93415007656967,15.232261357835627
2020-09-25,SBI,34.6475,6.038,372125.09,100,0,33.83358856559469,50.93415007656967,15.232261357835627
2020-09-28,SBI,34.6588,6.056,372125.09,100,0,33.83358856559469,50.93415007656967,15.232261357835627
2020-09-29,SBI,34.6591,6.037,372125.09,100,0,33.83358856559469,50.93415007656967,15.232261357835627
2020-09-30,SBI,34.6795,6.015,372125.09,100,0,33.83358856559469,50.93415007656967,15.232261357835627
2020-10-01,SBI,34.7207,5.996,371363.7,100,0,34.191101086733646,51.04572483083862,14.76317408242772
2020-10-05,SBI,34.7588,6.004,371363.7,100,0,34.191101086733646,51.04572483083862,14.76317408242772
2020-10-06,SBI,34.7651,6.026,371363.7,100,0,34.191101086733646,51.04572483083862,14.76317408242772
2020-10-07,SBI,34.7972,6.014,371363.7,100,0,34.191101086733646,51.04572483083862,14.76317408242772
2020-10-08,SBI,34.8225,6.015,371363.7,100,0,34.191101086733646,51.04572483083862,14.76317408242772
2020-10-09,SBI,34.9313,5.937,371363.7,100,0,34.191101086733646,51.04572483083862,14.76317408242772
2020-10-12,SBI,34.9655,5.899,371363.7,100,0,34.191101086733646,51.04572483083862,14.76317408242772
2020-10-13,SBI,34.9987,5.904,371363.7,100,0,34.191101086733646,51.04572483083862,14.76317408242772
2020-10-14,SBI,35.0227,5.9,371363.7,100,0,34.191101086733646,51.04572483083862,14.76317408242772
2020-10-15,SBI,35.0462,5.898,371363.7,100,0,34.191101086733646,51.04572483083862,14.76317408242772
2020-10-16,SBI,35.0425,5.935,371363.7,100,0,34.191101086733646,51.04572483083862,14.76317408242772
2020-10-19,SBI,35.0822,5.94,371363.7,100,0,34.191101086733646,51.04572483083862,14.76317408242772
2020-10-20,SBI,35.106,5.931,371363.7,100,0,34.191101086733646,51.04572483083862,14.76317408242772
2020-10-21,SBI,35.1125,5.912,371363.7,100,0,34.191101086733646,51.04572483083862,14.76317408242772
2020-10-22,SBI,35.1091,5.915,371363.7,100,0,34.191101086733646,51.04572483083862,14.76317408242772
2020-10-23,SBI,35.1303,5.844,371363.7,100,0,34.191101086733646,51.04572483083862,14.76317408242772
2020-10-26,SBI,35.1666,5.834,371363.7,100,0,34.191101086733646,51.04572483083862,14.76317408242772
2020-10-27,SBI,35.1601,5.846,371363.7,100,0,34.191101086733646,51.04572483083862,14.76317408242772
2020-10-28,SBI,35.2234,5.859,371363.7,100,0,34.191101086733646,51.04572483083862,14.76317408242772
2020-10-29,SBI,35.2277,5.881,371363.7,100,0,34.191101086733646,51.04572483083862,14.76317408242772
2020-11-02,SBI,35.2507,5.89,369912.57,100,0,33.68822820409803,52.23985536359984,14.071916432302128
2020-11-03,SBI,35.2693,5.898,369912.57,100,0,33.68822820409803,52.23985536359984,14.071916432302128
2020-11-04,SBI,35.2798,5.886,369912.57,100,0,33.68822820409803,52.23985536359984,14.071916432302128
2020-11-05,SBI,35.3145,5.86,369912.57,100,0,33.68822820409803,52.23985536359984,14.071916432302128
2020-11-06,SBI,35.3345,5.871,369912.57,100,0,33.68822820409803,52.23985536359984,14.071916432302128
2020-11-09,SBI,35.3505,5.876,369912.57,100,0,33.68822820409803,52.23985536359984,14.071916432302128
2020-11-10,SBI,35.348,5.916,369912.57,100,0,33.68822820409803,52.23985536359984,14.071916432302128
2020-11-11,SBI,35.3638,5.903,369912.57,100,0,33.68822820409803,52.23985536359984,14.071916432302128
2020-11-12,SBI,35.3758,5.903,369912.57,100,0,33.68822820409803,52.23985536359984,14.071916432302128
2020-11-13,SBI,35.3942,5.878,369912.57,100,0,33.68822820409803,52.23985536359984,14.071916432302128
2020-11-17,SBI,35.4254,5.877,369912.57,100,0,33.68822820409803,52.23985536359984,14.071916432302128
2020-11-18,SBI,35.4429,5.878,369912.57,100,0,33.68822820409803,52.23985536359984,14.071916432302128
2020-11-19,SBI,35.4756,5.876,369912.57,100,0,33.68822820409803,52.23985536359984,14.071916432302128
2020-11-20,SBI,35.4879,5.877,369912.57,100,0,33.68822820409803,52.23985536359984,14.071916432302128
2020-11-23,SBI,35.5112,5.9,369912.57,100,0,33.68822820409803,52.23985536359984,14.071916432302128
2020-11-24,SBI,35.5238,5.88,369912.57,100,0,33.68822820409803,52.23985536359984,14.071916432302128
2020-11-25,SBI,35.5426,5.885,369912.57,100,0,33.68822820409803,52.23985536359984,14.071916432302128
2020-11-26,SBI,35.5649,5.872,369912.57,100,0,33.68822820409803,52.23985536359984,14.071916432302128
2020-11-27,SBI,35.5635,5.911,369912.57,100,0,33.68822820409803,52.23985536359984,14.071916432302128
2020-12-01,SBI,35.5718,5.93,367109.23,100,0,32.40114730587994,54.67117393976643,12.927678754353616
2020-12-02,SBI,35.5596,5.92,367109.23,100,0,32.40114730587994,54.67117393976643,12.927678754353616
2020-12-03,SBI,35.5636,5.932,367109.23,100,0,32.40114730587994,54.67117393976643,12.927678754353616
2020-12-04,SBI,35.5967,5.897,367109.23,100,0,32.40114730587994,54.67117393976643,12.927678754353616
2020-12-07,SBI,35.6118,5.924,367109.23,100,0,32.40114730587994,54.67117393976643,12.927678754353616
2020-12-08,SBI,35.6125,5.939,367109.23,100,0,32.40114730587994,54.67117393976643,12.927678754353616
2020-12-09,SBI,35.6174,5.917,367109.23,100,0,32.40114730587994,54.67117393976643,12.927678754353616
2020-12-10,SBI,35.6332,5.916,367109.23,100,0,32.40114730587994,54.67117393976643,12.927678754353616
2020-12-11,SBI,35.629,5.956,367109.23,100,0,32.40114730587994,54.67117393976643,12.927678754353616
2020-12-14,SBI,35.6462,5.946,367109.23,100,0,32.40114730587994,54.67117393976643,12.927678754353616
2020-12-15,SBI,35.6542,5.941,367109.23,100,0,32.40114730587994,54.67117393976643,12.927678754353616
2020-12-16,SBI,35.6508,5.944,367109.23,100,0,32.40114730587994,54.67117393976643,12.927678754353616
2020-12-17,SBI,35.6539,5.952,367109.23,100,0,32.40114730587994,54.67117393976643,12.927678754353616
2020-12-18,SBI,35.6709,5.959,367109.23,100,0,32.40114730587994,54.67117393976643,12.927678754353616
2020-12-21,SBI,35.6751,5.957,367109.23,100,0,32.40114730587994,54.67117393976643,12.927678754353616
2020-12-22,SBI,35.6794,5.951,367109.23,100,0,32.40114730587994,54.67117393976643,12.927678754353616
2020-12-23,SBI,35.688,5.95,367109.23,100,0,32.40114730587994,54.67117393976643,12.927678754353616
2020-12-24,SBI,35.6993,5.929,367109.23,100,0,32.40114730587994,54.67117393976643,12.927678754353616
2020-12-28,SBI,35.7332,5.925,367109.23,100,0,32.40114730587994,54.67117393976643,12.927678754353616
2020-12-29,SBI,35.7357,5.927,367109.23,100,0,32.40114730587994,54.67117393976643,12.927678754353616
2020-12-30,SBI,35.7562,5.899,367109.23,100,0,32.40114730587994,54.67117393976643,12.927678754353616
2020-12-31,SBI,35.7608,5.894,367109.23,100,0,32.40114730587994,54.67117393976643,12.927678754353616
2021-01-01,SBI,35.7707,5.898,363238.41,100,0,33.41894390795151,54.66406410519828,11.916991986850215
2021-01-04,SBI,35.8086,5.858,363238.41,100,0,33.41894390795151,54.66406410519828,11.916991986850215
2021-01-05,SBI,35.8427,5.85,363238.41,100,0,33.41894390795151,54.66406410519828,11.916991986850215
2021-01-06,SBI,35.8374,5.894,363238.41,100,0,33.41894390795151,54.66406410519828,11.916991986850215
2021-01-07,SBI,35.8556,5.892,363238.41,100,0,33.41894390795151,54.66406410519828,11.916991986850215
2021-01-08,SBI,35.8675,5.892,363238.41,100,0,33.41894390795151,54.66406410519828,11.916991986850215
2021-01-11,SBI,35.8279,5.924,363238.41,100,0,33.41894390795151,54.66406410519828,11.916991986850215
2021-01-12,SBI,35.7921,5.931,363238.41,100,0,33.41894390795151,54.66406410519828,11.916991986850215
2021-01-13,SBI,35.7862,5.947,363238.41,100,0,33.41894390795151,54.66406410519828,11.916991986850215
2021-01-14,SBI,35.766,5.924,363238.41,100,0,33.41894390795151,54.66406410519828,11.916991986850215
2021-01-15,SBI,35.7456,5.988,363238.41,100,0,33.41894390795151,54.66406410519828,11.916991986850215
2021-01-18,SBI,35.7329,5.957,363238.41,100,0,33.41894390795151,54.66406410519828,11.916991986850215
2021-01-19,SBI,35.7356,5.936,363238.41,100,0,33.41894390795151,54.66406410519828,11.916991986850215
2021-01-20,SBI,35.7714,5.942,363238.41,100,0,33.41894390795151,54.66406410519828,11.916991986850215
2021-01-21,SBI,35.7843,5.956,363238.41,100,0,33.41894390795151,54.66406410519828,11.916991986850215
2021-01-22,SBI,35.7766,5.939,363238.41,100,0,33.41894390795151,54.66406410519828,11.916991986850215
2021-01-25,SBI,35.7939,5.954,363238.41,100,0,33.41894390795151,54.66406410519828,11.916991986850215
2021-01-27,SBI,35.8085,5.954,363238.41,100,0,33.41894390795151,54.66406410519828,11.916991986850215
2021-01-28,SBI,35.8089,5.933,363238.41,100,0,33.41894390795151,54.66406410519828,11.916991986850215
2021-01-29,SBI,35.8227,5.949,363238.41,100,0,33.41894390795151,54.66406410519828,11.916991986850215
2021-02-01,SBI,35.7336,6.06,358930.55,100,0,29.85982271696557,57.03978561121418,13.100391671820244
2021-02-02,SBI,35.6736,6.127,358930.55,100,0,29.85982271696557,57.03978561121418,13.100391671820244
2021-02-03,SBI,35.6815,6.084,358930.55,100,0,29.85982271696557,57.03978561121418,13.100391671820244
2021-02-04,SBI,35.6898,6.074,358930.55,100,0,29.85982271696557,57.03978561121418,13.100391671820244
2021-02-05,SBI,35.671,6.071,358930.55,100,0,29.85982271696557,57.03978561121418,13.100391671820244
2021-02-08,SBI,35.6938,6.04,358930.55,100,0,29.85982271696557,57.03978561121418,13.100391671820244
2021-02-09,SBI,35.6713,6.074,358930.55,100,0,29.85982271696557,57.03978561121418,13.100391671820244
2021-02-10,SBI,35.674,6.01,358930.55,100,0,29.85982271696557,57.03978561121418,13.100391671820244
2021-02-11,SBI,35.7039,5.962,358930.55,100,0,29.85982271696557,57.03978561121418,13.100391671820244
2021-02-12,SBI,35.7135,5.99,358930.55,100,0,29.85982271696557,57.03978561121418,13.100391671820244
2021-02-15,SBI,35.7303,6.022,358930.55,100,0,29.85982271696557,57.03978561121418,13.100391671820244
2021-02-16,SBI,35.7546,6.022,358930.55,100,0,29.85982271696557,57.03978561121418,13.100391671820244
2021-02-17,SBI,35.7576,6.03,358930.55,100,0,29.85982271696557,57.03978561121418,13.100391671820244
2021-02-18,SBI,35.7596,6.132,358930.55,100,0,29.85982271696557,57.03978561121418,13.100391671820244
2021-02-22,SBI,35.7377,6.202,358930.55,100,0,29.85982271696557,57.03978561121418,13.100391671820244
2021-02-23,SBI,35.7539,6.172,358930.55,100,0,29.85982271696557,57.03978561121418,13.100391671820244
2021-02-24,SBI,35.7565,6.147,358930.55,100,0,29.85982271696557,57.03978561121418,13.100391671820244
2021-02-25,SBI,35.7615,6.182,358930.55,100,0,29.85982271696557,57.03978561121418,13.100391671820244
2021-02-26,SBI,35.7564,6.229,358930.55,100,0,29.85982271696557,57.03978561121418,13.100391671820244
2021-03-01,SBI,35.7745,6.209,352425.55,100,0,29.330628803245432,57.34279918864096,13.326572008113589
2021-03-02,SBI,35.7942,6.236,352425.55,100,0,29.330628803245432,57.34279918864096,13.326572008113589
2021-03-03,SBI,35.8005,6.238,352425.55,100,0,29.330628803245432,57.34279918864096,13.326572008113589
2021-03-04,SBI,35.8141,6.212,352425.55,100,0,29.330628803245432,57.34279918864096,13.326572008113589
2021-03-05,SBI,35.8193,6.232,352425.55,100,0,29.330628803245432,57.34279918864096,13.326572008113589
2021-03-08,SBI,35.8346,6.223,352425.55,100,0,29.330628803245432,57.34279918864096,13.326572008113589
2021-03-09,SBI,35.8437,6.206,352425.55,100,0,29.330628803245432,57.34279918864096,13.326572008113589
2021-03-10,SBI,35.8446,6.247,352425.55,100,0,29.330628803245432,57.34279918864096,13.326572008113589
2021-03-12,SBI,35.8443,6.232,352425.55,100,0,29.330628803245432,57.34279918864096,13.326572008113589
2021-03-15,SBI,35.7922,6.201,352425.55,100,0,29.330628803245432,57.34279918864096,13.326572008113589
2021-03-16,SBI,35.7897,6.18,352425.55,100,0,29.330628803245432,57.34279918864096,13.326572008113589
2021-03-17,SBI,35.7887,6.185,352425.55,100,0,29.330628803245432,57.34279918864096,13.326572008113589
2021-03-18,SBI,35.7925,6.202,352425.55,100,0,29.330628803245432,57.34279918864096,13.326572008113589
2021-03-19,SBI,35.8338,6.193,352425.55,100,0,29.330628803245432,57.34279918864096,13.326572008113589
2021-03-22,SBI,35.8617,6.18,352425.55,100,0,29.330628803245432,57.34279918864096,13.326572008113589
2021-03-23,SBI,35.8965,6.144,352425.55,100,0,29.330628803245432,57.34279918864096,13.326572008113589
2021-03-24,SBI,35.9154,6.152,352425.55,100,0,29.330628803245432,57.34279918864096,13.326572008113589
2021-03-25,SBI,35.9298,6.131,352425.55,100,0,29.330628803245432,57.34279918864096,13.326572008113589
2021-03-26,SBI,35.9497,6.123,352425.55,100,0,29.330628803245432,57.34279918864096,13.326572008113589
2021-03-30,SBI,35.9804,6.143,352425.55,100,0,29.330628803245432,57.34279918864096,13.326572008113589
2021-03-31,SBI,35.9983,6.177,352425.55,100,0,29.330628803245432,57.34279918864096,13.326572008113589
2021-04-05,SBI,36.0488,6.123,349676.52,100,0,30.21765663140764,52.25793327908869,17.52441008950366
2021-04-06,SBI,36.0841,6.122,349676.52,100,0,30.21765663140764,52.25793327908869,17.52441008950366
2021-04-07,SBI,36.0715,6.082,349676.52,100,0,30.21765663140764,52.25793327908869,17.52441008950366
2021-04-08,SBI,36.0794,6.031,349676.52,100,0,30.21765663140764,52.25793327908869,17.52441008950366
2021-04-09,SBI,36.0868,6.017,349676.52,100,0,30.21765663140764,52.25793327908869,17.52441008950366
2021-04-12,SBI,36.101,6.011,349676.52,100,0,30.21765663140764,52.25793327908869,17.52441008950366
2021-04-15,SBI,36.1128,6.126,349676.52,100,0,30.21765663140764,52.25793327908869,17.52441008950366
2021-04-16,SBI,36.1012,6.088,349676.52,100,0,30.21765663140764,52.25793327908869,17.52441008950366
2021-04-19,SBI,36.149,6.081,349676.52,100,0,30.21765663140764,52.25793327908869,17.52441008950366
2021-04-20,SBI,36.1646,6.074,349676.52,100,0,30.21765663140764,52.25793327908869,17.52441008950366
2021-04-22,SBI,36.1854,6.05,349676.52,100,0,30.21765663140764,52.25793327908869,17.52441008950366
2021-04-23,SBI,36.2018,6.035,349676.52,100,0,30.21765663140764,52.25793327908869,17.52441008950366
2021-04-26,SBI,36.2355,6.038,349676.52,100,0,30.21765663140764,52.25793327908869,17.52441008950366
2021-04-27,SBI,36.2538,6.055,349676.52,100,0,30.21765663140764,52.25793327908869,17.52441008950366
2021-04-28,SBI,36.2641,6.053,349676.52,100,0,30.21765663140764,52.25793327908869,17.52441008950366
2021-04-29,SBI,36.2671,6.059,349676.52,100,0,30.21765663140764,52.25793327908869,17.52441008950366
2021-04-30,SBI,36.2851,6.03,349676.52,100,0,30.21765663140764,52.25793327908869,17.52441008950366
2021-05-03,SBI,36.3127,6.001,349657.26,100,0,31.474838577431584,55.7035974172389,12.821564005329504
2021-05-04,SBI,36.312,6.015,349657.26,100,0,31.474838577431584,55.7035974172389,12.821564005329504
2021-05-05,SBI,36.3288,5.978,349657.26,100,0,31.474838577431584,55.7035974172389,12.821564005329504
2021-05-06,SBI,36.3447,5.974,349657.26,100,0,31.474838577431584,55.7035974172389,12.821564005329504
2021-05-07,SBI,36.342,6.015,349657.26,100,0,31.474838577431584,55.7035974172389,12.821564005329504
2021-05-10,SBI,36.3555,6.014,349657.26,100,0,31.474838577431584,55.7035974172389,12.821564005329504
2021-05-11,SBI,36.3704,6.008,349657.26,100,0,31.474838577431584,55.7035974172389,12.821564005329504
2021-05-12,SBI,36.3768,6.01,349657.26,100,0,31.474838577431584,55.7035974172389,12.821564005329504
2021-05-14,SBI,36.3902,5.986,349657.26,100,0,31.474838577431584,55.7035974172389,12.821564005329504
2021-05-17,SBI,36.4055,5.972,349657.26,100,0,31.474838577431584,55.7035974172389,12.821564005329504
2021-05-18,SBI,36.4201,5.976,349657.26,100,0,31.474838577431584,55.7035974172389,12.821564005329504
2021-05-19,SBI,36.4289,5.975,349657.26,100,0,31.474838577431584,55.7035974172389,12.821564005329504
2021-05-20,SBI,36.4551,5.968,349657.26,100,0,31.474838577431584,55.7035974172389,12.821564005329504
2021-05-21,SBI,36.4754,5.977,349657.26,100,0,31.474838577431584,55.7035974172389,12.821564005329504
2021-05-24,SBI,36.4876,5.972,349657.26,100,0,31.474838577431584,55.7035974172389,12.821564005329504
2021-05-25,SBI,36.5315,5.972,349657.26,100,0,31.474838577431584,55.7035974172389,12.821564005329504
2021-05-27,SBI,36.5419,5.987,349657.26,100,0,31.474838577431584,55.7035974172389,12.821564005329504
2021-05-28,SBI,36.5428,6.003,349657.26,100,0,31.474838577431584,55.7035974172389,12.821564005329504
2021-05-31,SBI,36.5523,6.022,349657.26,100,0,31.474838577431584,55.7035974172389,12.821564005329504
2021-06-01,SBI,36.5511,6.025,347296.04,100,0,27.338866687160568,59.30935546674863,13.351777846090783
2021-06-02,SBI,36.5658,6.005,347296.04,100,0,27.338866687160568,59.30935546674863,13.351777846090783
2021-06-03,SBI,36.5766,5.997,347296.04,100,0,27.338866687160568,59.30935546674863,13.351777846090783
2021-06-04,SBI,36.5854,6.028,347296.04,100,0,27.338866687160568,59.30935546674863,13.351777846090783
2021-06-07,SBI,36.617,6.022,347296.04,100,0,27.338866687160568,59.30935546674863,13.351777846090783
2021-06-08,SBI,36.6278,6.006,347296.04,100,0,27.338866687160568,59.30935546674863,13.351777846090783
2021-06-09,SBI,36.6604,6.016,347296.04,100,0,27.338866687160568,59.30935546674863,13.351777846090783
2021-06-10,SBI,36.668,6.019,347296.04,100,0,27.338866687160568,59.30935546674863,13.351777846090783
2021-06-11,SBI,36.6809,6.006,347296.04,100,0,27.338866687160568,59.30935546674863,13.351777846090783
2021-06-14,SBI,36.7061,6.004,347296.04,100,0,27.338866687160568,59.30935546674863,13.351777846090783
2021-06-15,SBI,36.6853,6.04,347296.04,100,0,27.338866687160568,59.30935546674863,13.351777846090783
2021-06-16,SBI,36.65,6.045,347296.04,100,0,27.338866687160568,59.30935546674863,13.351777846090783
2021-06-17,SBI,36.6527,6.019,347296.04,100,0,27.338866687160568,59.30935546674863,13.351777846090783
2021-06-18,SBI,36.664,6.006,347296.04,100,0,27.338866687160568,59.30935546674863,13.351777846090783
2021-06-21,SBI,36.6787,6.029,347296.04,100,0,27.338866687160568,59.30935546674863,13.351777846090783
2021-06-22,SBI,36.6693,6.025,347296.04,100,0,27.338866687160568,59.30935546674863,13.351777846090783
2021-06-23,SBI,36.6737,6.018,347296.04,100,0,27.338866687160568,59.30935546674863,13.351777846090783
2021-06-24,SBI,36.6823,6.012,347296.04,100,0,27.338866687160568,59.30935546674863,13.351777846090783
2021-06-25,SBI,36.6745,6.028,347296.04,100,0,27.338866687160568,59.30935546674863,13.351777846090783
2021-06-28,SBI,36.6697,6.056,347296.04,100,0,27.338866687160568,59.30935546674863,13.351777846090783
2021-06-29,SBI,36.678,6.036,347296.04,100,0,27.338866687160568,59.30935546674863,13.351777846090783
2021-06-30,SBI,36.6794,6.051,347296.04,100,0,27.338866687160568,59.30935546674863,13.351777846090783
2021-07-01,SBI,36.6975,6.039,348761.54,100,0,34.65608465608466,55.87098087098087,9.472934472934472
2021-07-02,SBI,36.6838,6.065,348761.54,100,0,34.65608465608466,55.87098087098087,9.472934472934472
2021-07-05,SBI,36.7033,6.088,348761.54,100,0,34.65608465608466,55.87098087098087,9.472934472934472
2021-07-06,SBI,36.6817,6.175,348761.54,100,0,34.65608465608466,55.87098087098087,9.472934472934472
2021-07-07,SBI,36.6997,6.164,348761.54,100,0,34.65608465608466,55.87098087098087,9.472934472934472
2021-07-08,SBI,36.7332,6.124,348761.54,100,0,34.65608465608466,55.87098087098087,9.472934472934472
2021-07-09,SBI,36.7461,6.186,348761.54,100,0,34.65608465608466,55.87098087098087,9.472934472934472
2021-07-12,SBI,36.7453,6.22,348761.54,100,0,34.65608465608466,55.87098087098087,9.472934472934472
2021-07-13,SBI,36.7745,6.103,348761.54,100,0,34.65608465608466,55.87098087098087,9.472934472934472
2021-07-14,SBI,36.7771,6.109,348761.54,100,0,34.65608465608466,55.87098087098087,9.472934472934472
2021-07-15,SBI,36.7996,6.117,348761.54,100,0,34.65608465608466,55.87098087098087,9.472934472934472
2021-07-16,SBI,36.8351,6.13,348761.54,100,0,34.65608465608466,55.87098087098087,9.472934472934472
2021-07-19,SBI,36.8655,6.127,348761.54,100,0,34.65608465608466,55.87098087098087,9.472934472934472
2021-07-20,SBI,36.885,6.119,348761.54,100,0,34.65608465608466,55.87098087098087,9.472934472934472
2021-07-22,SBI,36.887,6.138,348761.54,100,0,34.65608465608466,55.87098087098087,9.472934472934472
2021-07-23,SBI,36.8914,6.165,348761.54,100,0,34.65608465608466,55.87098087098087,9.472934472934472
2021-07-26,SBI,36.9153,6.169,348761.54,100,0,34.65608465608466,55.87098087098087,9.472934472934472
2021-07-27,SBI,36.9354,6.178,348761.54,100,0,34.65608465608466,55.87098087098087,9.472934472934472
2021-07-28,SBI,36.9438,6.188,348761.54,100,0,34.65608465608466,55.87098087098087,9.472934472934472
2021-07-29,SBI,36.9463,6.198,348761.54,100,0,34.65608465608466,55.87098087098087,9.472934472934472
2021-07-30,SBI,36.9506,6.204,348761.54,100,0,34.65608465608466,55.87098087098087,9.472934472934472
2021-08-02,SBI,36.9654,6.197,343979.97,100,0,37.48465002046664,54.95292672943102,7.562423250102333
2021-08-03,SBI,36.982,6.2,343979.97,100,0,37.48465002046664,54.95292672943102,7.562423250102333
2021-08-04,SBI,36.9909,6.199,343979.97,100,0,37.48465002046664,54.95292672943102,7.562423250102333
2021-08-05,SBI,37.0041,6.207,343979.97,100,0,37.48465002046664,54.95292672943102,7.562423250102333
2021-08-06,SBI,36.9704,6.234,343979.97,100,0,37.48465002046664,54.95292672943102,7.562423250102333
2021-08-09,SBI,36.9904,6.221,343979.97,100,0,37.48465002046664,54.95292672943102,7.562423250102333
2021-08-10,SBI,37.0078,6.233,343979.97,100,0,37.48465002046664,54.95292672943102,7.562423250102333
2021-08-11,SBI,37.0089,6.236,343979.97,100,0,37.48465002046664,54.95292672943102,7.562423250102333
2021-08-12,SBI,37.0482,6.226,343979.97,100,0,37.48465002046664,54.95292672943102,7.562423250102333
2021-08-13,SBI,37.0668,6.241,343979.97,100,0,37.48465002046664,54.95292672943102,7.562423250102333
2021-08-17,SBI,37.1017,6.234,343979.97,100,0,37.48465002046664,54.95292672943102,7.562423250102333
2021-08-18,SBI,37.1387,6.228,343979.97,100,0,37.48465002046664,54.95292672943102,7.562423250102333
2021-08-20,SBI,37.1519,6.234,343979.97,100,0,37.48465002046664,54.95292672943102,7.562423250102333
2021-08-23,SBI,37.1678,6.243,343979.97,100,0,37.48465002046664,54.95292672943102,7.562423250102333
2021-08-24,SBI,37.1765,6.25,343979.97,100,0,37.48465002046664,54.95292672943102,7.562423250102333
2021-08-25,SBI,37.1831,6.241,343979.97,100,0,37.48465002046664,54.95292672943102,7.562423250102333
2021-08-26,SBI,37.1901,6.251,343979.97,100,0,37.48465002046664,54.95292672943102,7.562423250102333
2021-08-27,SBI,37.1968,6.254,343979.97,100,0,37.48465002046664,54.95292672943102,7.562423250102333
2021-08-30,SBI,37.2256,6.225,343979.97,100,0,37.48465002046664,54.95292672943102,7.562423250102333
2021-08-31,SBI,37.2448,6.215,343979.97,100,0,37.48465002046664,54.95292672943102,7.562423250102333
2021-09-01,SBI,37.2668,6.199,338043.3,100,0,37.15511955855303,51.71673819742489,11.128142244022072
2021-09-02,SBI,37.2853,6.171,338043.3,100,0,37.15511955855303,51.71673819742489,11.128142244022072
2021-09-03,SBI,37.2937,6.156,338043.3,100,0,37.15511955855303,51.71673819742489,11.128142244022072
2021-09-06,SBI,37.3091,6.173,338043.3,100,0,37.15511955855303,51.71673819742489,11.128142244022072
2021-09-07,SBI,37.3092,6.195,338043.3,100,0,37.15511955855303,51.71673819742489,11.128142244022072
2021-09-08,SBI,37.3207,6.188,338043.3,100,0,37.15511955855303,51.71673819742489,11.128142244022072
2021-09-09,SBI,37.3329,6.178,338043.3,100,0,37.15511955855303,51.71673819742489,11.128142244022072
2021-09-13,SBI,37.3471,6.192,338043.3,100,0,37.15511955855303,51.71673819742489,11.128142244022072
2021-09-14,SBI,37.3522,6.198,338043.3,100,0,37.15511955855303,51.71673819742489,11.128142244022072
2021-09-15,SBI,37.3635,6.163,338043.3,100,0,37.15511955855303,51.71673819742489,11.128142244022072
2021-09-16,SBI,37.3704,6.169,338043.3,100,0,37.15511955855303,51.71673819742489,11.128142244022072
2021-09-17,SBI,37.3759,6.167,338043.3,100,0,37.15511955855303,51.71673819742489,11.128142244022072
2021-09-20,SBI,37.405,6.138,338043.3,100,0,37.15511955855303,51.71673819742489,11.128142244022072
2021-09-21,SBI,37.4043,6.122,338043.3,100,0,37.15511955855303,51.71673819742489,11.128142244022072
2021-09-22,SBI,37.4055,6.138,338043.3,100,0,37.15511955855303,51.71673819742489,11.128142244022072
2021-09-23,SBI,37.4206,6.14,338043.3,100,0,37.15511955855303,51.71673819742489,11.128142244022072
2021-09-24,SBI,37.4053,6.181,338043.3,100,0,37.15511955855303,51.71673819742489,11.128142244022072
2021-09-27,SBI,37.4052,6.209,338043.3,100,0,37.15511955855303,51.71673819742489,11.128142244022072
2021-09-28,SBI,37.4164,6.228,338043.3,100,0,37.15511955855303,51.71673819742489,11.128142244022072
2021-09-29,SBI,37.4116,6.206,338043.3,100,0,37.15511955855303,51.71673819742489,11.128142244022072
2021-09-30,SBI,37.4191,6.223,338043.3,100,0,37.15511955855303,51.71673819742489,11.128142244022072
2021-10-01,SBI,37.4159,6.244,334144.4,100,0,37.180408666187496,52.48998870520587,10.329602628606631
2021-10-04,SBI,37.439,6.248,334144.4,100,0,37.180408666187496,52.48998870520587,10.329602628606631
2021-10-05,SBI,37.4192,6.26,334144.4,100,0,37.180408666187496,52.48998870520587,10.329602628606631
2021-10-06,SBI,37.4141,6.276,334144.4,100,0,37.180408666187496,52.48998870520587,10.329602628606631
2021-10-07,SBI,37.4184,6.267,334144.4,100,0,37.180408666187496,52.48998870520587,10.329602628606631
2021-10-08,SBI,37.4186,6.318,334144.4,100,0,37.180408666187496,52.48998870520587,10.329602628606631
2021-10-11,SBI,37.4292,6.34,334144.4,100,0,37.180408666187496,52.48998870520587,10.329602628606631
2021-10-12,SBI,37.4361,6.326,334144.4,100,0,37.180408666187496,52.48998870520587,10.329602628606631
2021-10-13,SBI,37.4591,6.314,334144.4,100,0,37.180408666187496,52.48998870520587,10.329602628606631
2021-10-14,SBI,37.4658,6.328,334144.4,100,0,37.180408666187496,52.48998870520587,10.329602628606631
2021-10-18,SBI,37.4744,6.387,334144.4,100,0,37.180408666187496,52.48998870520587,10.329602628606631
2021-10-20,SBI,37.4663,6.373,334144.4,100,0,37.180408666187496,52.48998870520587,10.329602628606631
2021-10-21,SBI,37.4882,6.338,334144.4,100,0,37.180408666187496,52.48998870520587,10.329602628606631
2021-10-22,SBI,37.4962,6.364,334144.4,100,0,37.180408666187496,52.48998870520587,10.329602628606631
2021-10-25,SBI,37.5102,6.35,334144.4,100,0,37.180408666187496,52.48998870520587,10.329602628606631
2021-10-26,SBI,37.4929,6.362,334144.4,100,0,37.180408666187496,52.48998870520587,10.329602628606631
2021-10-27,SBI,37.4912,6.336,334144.4,100,0,37.180408666187496,52.48998870520587,10.329602628606631
2021-10-28,SBI,37.4968,6.367,334144.4,100,0,37.180408666187496,52.48998870520587,10.329602628606631
2021-10-29,SBI,37.4861,6.388,334144.4,100,0,37.180408666187496,52.48998870520587,10.329602628606631
2021-11-01,SBI,37.4961,6.387,331879.19,100,0,37.22859483818108,53.35927898402295,9.412126177795985
2021-11-02,SBI,37.5067,6.36,331879.19,100,0,37.22859483818108,53.35927898402295,9.412126177795985
2021-11-03,SBI,37.5137,6.357,331879.19,100,0,37.22859483818108,53.35927898402295,9.412126177795985
2021-11-08,SBI,37.5404,6.301,331879.19,100,0,37.22859483818108,53.35927898402295,9.412126177795985
2021-11-09,SBI,37.56,6.293,331879.19,100,0,37.22859483818108,53.35927898402295,9.412126177795985
2021-11-10,SBI,37.5635,6.336,331879.19,100,0,37.22859483818108,53.35927898402295,9.412126177795985
2021-11-11,SBI,37.5662,6.367,331879.19,100,0,37.22859483818108,53.35927898402295,9.412126177795985
2021-11-12,SBI,37.5757,6.368,331879.19,100,0,37.22859483818108,53.35927898402295,9.412126177795985
2021-11-15,SBI,37.59,6.342,331879.19,100,0,37.22859483818108,53.35927898402295,9.412126177795985
2021-11-16,SBI,37.5946,6.364,331879.19,100,0,37.22859483818108,53.35927898402295,9.412126177795985
2021-11-17,SBI,37.6033,6.361,331879.19,100,0,37.22859483818108,53.35927898402295,9.412126177795985
2021-11-18,SBI,37.611,6.345,331879.19,100,0,37.22859483818108,53.35927898402295,9.412126177795985
2021-11-22,SBI,37.6325,6.351,331879.19,100,0,37.22859483818108,53.35927898402295,9.412126177795985
2021-11-23,SBI,37.6367,6.364,331879.19,100,0,37.22859483818108,53.35927898402295,9.412126177795985
2021-11-24,SBI,37.633,6.367,331879.19,100,0,37.22859483818108,53.35927898402295,9.412126177795985
2021-11-25,SBI,37.6367,6.367,331879.19,100,0,37.22859483818108,53.35927898402295,9.412126177795985
2021-11-26,SBI,37.6448,6.33,331879.19,100,0,37.22859483818108,53.35927898402295,9.412126177795985
2021-11-29,SBI,37.66,6.335,331879.19,100,0,37.22859483818108,53.35927898402295,9.412126177795985
2021-11-30,SBI,37.6738,6.326,331879.19,100,0,37.22859483818108,53.35927898402295,9.412126177795985
2021-12-01,SBI,37.6761,6.353,328887.51,100,0,35.018860230400655,47.629727800999085,17.351411968600264
2021-12-02,SBI,37.687,6.352,328887.51,100,0,35.018860230400655,47.629727800999085,17.351411968600264
2021-12-03,SBI,37.692,6.369,328887.51,100,0,35.018860230400655,47.629727800999085,17.351411968600264
2021-12-06,SBI,37.7052,6.359,328887.51,100,0,35.018860230400655,47.629727800999085,17.351411968600264
2021-12-07,SBI,37.7094,6.391,328887.51,100,0,35.018860230400655,47.629727800999085,17.351411968600264
2021-12-08,SBI,37.728,6.347,328887.51,100,0,35.018860230400655,47.629727800999085,17.351411968600264
2021-12-09,SBI,37.7341,6.348,328887.51,100,0,35.018860230400655,47.629727800999085,17.351411968600264
2021-12-10,SBI,37.7288,6.37,328887.51,100,0,35.018860230400655,47.629727800999085,17.351411968600264
2021-12-13,SBI,37.7488,6.37,328887.51,100,0,35.018860230400655,47.629727800999085,17.351411968600264
2021-12-14,SBI,37.7617,6.356,328887.51,100,0,35.018860230400655,47.629727800999085,17.351411968600264
2021-12-15,SBI,37.7662,6.364,328887.51,100,0,35.018860230400655,47.629727800999085,17.351411968600264
2021-12-16,SBI,37.7677,6.374,328887.51,100,0,35.018860230400655,47.629727800999085,17.351411968600264
2021-12-17,SBI,37.7532,6.411,328887.51,100,0,35.018860230400655,47.629727800999085,17.351411968600264
2021-12-20,SBI,37.749,6.435,328887.51,100,0,35.018860230400655,47.629727800999085,17.351411968600264
2021-12-21,SBI,37.723,6.468,328887.51,100,0,35.018860230400655,47.629727800999085,17.351411968600264
2021-12-22,SBI,37.7186,6.464,328887.51,100,0,35.018860230400655,47.629727800999085,17.351411968600264
2021-12-23,SBI,37.7245,6.46,328887.51,100,0,35.018860230400655,47.629727800999085,17.351411968600264
2021-12-24,SBI,37.7255,6.462,328887.51,100,0,35.018860230400655,47.629727800999085,17.351411968600264
2021-12-27,SBI,37.7476,6.465,328887.51,100,0,35.018860230400655,47.629727800999085,17.351411968600264
2021-12-28,SBI,37.7433,6.478,328887.51,100,0,35.018860230400655,47.629727800999085,17.351411968600264
2021-12-29,SBI,37.7516,6.461,328887.51,100,0,35.018860230400655,47.629727800999085,17.351411968600264
2021-12-30,SBI,37.7596,6.469,328887.51,100,0,35.018860230400655,47.629727800999085,17.351411968600264
2021-12-31,SBI,37.7701,6.454,328887.51,100,0,35.018860230400655,47.629727800999085,17.351411968600264
2022-01-03,SBI,37.7858,6.46,326726.83,100,0,36.51262214983713,48.5850977198697,14.90228013029316
2022-01-04,SBI,37.7687,6.518,326726.83,100,0,36.51262214983713,48.5850977198697,14.90228013029316
2022-01-05,SBI,37.7762,6.508,326726.83,100,0,36.51262214983713,48.5850977198697,14.90228013029316
2022-01-06,SBI,37.7731,6.525,326726.83,100,0,36.51262214983713,48.5850977198697,14.90228013029316
2022-01-07,SBI,37.7777,6.542,326726.83,100,0,36.51262214983713,48.5850977198697,14.90228013029316
2022-01-10,SBI,37.7808,6.59,326726.83,100,0,36.51262214983713,48.5850977198697,14.90228013029316
2022-01-11,SBI,37.7979,6.57,326726.83,100,0,36.51262214983713,48.5850977198697,14.90228013029316
2022-01-12,SBI,37.8027,6.593,326726.83,100,0,36.51262214983713,48.5850977198697,14.90228013029316
2022-01-13,SBI,37.8313,6.561,326726.83,100,0,36.51262214983713,48.5850977198697,14.90228013029316
2022-01-14,SBI,37.8421,6.582,326726.83,100,0,36.51262214983713,48.5850977198697,14.90228013029316
2022-01-17,SBI,37.8419,6.636,326726.83,100,0,36.51262214983713,48.5850977198697,14.90228013029316
2022-01-18,SBI,37.8463,6.627,326726.83,100,0,36.51262214983713,48.5850977198697,14.90228013029316
2022-01-19,SBI,37.8482,6.598,326726.83,100,0,36.51262214983713,48.5850977198697,14.90228013029316
2022-01-20,SBI,37.8611,6.608,326726.83,100,0,36.51262214983713,48.5850977198697,14.90228013029316
2022-01-21,SBI,37.8683,6.62,326726.83,100,0,36.51262214983713,48.5850977198697,14.90228013029316
2022-01-24,SBI,37.8813,6.652,326726.83,100,0,36.51262214983713,48.5850977198697,14.90228013029316
2022-01-25,SBI,37.8854,6.662,326726.83,100,0,36.51262214983713,48.5850977198697,14.90228013029316
2022-01-27,SBI,37.8835,6.746,326726.83,100,0,36.51262214983713,48.5850977198697,14.90228013029316
2022-01-28,SBI,37.885,6.768,326726.83,100,0,36.51262214983713,48.5850977198697,14.90228013029316
2022-01-31,SBI,37.9206,6.684,326726.83,100,0,36.51262214983713,48.5850977198697,14.90228013029316
2022-02-01,SBI,37.8738,6.828,323076.09,100,0,34.76438720228969,52.19257896350813,13.04303383420219
2022-02-02,SBI,37.8498,6.88,323076.09,100,0,34.76438720228969,52.19257896350813,13.04303383420219
2022-02-03,SBI,37.8588,6.889,323076.09,100,0,34.76438720228969,52.19257896350813,13.04303383420219
2022-02-04,SBI,37.8598,6.879,323076.09,100,0,34.76438720228969,52.19257896350813,13.04303383420219
2022-02-08,SBI,37.913,6.81,323076.09,100,0,34.76438720228969,52.19257896350813,13.04303383420219
2022-02-09,SBI,37.928,6.798,323076.09,100,0,34.76438720228969,52.19257896350813,13.04303383420219
2022-02-10,SBI,37.9911,6.725,323076.09,100,0,34.76438720228969,52.19257896350813,13.04303383420219
2022-02-11,SBI,38.0157,6.698,323076.09,100,0,34.76438720228969,52.19257896350813,13.04303383420219
2022-02-14,SBI,38.0437,6.667,323076.09,100,0,34.76438720228969,52.19257896350813,13.04303383420219
2022-02-15,SBI,38.046,6.673,323076.09,100,0,34.76438720228969,52.19257896350813,13.04303383420219
2022-02-16,SBI,38.0476,6.686,323076.09,100,0,34.76438720228969,52.19257896350813,13.04303383420219
2022-02-17,SBI,38.0557,6.674,323076.09,100,0,34.76438720228969,52.19257896350813,13.04303383420219
2022-02-18,SBI,38.0632,6.663,323076.09,100,0,34.76438720228969,52.19257896350813,13.04303383420219
2022-02-21,SBI,38.0722,6.693,323076.09,100,0,34.76438720228969,52.19257896350813,13.04303383420219
2022-02-22,SBI,38.064,6.749,323076.09,100,0,34.76438720228969,52.19257896350813,13.04303383420219
2022-02-23,SBI,38.0748,6.739,323076.09,100,0,34.76438720228969,52.19257896350813,13.04303383420219
2022-02-24,SBI,38.0758,6.759,323076.09,100,0,34.76438720228969,52.19257896350813,13.04303383420219
2022-02-25,SBI,38.0803,6.749,323076.09,100,0,34.76438720228969,52.19257896350813,13.04303383420219
2022-02-28,SBI,38.0888,6.77,323076.09,100,0,34.76438720228969,52.19257896350813,13.04303383420219
2022-03-02,SBI,38.0794,6.814,319111.14,100,0,31.33015368309486,43.80498145204027,24.864864864864867
2022-03-03,SBI,38.0599,6.826,319111.14,100,0,31.33015368309486,43.80498145204027,24.864864864864867
2022-03-04,SBI,38.0734,6.813,319111.14,100,0,31.33015368309486,43.80498145204027,24.864864864864867
2022-03-07,SBI,38.0573,6.888,319111.14,100,0,31.33015368309486,43.80498145204027,24.864864864864867
2022-03-08,SBI,38.0659,6.895,319111.14,100,0,31.33015368309486,43.80498145204027,24.864864864864867
2022-03-09,SBI,38.0711,6.845,319111.14,100,0,31.33015368309486,43.80498145204027,24.864864864864867
2022-03-10,SBI,38.0908,6.809,319111.14,100,0,31.33015368309486,43.80498145204027,24.864864864864867
2022-03-11,SBI,38.086,6.855,319111.14,100,0,31.33015368309486,43.80498145204027,24.864864864864867
2022-03-14,SBI,38.1065,6.854,319111.14,100,0,31.33015368309486,43.80498145204027,24.864864864864867
2022-03-15,SBI,38.1416,6.821,319111.14,100,0,31.33015368309486,43.80498145204027,24.864864864864867
2022-03-16,SBI,38.1388,6.788,319111.14,100,0,31.33015368309486,43.80498145204027,24.864864864864867
2022-03-17,SBI,38.1577,6.778,319111.14,100,0,31.33015368309486,43.80498145204027,24.864864864864867
2022-03-21,SBI,38.179,6.781,319111.14,100,0,31.33015368309486,43.80498145204027,24.864864864864867
2022-03-22,SBI,38.1683,6.831,319111.14,100,0,31.33015368309486,43.80498145204027,24.864864864864867
2022-03-23,SBI,38.1757,6.831,319111.14,100,0,31.33015368309486,43.80498145204027,24.864864864864867
2022-03-24,SBI,38.1771,6.834,319111.14,100,0,31.33015368309486,43.80498145204027,24.864864864864867
2022-03-25,SBI,38.1927,6.811,319111.14,100,0,31.33015368309486,43.80498145204027,24.864864864864867
2022-03-28,SBI,38.2039,6.836,319111.14,100,0,31.33015368309486,43.80498145204027,24.864864864864867
2022-03-29,SBI,38.2122,6.821,319111.14,100,0,31.33015368309486,43.80498145204027,24.864864864864867
2022-03-30,SBI,38.226,6.784,319111.14,100,0,31.33015368309486,43.80498145204027,24.864864864864867
2022-03-31,SBI,38.2394,6.843,319111.14,100,0,31.33015368309486,43.80498145204027,24.864864864864867
2022-04-04,SBI,38.2625,6.898,313124.91,100,0,44.840621168778085,43.0016346546792,12.157744176542703
2022-04-05,SBI,38.2604,6.899,313124.91,100,0,44.840621168778085,43.0016346546792,12.157744176542703
2022-04-06,SBI,38.2686,6.917,313124.91,100,0,44.840621168778085,43.0016346546792,12.157744176542703
2022-04-07,SBI,38.2748,6.914,313124.91,100,0,44.840621168778085,43.0016346546792,12.157744176542703
2022-04-08,SBI,38.2031,7.119,313124.91,100,0,44.840621168778085,43.0016346546792,12.157744176542703
2022-04-11,SBI,38.19,7.149,313124.91,100,0,44.840621168778085,43.0016346546792,12.157744176542703
2022-04-12,SBI,38.1964,7.189,313124.91,100,0,44.840621168778085,43.0016346546792,12.157744176542703
2022-04-13,SBI,38.1624,7.215,313124.91,100,0,44.840621168778085,43.0016346546792,12.157744176542703
2022-04-18,SBI,38.2015,7.153,313124.91,100,0,44.840621168778085,43.0016346546792,12.157744176542703
2022-04-19,SBI,38.2143,7.151,313124.91,100,0,44.840621168778085,43.0016346546792,12.157744176542703
2022-04-20,SBI,38.2297,7.105,313124.91,100,0,44.840621168778085,43.0016346546792,12.157744176542703
2022-04-21,SBI,38.2398,7.144,313124.91,100,0,44.840621168778085,43.0016346546792,12.157744176542703
2022-04-22,SBI,38.2496,7.167,313124.91,100,0,44.840621168778085,43.0016346546792,12.157744176542703
2022-04-25,SBI,38.2645,7.043,313124.91,100,0,44.840621168778085,43.0016346546792,12.157744176542703
2022-04-26,SBI,38.2712,7.053,313124.91,100,0,44.840621168778085,43.0016346546792,12.157744176542703
2022-04-27,SBI,38.2781,7.083,313124.91,100,0,44.840621168778085,43.0016346546792,12.157744176542703
2022-04-28,SBI,38.2776,7.155,313124.91,100,0,44.840621168778085,43.0016346546792,12.157744176542703
2022-04-29,SBI,38.2808,7.139,313124.91,100,0,44.840621168778085,43.0016346546792,12.157744176542703
2022-05-02,SBI,38.3147,7.119,303454.0,100,0,41.97481907405572,42.7282641023099,15.29691682363438
2022-05-04,SBI,38.0824,7.378,303454.0,100,0,41.97481907405572,42.7282641023099,15.29691682363438
2022-05-05,SBI,38.0659,7.403,303454.0,100,0,41.97481907405572,42.7282641023099,15.29691682363438
2022-05-06,SBI,38.0377,7.451,303454.0,100,0,41.97481907405572,42.7282641023099,15.29691682363438
2022-05-09,SBI,38.0527,7.465,303454.0,100,0,41.97481907405572,42.7282641023099,15.29691682363438
2022-05-10,SBI,38.0649,7.301,303454.0,100,0,41.97481907405572,42.7282641023099,15.29691682363438
2022-05-11,SBI,38.0684,7.215,303454.0,100,0,41.97481907405572,42.7282641023099,15.29691682363438
2022-05-12,SBI,38.0727,7.244,303454.0,100,0,41.97481907405572,42.7282641023099,15.29691682363438
2022-05-13,SBI,38.0589,7.318,303454.0,100,0,41.97481907405572,42.7282641023099,15.29691682363438
2022-05-17,SBI,38.0902,7.366,303454.0,100,0,41.97481907405572,42.7282641023099,15.29691682363438
2022-05-18,SBI,38.0927,7.355,303454.0,100,0,41.97481907405572,42.7282641023099,15.29691682363438
2022-05-19,SBI,38.1076,7.32,303454.0,100,0,41.97481907405572,42.7282641023099,15.29691682363438
2022-05-20,SBI,38.1087,7.359,303454.0,100,0,41.97481907405572,42.7282641023099,15.29691682363438
2022-05-23,SBI,38.1331,7.386,303454.0,100,0,41.97481907405572,42.7282641023099,15.29691682363438
2022-05-24,SBI,38.1474,7.359,303454.0,100,0,41.97481907405572,42.7282641023099,15.29691682363438
2022-05-25,SBI,38.1567,7.305,303454.0,100,0,41.97481907405572,42.7282641023099,15.29691682363438
2022-05-26,SBI,38.1579,7.294,303454.0,100,0,41.97481907405572,42.7282641023099,15.29691682363438
2022-05-27,SBI,38.168,7.35,303454.0,100,0,41.97481907405572,42.7282641023099,15.29691682363438
2022-05-30,SBI,38.1757,7.409,303454.0,100,0,41.97481907405572,42.7282641023099,15.29691682363438
2022-05-31,SBI,38.1646,7.415,303454.0,100,0,41.97481907405572,42.7282641023099,15.29691682363438
2022-06-01,SBI,38.1633,7.414,298678.75,100,0,43.87891226269881,43.01693175987685,13.104155977424318
2022-06-02,SBI,38.1726,7.434,298678.75,100,0,43.87891226269881,43.01693175987685,13.104155977424318
2022-06-03,SBI,38.1608,7.456,298678.75,100,0,43.87891226269881,43.01693175987685,13.104155977424318
2022-06-06,SBI,38.1543,7.5,298678.75,100,0,43.87891226269881,43.01693175987685,13.104155977424318
2022-06-07,SBI,38.1231,7.518,298678.75,100,0,43.87891226269881,43.01693175987685,13.104155977424318
2022-06-08,SBI,38.17,7.494,298678.75,100,0,43.87891226269881,43.01693175987685,13.104155977424318
2022-06-09,SBI,38.1835,7.496,298678.75,100,0,43.87891226269881,43.01693175987685,13.104155977424318
2022-06-10,SBI,38.2001,7.519,298678.75,100,0,43.87891226269881,43.01693175987685,13.104155977424318
2022-06-13,SBI,38.1991,7.604,298678.75,100,0,43.87891226269881,43.01693175987685,13.104155977424318
2022-06-14,SBI,38.1906,7.581,298678.75,100,0,43.87891226269881,43.01693175987685,13.104155977424318
2022-06-15,SBI,38.1871,7.592,298678.75,100,0,43.87891226269881,43.01693175987685,13.104155977424318
2022-06-16,SBI,38.1813,7.617,298678.75,100,0,43.87891226269881,43.01693175987685,13.104155977424318
2022-06-17,SBI,38.186,7.546,298678.75,100,0,43.87891226269881,43.01693175987685,13.104155977424318
2022-06-20,SBI,38.2218,7.427,298678.75,100,0,43.87891226269881,43.01693175987685,13.104155977424318
2022-06-21,SBI,38.2285,7.482,298678.75,100,0,43.87891226269881,43.01693175987685,13.104155977424318
2022-06-22,SBI,38.2455,7.396,298678.75,100,0,43.87891226269881,43.01693175987685,13.104155977424318
2022-06-23,SBI,38.2522,7.419,298678.75,100,0,43.87891226269881,43.01693175987685,13.104155977424318
2022-06-24,SBI,38.2536,7.444,298678.75,100,0,43.87891226269881,43.01693175987685,13.104155977424318
2022-06-27,SBI,38.2857,7.407,298678.75,100,0,43.87891226269881,43.01693175987685,13.104155977424318
2022-06-28,SBI,38.2745,7.466,298678.75,100,0,43.87891226269881,43.01693175987685,13.104155977424318
2022-06-29,SBI,38.2858,7.459,298678.75,100,0,43.87891226269881,43.01693175987685,13.104155977424318
2022-06-30,SBI,38.2897,7.45,298678.75,100,0,43.87891226269881,43.01693175987685,13.104155977424318
2022-07-01,SBI,38.3228,7.424,296361.58,100,0,43.81127450980393,44.31168300653596,11.877042483660132
2022-07-04,SBI,38.3582,7.374,296361.58,100,0,43.81127450980393,44.31168300653596,11.877042483660132
2022-07-05,SBI,38.362,7.391,296361.58,100,0,43.81127450980393,44.31168300653596,11.877042483660132
2022-07-06,SBI,38.4169,7.294,296361.58,100,0,43.81127450980393,44.31168300653596,11.877042483660132
2022-07-07,SBI,38.4053,7.354,296361.58,100,0,43.81127450980393,44.31168300653596,11.877042483660132
2022-07-08,SBI,38.4238,7.415,296361.58,100,0,43.81127450980393,44.31168300653596,11.877042483660132
2022-07-11,SBI,38.4401,7.427,296361.58,100,0,43.81127450980393,44.31168300653596,11.877042483660132
2022-07-12,SBI,38.439,7.391,296361.58,100,0,43.81127450980393,44.31168300653596,11.877042483660132
2022-07-13,SBI,38.4655,7.337,296361.58,100,0,43.81127450980393,44.31168300653596,11.877042483660132
2022-07-14,SBI,38.4655,7.384,296361.58,100,0,43.81127450980393,44.31168300653596,11.877042483660132
2022-07-15,SBI,38.4651,7.438,296361.58,100,0,43.81127450980393,44.31168300653596,11.877042483660132
2022-07-18,SBI,38.4765,7.437,296361.58,100,0,43.81127450980393,44.31168300653596,11.877042483660132
2022-07-19,SBI,38.4878,7.434,296361.58,100,0,43.81127450980393,44.31168300653596,11.877042483660132
2022-07-20,SBI,38.4913,7.449,296361.58,100,0,43.81127450980393,44.31168300653596,11.877042483660132
2022-07-21,SBI,38.4864,7.44,296361.58,100,0,43.81127450980393,44.31168300653596,11.877042483660132
2022-07-22,SBI,38.4952,7.414,296361.58,100,0,43.81127450980393,44.31168300653596,11.877042483660132
2022-07-25,SBI,38.5199,7.391,296361.58,100,0,43.81127450980393,44.31168300653596,11.877042483660132
2022-07-26,SBI,38.5107,7.367,296361.58,100,0,43.81127450980393,44.31168300653596,11.877042483660132
2022-07-27,SBI,38.5177,7.338,296361.58,100,0,43.81127450980393,44.31168300653596,11.877042483660132
2022-07-28,SBI,38.5285,7.332,296361.58,100,0,43.81127450980393,44.31168300653596,11.877042483660132
2022-07-29,SBI,38.5345,7.32,296361.58,100,0,43.81127450980393,44.31168300653596,11.877042483660132
2022-08-01,SBI,38.583,7.24,295239.03,100,0,35.90765144550005,46.245786086423536,17.84656246807641
2022-08-02,SBI,38.6045,7.196,295239.03,100,0,35.90765144550005,46.245786086423536,17.84656246807641
2022-08-03,SBI,38.6446,7.242,295239.03,100,0,35.90765144550005,46.245786086423536,17.84656246807641
2022-08-04,SBI,38.6629,7.157,295239.03,100,0,35.90765144550005,46.245786086423536,17.84656246807641
2022-08-05,SBI,38.6376,7.3,295239.03,100,0,35.90765144550005,46.245786086423536,17.84656246807641
2022-08-08,SBI,38.6598,7.348,295239.03,100,0,35.90765144550005,46.245786086423536,17.84656246807641
2022-08-10,SBI,38.6809,7.31,295239.03,100,0,35.90765144550005,46.245786086423536,17.84656246807641
2022-08-11,SBI,38.6953,7.267,295239.03,100,0,35.90765144550005,46.245786086423536,17.84656246807641
2022-08-12,SBI,38.7062,7.289,295239.03,100,0,35.90765144550005,46.245786086423536,17.84656246807641
2022-08-17,SBI,38.7587,7.182,295239.03,100,0,35.90765144550005,46.245786086423536,17.84656246807641
2022-08-18,SBI,38.7631,7.242,295239.03,100,0,35.90765144550005,46.245786086423536,17.84656246807641
2022-08-19,SBI,38.7592,7.264,295239.03,100,0,35.90765144550005,46.245786086423536,17.84656246807641
2022-08-22,SBI,38.7817,7.27,295239.03,100,0,35.90765144550005,46.245786086423536,17.84656246807641
2022-08-23,SBI,38.788,7.281,295239.03,100,0,35.90765144550005,46.245786086423536,17.84656246807641
2022-08-24,SBI,38.7918,7.286,295239.03,100,0,35.90765144550005,46.245786086423536,17.84656246807641
2022-08-25,SBI,38.7773,7.292,295239.03,100,0,35.90765144550005,46.245786086423536,17.84656246807641
2022-08-26,SBI,38.7944,7.217,295239.03,100,0,35.90765144550005,46.245786086423536,17.84656246807641
2022-08-29,SBI,38.8197,7.253,295239.03,100,0,35.90765144550005,46.245786086423536,17.84656246807641
2022-08-30,SBI,38.8358,7.188,295239.03,100,0,35.90765144550005,46.245786086423536,17.84656246807641
2022-09-01,SBI,38.8482,7.215,291655.27,100,0,36.76635704807593,48.37195059712156,14.86169235480249
2022-09-02,SBI,38.8435,7.232,291655.27,100,0,36.76635704807593,48.37195059712156,14.86169235480249
2022-09-05,SBI,38.8799,7.218,291655.27,100,0,36.76635704807593,48.37195059712156,14.86169235480249
2022-09-06,SBI,38.8866,7.179,291655.27,100,0,36.76635704807593,48.37195059712156,14.86169235480249
2022-09-07,SBI,38.8915,7.185,291655.27,100,0,36.76635704807593,48.37195059712156,14.86169235480249
2022-09-08,SBI,38.9161,7.135,291655.27,100,0,36.76635704807593,48.37195059712156,14.86169235480249
2022-09-09,SBI,38.9209,7.167,291655.27,100,0,36.76635704807593,48.37195059712156,14.86169235480249
2022-09-12,SBI,38.9325,7.181,291655.27,100,0,36.76635704807593,48.37195059712156,14.86169235480249
2022-09-13,SBI,38.9525,7.108,291655.27,100,0,36.76635704807593,48.37195059712156,14.86169235480249
2022-09-14,SBI,38.9368,7.155,291655.27,100,0,36.76635704807593,48.37195059712156,14.86169235480249
2022-09-15,SBI,38.923,7.238,291655.27,100,0,36.76635704807593,48.37195059712156,14.86169235480249
2022-09-16,SBI,38.897,7.266,291655.27,100,0,36.76635704807593,48.37195059712156,14.86169235480249
2022-09-19,SBI,38.9197,7.277,291655.27,100,0,36.76635704807593,48.37195059712156,14.86169235480249
2022-09-20,SBI,38.914,7.294,291655.27,100,0,36.76635704807593,48.37195059712156,14.86169235480249
2022-09-21,SBI,38.9134,7.233,291655.27,100,0,36.76635704807593,48.37195059712156,14.86169235480249
2022-09-22,SBI,38.9002,7.312,291655.27,100,0,36.76635704807593,48.37195059712156,14.86169235480249
2022-09-23,SBI,38.8727,7.393,291655.27,100,0,36.76635704807593,48.37195059712156,14.86169235480249
2022-09-26,SBI,38.8751,7.359,291655.27,100,0,36.76635704807593,48.37195059712156,14.86169235480249
2022-09-27,SBI,38.8865,7.292,291655.27,100,0,36.76635704807593,48.37195059712156,14.86169235480249
2022-09-28,SBI,38.8877,7.333,291655.27,100,0,36.76635704807593,48.37195059712156,14.86169235480249
2022-09-29,SBI,38.9287,7.34,291655.27,100,0,36.76635704807593,48.37195059712156,14.86169235480249
2022-09-30,SBI,38.943,7.398,291655.27,100,0,36.76635704807593,48.37195059712156,14.86169235480249
2022-10-03,SBI,38.9746,7.468,287557.49,100,0,34.71353899764272,49.24669468074203,16.03976632161525
2022-10-04,SBI,38.9927,7.362,287557.49,100,0,34.71353899764272,49.24669468074203,16.03976632161525
2022-10-06,SBI,38.9954,7.454,287557.49,100,0,34.71353899764272,49.24669468074203,16.03976632161525
2022-10-07,SBI,38.9869,7.46,287557.49,100,0,34.71353899764272,49.24669468074203,16.03976632161525
2022-10-10,SBI,38.9622,7.476,287557.49,100,0,34.71353899764272,49.24669468074203,16.03976632161525
2022-10-11,SBI,38.9514,7.426,287557.49,100,0,34.71353899764272,49.24669468074203,16.03976632161525
2022-10-12,SBI,38.98,7.435,287557.49,100,0,34.71353899764272,49.24669468074203,16.03976632161525
2022-10-13,SBI,38.9922,7.422,287557.49,100,0,34.71353899764272,49.24669468074203,16.03976632161525
2022-10-14,SBI,38.9719,7.47,287557.49,100,0,34.71353899764272,49.24669468074203,16.03976632161525
2022-10-17,SBI,39.0157,7.407,287557.49,100,0,34.71353899764272,49.24669468074203,16.03976632161525
2022-10-18,SBI,39.0364,7.426,287557.49,100,0,34.71353899764272,49.24669468074203,16.03976632161525
2022-10-19,SBI,39.0344,7.451,287557.49,100,0,34.71353899764272,49.24669468074203,16.03976632161525
2022-10-20,SBI,39.0326,7.476,287557.49,100,0,34.71353899764272,49.24669468074203,16.03976632161525
2022-10-21,SBI,39.0259,7.511,287557.49,100,0,34.71353899764272,49.24669468074203,16.03976632161525
2022-10-25,SBI,39.0779,7.442,287557.49,100,0,34.71353899764272,49.24669468074203,16.03976632161525
2022-10-27,SBI,39.1126,7.412,287557.49,100,0,34.71353899764272,49.24669468074203,16.03976632161525
2022-10-28,SBI,39.0972,7.416,287557.49,100,0,34.71353899764272,49.24669468074203,16.03976632161525
2022-10-31,SBI,39.1467,7.445,287557.49,100,0,34.71353899764272,49.24669468074203,16.03976632161525
2022-11-01,SBI,39.1583,7.396,284407.98,100,0,32.60780287474333,52.58726899383983,14.804928131416837
2022-11-02,SBI,39.1538,7.404,284407.98,100,0,32.60780287474333,52.58726899383983,14.804928131416837
2022-11-03,SBI,39.1714,7.482,284407.98,100,0,32.60780287474333,52.58726899383983,14.804928131416837
2022-11-04,SBI,39.1567,7.469,284407.98,100,0,32.60780287474333,52.58726899383983,14.804928131416837
2022-11-07,SBI,39.1791,7.434,284407.98,100,0,32.60780287474333,52.58726899383983,14.804928131416837
2022-11-09,SBI,39.223,7.387,284407.98,100,0,32.60780287474333,52.58726899383983,14.804928131416837
2022-11-10,SBI,39.2456,7.346,284407.98,100,0,32.60780287474333,52.58726899383983,14.804928131416837
2022-11-11,SBI,39.253,7.307,284407.98,100,0,32.60780287474333,52.58726899383983,14.804928131416837
2022-11-14,SBI,39.2754,7.287,284407.98,100,0,32.60780287474333,52.58726899383983,14.804928131416837
2022-11-15,SBI,39.2892,7.261,284407.98,100,0,32.60780287474333,52.58726899383983,14.804928131416837
2022-11-16,SBI,39.298,7.274,284407.98,100,0,32.60780287474333,52.58726899383983,14.804928131416837
2022-11-17,SBI,39.315,7.281,284407.98,100,0,32.60780287474333,52.58726899383983,14.804928131416837
2022-11-18,SBI,39.3177,7.307,284407.98,100,0,32.60780287474333,52.58726899383983,14.804928131416837
2022-11-21,SBI,39.3353,7.32,284407.98,100,0,32.60780287474333,52.58726899383983,14.804928131416837
2022-11-22,SBI,39.3659,7.285,284407.98,100,0,32.60780287474333,52.58726899383983,14.804928131416837
2022-11-23,SBI,39.3562,7.291,284407.98,100,0,32.60780287474333,52.58726899383983,14.804928131416837
2022-11-24,SBI,39.364,7.255,284407.98,100,0,32.60780287474333,52.58726899383983,14.804928131416837
2022-11-25,SBI,39.3641,7.301,284407.98,100,0,32.60780287474333,52.58726899383983,14.804928131416837
2022-11-28,SBI,39.4074,7.274,284407.98,100,0,32.60780287474333,52.58726899383983,14.804928131416837
2022-11-29,SBI,39.3932,7.279,284407.98,100,0,32.60780287474333,52.58726899383983,14.804928131416837
2022-11-30,SBI,39.4037,7.28,284407.98,100,0,32.60780287474333,52.58726899383983,14.804928131416837
2022-12-01,SBI,39.4251,7.21,283364.61,100,0,35.31393568147015,51.056661562021446,13.629402756508425
2022-12-02,SBI,39.4345,7.221,283364.61,100,0,35.31393568147015,51.056661562021446,13.629402756508425
2022-12-05,SBI,39.4588,7.226,283364.61,100,0,35.31393568147015,51.056661562021446,13.629402756508425
2022-12-06,SBI,39.4587,7.249,283364.61,100,0,35.31393568147015,51.056661562021446,13.629402756508425
2022-12-07,SBI,39.4567,7.269,283364.61,100,0,35.31393568147015,51.056661562021446,13.629402756508425
2022-12-08,SBI,39.4781,7.288,283364.61,100,0,35.31393568147015,51.056661562021446,13.629402756508425
2022-12-09,SBI,39.4839,7.299,283364.61,100,0,35.31393568147015,51.056661562021446,13.629402756508425
2022-12-12,SBI,39.5118,7.294,283364.61,100,0,35.31393568147015,51.056661562021446,13.629402756508425
2022-12-13,SBI,39.5123,7.265,283364.61,100,0,35.31393568147015,51.056661562021446,13.629402756508425
2022-12-14,SBI,39.5294,7.221,283364.61,100,0,35.31393568147015,51.056661562021446,13.629402756508425
2022-12-15,SBI,39.532,7.268,283364.61,100,0,35.31393568147015,51.056661562021446,13.629402756508425
2022-12-16,SBI,39.547,7.281,283364.61,100,0,35.31393568147015,51.056661562021446,13.629402756508425
2022-12-19,SBI,39.5708,7.297,283364.61,100,0,35.31393568147015,51.056661562021446,13.629402756508425
2022-12-20,SBI,39.5613,7.299,283364.61,100,0,35.31393568147015,51.056661562021446,13.629402756508425
2022-12-21,SBI,39.5666,7.287,283364.61,100,0,35.31393568147015,51.056661562021446,13.629402756508425
2022-12-22,SBI,39.5608,7.316,283364.61,100,0,35.31393568147015,51.056661562021446,13.629402756508425
2022-12-23,SBI,39.5646,7.318,283364.61,100,0,35.31393568147015,51.056661562021446,13.629402756508425
2022-12-26,SBI,39.5801,7.319,283364.61,100,0,35.31393568147015,51.056661562021446,13.629402756508425
2022-12-27,SBI,39.6099,7.308,283364.61,100,0,35.31393568147015,51.056661562021446,13.629402756508425
2022-12-28,SBI,39.6116,7.314,283364.61,100,0,35.31393568147015,51.056661562021446,13.629402756508425
2022-12-29,SBI,39.595,7.311,283364.61,100,0,35.31393568147015,51.056661562021446,13.629402756508425
2022-12-30,SBI,39.6206,7.327,283364.61,100,0,35.31393568147015,51.056661562021446,13.629402756508425
2023-01-02,SBI,39.6473,7.34,281600.83,100,0,36.5194328266857,50.11731102723656,13.36325614607773
2023-01-03,SBI,39.6665,7.321,281600.83,100,0,36.5194328266857,50.11731102723656,13.36325614607773
2023-01-04,SBI,39.67,7.321,281600.83,100,0,36.5194328266857,50.11731102723656,13.36325614607773
2023-01-05,SBI,39.6587,7.327,281600.83,100,0,36.5194328266857,50.11731102723656,13.36325614607773
2023-01-06,SBI,39.6512,7.373,281600.83,100,0,36.5194328266857,50.11731102723656,13.36325614607773
2023-01-09,SBI,39.7017,7.342,281600.83,100,0,36.5194328266857,50.11731102723656,13.36325614607773
2023-01-10,SBI,39.7217,7.313,281600.83,100,0,36.5194328266857,50.11731102723656,13.36325614607773
2023-01-11,SBI,39.7307,7.291,281600.83,100,0,36.5194328266857,50.11731102723656,13.36325614607773
2023-01-12,SBI,39.7309,7.286,281600.83,100,0,36.5194328266857,50.11731102723656,13.36325614607773
2023-01-13,SBI,39.7391,7.299,281600.83,100,0,36.5194328266857,50.11731102723656,13.36325614607773
2023-01-16,SBI,39.7446,7.327,281600.83,100,0,36.5194328266857,50.11731102723656,13.36325614607773
2023-01-17,SBI,39.7572,7.333,281600.83,100,0,36.5194328266857,50.11731102723656,13.36325614607773
2023-01-18,SBI,39.7529,7.325,281600.83,100,0,36.5194328266857,50.11731102723656,13.36325614607773
2023-01-19,SBI,39.7625,7.313,281600.83,100,0,36.5194328266857,50.11731102723656,13.36325614607773
2023-01-20,SBI,39.7608,7.347,281600.83,100,0,36.5194328266857,50.11731102723656,13.36325614607773
2023-01-23,SBI,39.7729,7.352,281600.83,100,0,36.5194328266857,50.11731102723656,13.36325614607773
2023-01-24,SBI,39.7765,7.346,281600.83,100,0,36.5194328266857,50.11731102723656,13.36325614607773
2023-01-25,SBI,39.7654,7.347,281600.83,100,0,36.5194328266857,50.11731102723656,13.36325614607773
2023-01-27,SBI,39.7568,7.387,281600.83,100,0,36.5194328266857,50.11731102723656,13.36325614607773
2023-01-30,SBI,39.7811,7.401,281600.83,100,0,36.5194328266857,50.11731102723656,13.36325614607773
2023-01-31,SBI,39.8015,7.343,281600.83,100,0,36.5194328266857,50.11731102723656,13.36325614607773
2023-02-01,SBI,39.8364,7.277,278294.92,100,0,43.3397978973155,50.70940083699091,5.950801265693579
2023-02-02,SBI,39.8445,7.296,278294.92,100,0,43.3397978973155,50.70940083699091,5.950801265693579
2023-02-03,SBI,39.8534,7.277,278294.92,100,0,43.3397978973155,50.70940083699091,5.950801265693579
2023-02-06,SBI,39.8703,7.32,278294.92,100,0,43.3397978973155,50.70940083699091,5.950801265693579
2023-02-07,SBI,39.885,7.309,278294.92,100,0,43.3397978973155,50.70940083699091,5.950801265693579
2023-02-08,SBI,39.8741,7.344,278294.92,100,0,43.3397978973155,50.70940083699091,5.950801265693579
2023-02-09,SBI,39.8615,7.344,278294.92,100,0,43.3397978973155,50.70940083699091,5.950801265693579
2023-02-10,SBI,39.8647,7.363,278294.92,100,0,43.3397978973155,50.70940083699091,5.950801265693579
2023-02-13,SBI,39.8916,7.366,278294.92,100,0,43.3397978973155,50.70940083699091,5.950801265693579
2023-02-14,SBI,39.8949,7.371,278294.92,100,0,43.3397978973155,50.70940083699091,5.950801265693579
2023-02-15,SBI,39.9296,7.347,278294.92,100,0,43.3397978973155,50.70940083699091,5.950801265693579
2023-02-16,SBI,39.9416,7.342,278294.92,100,0,43.3397978973155,50.70940083699091,5.950801265693579
2023-02-17,SBI,39.9184,7.388,278294.92,100,0,43.3397978973155,50.70940083699091,5.950801265693579
2023-02-20,SBI,39.9503,7.37,278294.92,100,0,43.3397978973155,50.70940083699091,5.950801265693579
2023-02-21,SBI,39.9576,7.391,278294.92,100,0,43.3397978973155,50.70940083699091,5.950801265693579
2023-02-22,SBI,39.9435,7.429,278294.92,100,0,43.3397978973155,50.70940083699091,5.950801265693579
2023-02-23,SBI,39.9441,7.391,278294.92,100,0,43.3397978973155,50.70940083699091,5.950801265693579
2023-02-24,SBI,39.9561,7.419,278294.92,100,0,43.3397978973155,50.70940083699091,5.950801265693579
2023-02-27,SBI,39.9581,7.448,278294.92,100,0,43.3397978973155,50.70940083699091,5.950801265693579
2023-02-28,SBI,39.9593,7.457,278294.92,100,0,43.3397978973155,50.70940083699091,5.950801265693579
2023-03-01,SBI,39.9869,7.434,278231.95,100,0,24.86,51.32,23.82
2023-03-02,SBI,39.9854,7.43,278231.95,100,0,24.86,51.32,23.82
2023-03-03,SBI,39.9942,7.416,278231.95,100,0,24.86,51.32,23.82
2023-03-06,SBI,40.0231,7.418,278231.95,100,0,24.86,51.32,23.82
2023-03-08,SBI,40.0214,7.459,278231.95,100,0,24.86,51.32,23.82
2023-03-09,SBI,40.0135,7.441,278231.95,100,0,24.86,51.32,23.82
2023-03-10,SBI,40.0469,7.429,278231.95,100,0,24.86,51.32,23.82
2023-03-13,SBI,40.0941,7.365,278231.95,100,0,24.86,51.32,23.82
2023-03-14,SBI,40.106,7.378,278231.95,100,0,24.86,51.32,23.82
2023-03-15,SBI,40.106,7.363,278231.95,100,0,24.86,51.32,23.82
2023-03-16,SBI,40.1273,7.352,278231.95,100,0,24.86,51.32,23.82
2023-03-17,SBI,40.1258,7.354,278231.95,100,0,24.86,51.32,23.82
2023-03-20,SBI,40.1751,7.334,278231.95,100,0,24.86,51.32,23.82
2023-03-21,SBI,40.174,7.354,278231.95,100,0,24.86,51.32,23.82
2023-03-23,SBI,40.1886,7.345,278231.95,100,0,24.86,51.32,23.82
2023-03-24,SBI,40.2068,7.318,278231.95,100,0,24.86,51.32,23.82
2023-03-27,SBI,40.2168,7.312,278231.95,100,0,24.86,51.32,23.82
2023-03-28,SBI,40.2077,7.321,278231.95,100,0,24.86,51.32,23.82
2023-03-29,SBI,40.2516,7.296,278231.95,100,0,24.86,51.32,23.82
2023-03-31,SBI,40.2817,7.315,278231.95,100,0,24.86,51.32,23.82
2023-04-03,SBI,40.3124,7.315,281894.58,100,0,25.36,44.03,30.61
2023-04-05,SBI,40.9382,7.273,281894.58,100,0,25.36,44.03,30.61
2023-04-06,SBI,41.0092,7.219,281894.58,100,0,25.36,44.03,30.61
2023-04-10,SBI,41.0344,7.227,281894.58,100,0,25.36,44.03,30.61
2023-04-11,SBI,41.0488,7.224,281894.58,100,0,25.36,44.03,30.61
2023-04-12,SBI,41.0572,7.213,281894.58,100,0,25.36,44.03,30.61
2023-04-13,SBI,41.0621,7.229,281894.58,100,0,25.36,44.03,30.61
2023-04-17,SBI,41.0869,7.247,281894.58,100,0,25.36,44.03,30.61
2023-04-18,SBI,41.1045,7.221,281894.58,100,0,25.36,44.03,30.61
2023-04-19,SBI,41.1176,7.227,281894.58,100,0,25.36,44.03,30.61
2023-04-20,SBI,41.123,7.22,281894.58,100,0,25.36,44.03,30.61
2023-04-21,SBI,41.1384,7.185,281894.58,100,0,25.36,44.03,30.61
2023-04-24,SBI,41.1745,7.111,281894.58,100,0,25.36,44.03,30.61
2023-04-25,SBI,41.1765,7.11,281894.58,100,0,25.36,44.03,30.61
2023-04-26,SBI,41.2029,7.116,281894.58,100,0,25.36,44.03,30.61
2023-04-27,SBI,41.2007,7.097,281894.58,100,0,25.36,44.03,30.61
2023-04-28,SBI,41.2142,7.116,281894.58,100,0,25.36,44.03,30.61
2023-05-02,SBI,41.2413,7.106,280578.02,100,0,27.9,50.53,21.57
2023-05-03,SBI,41.268,7.011,280578.02,100,0,27.9,50.53,21.57
2023-05-04,SBI,41.2786,7.014,280578.02,100,0,27.9,50.53,21.57
2023-05-08,SBI,41.3062,7.047,280578.02,100,0,27.9,50.53,21.57
2023-05-09,SBI,41.3002,7.046,280578.02,100,0,27.9,50.53,21.57
2023-05-10,SBI,41.3348,7.036,280578.02,100,0,27.9,50.53,21.57
2023-05-11,SBI,41.3545,7.023,280578.02,100,0,27.9,50.53,21.57
2023-05-12,SBI,41.3288,6.995,280578.02,100,0,27.9,50.53,21.57
2023-05-15,SBI,41.3605,7.001,280578.02,100,0,27.9,50.53,21.57
2023-05-16,SBI,41.3979,6.963,280578.02,100,0,27.9,50.53,21.57
2023-05-17,SBI,41.406,6.972,280578.02,100,0,27.9,50.53,21.57
2023-05-18,SBI,41.4241,6.983,280578.02,100,0,27.9,50.53,21.57
2023-05-19,SBI,41.4314,7.004,280578.02,100,0,27.9,50.53,21.57
2023-05-22,SBI,41.4743,6.985,280578.02,100,0,27.9,50.53,21.57
2023-05-23,SBI,41.4638,7.016,280578.02,100,0,27.9,50.53,21.57
2023-05-24,SBI,41.4801,6.99,280578.02,100,0,27.9,50.53,21.57
2023-05-25,SBI,41.4861,7.007,280578.02,100,0,27.9,50.53,21.57
2023-05-26,SBI,41.4815,7.003,280578.02,100,0,27.9,50.53,21.57
2023-05-29,SBI,41.4982,7.024,280578.02,100,0,27.9,50.53,21.57
2023-05-30,SBI,41.507,7.011,280578.02,100,0,27.9,50.53,21.57
2023-05-31,SBI,41.5264,6.989,280578.02,100,0,27.9,50.53,21.57
2023-06-01,SBI,41.5452,6.979,277304.49,100,0,27.37,51.3,21.33
2023-06-02,SBI,41.5543,6.984,277304.49,100,0,27.37,51.3,21.33
2023-06-05,SBI,41.5579,6.997,277304.49,100,0,27.37,51.3,21.33
2023-06-06,SBI,41.5695,6.977,277304.49,100,0,27.37,51.3,21.33
2023-06-07,SBI,41.5791,6.982,277304.49,100,0,27.37,51.3,21.33
2023-06-08,SBI,41.5718,7.021,277304.49,100,0,27.37,51.3,21.33
2023-06-09,SBI,41.5661,7.039,277304.49,100,0,27.37,51.3,21.33
2023-06-12,SBI,41.5888,7.016,277304.49,100,0,27.37,51.3,21.33
2023-06-13,SBI,41.6027,7.002,277304.49,100,0,27.37,51.3,21.33
2023-06-14,SBI,41.6079,7.011,277304.49,100,0,27.37,51.3,21.33
2023-06-15,SBI,41.6101,7.036,277304.49,100,0,27.37,51.3,21.33
2023-06-16,SBI,41.6231,7.034,277304.49,100,0,27.37,51.3,21.33
2023-06-19,SBI,41.6384,7.053,277304.49,100,0,27.37,51.3,21.33
2023-06-20,SBI,41.6449,7.059,277304.49,100,0,27.37,51.3,21.33
2023-06-21,SBI,41.6391,7.067,277304.49,100,0,27.37,51.3,21.33
2023-06-22,SBI,41.6561,7.086,277304.49,100,0,27.37,51.3,21.33
2023-06-23,SBI,41.6629,7.074,277304.49,100,0,27.37,51.3,21.33
2023-06-26,SBI,41.6839,7.066,277304.49,100,0,27.37,51.3,21.33
2023-06-27,SBI,41.6868,7.063,277304.49,100,0,27.37,51.3,21.33
2023-06-28,SBI,41.7055,7.056,277304.49,100,0,27.37,51.3,21.33
2023-06-30,SBI,41.7056,7.11,277304.49,100,0,27.37,51.3,21.33
2023-07-03,SBI,41.7226,7.117,276115.65,100,0,41.745983010950766,49.55480503530857,8.699211953740662
2023-07-04,SBI,41.7323,7.119,276115.65,100,0,41.745983010950766,49.55480503530857,8.699211953740662
2023-07-05,SBI,41.7515,7.105,276115.65,100,0,41.745983010950766,49.55480503530857,8.699211953740662
2023-07-06,SBI,41.7508,7.147,276115.65,100,0,41.745983010950766,49.55480503530857,8.699211953740662
2023-07-07,SBI,41.7563,7.159,276115.65,100,0,41.745983010950766,49.55480503530857,8.699211953740662
2023-07-10,SBI,41.7819,7.149,276115.65,100,0,41.745983010950766,49.55480503530857,8.699211953740662
2023-07-11,SBI,41.8078,7.095,276115.65,100,0,41.745983010950766,49.55480503530857,8.699211953740662
2023-07-12,SBI,41.8065,7.118,276115.65,100,0,41.745983010950766,49.55480503530857,8.699211953740662
2023-07-13,SBI,41.8325,7.071,276115.65,100,0,41.745983010950766,49.55480503530857,8.699211953740662
2023-07-14,SBI,41.8411,7.089,276115.65,100,0,41.745983010950766,49.55480503530857,8.699211953740662
2023-07-17,SBI,41.8777,7.074,276115.65,100,0,41.745983010950766,49.55480503530857,8.699211953740662
2023-07-18,SBI,41.8862,7.058,276115.65,100,0,41.745983010950766,49.55480503530857,8.699211953740662
2023-07-19,SBI,41.8991,7.072,276115.65,100,0,41.745983010950766,49.55480503530857,8.699211953740662
2023-07-20,SBI,41.9091,7.083,276115.65,100,0,41.745983010950766,49.55480503530857,8.699211953740662
2023-07-21,SBI,41.9106,7.087,276115.65,100,0,41.745983010950766,49.55480503530857,8.699211953740662
2023-07-24,SBI,41.9331,7.071,276115.65,100,0,41.745983010950766,49.55480503530857,8.699211953740662
2023-07-25,SBI,41.9201,7.1,276115.65,100,0,41.745983010950766,49.55480503530857,8.699211953740662
2023-07-26,SBI,41.9339,7.096,276115.65,100,0,41.745983010950766,49.55480503530857,8.699211953740662
2023-07-27,SBI,41.9433,7.12,276115.65,100,0,41.745983010950766,49.55480503530857,8.699211953740662
2023-07-28,SBI,41.9253,7.161,276115.65,100,0,41.745983010950766,49.55480503530857,8.699211953740662
2023-07-31,SBI,41.9459,7.172,276115.65,100,0,41.745983010950766,49.55480503530857,8.699211953740662
2023-08-01,SBI,41.9669,7.156,273383.88,100,0,35.2218010449749,54.36942936174572,10.408769593279375
2023-08-02,SBI,41.9801,7.154,273383.88,100,0,35.2218010449749,54.36942936174572,10.408769593279375
2023-08-03,SBI,41.9765,7.194,273383.88,100,0,35.2218010449749,54.36942936174572,10.408769593279375
2023-08-04,SBI,41.9798,7.193,273383.88,100,0,35.2218010449749,54.36942936174572,10.408769593279375
2023-08-07,SBI,42.0084,7.197,273383.88,100,0,35.2218010449749,54.36942936174572,10.408769593279375
2023-08-08,SBI,42.0059,7.168,273383.88,100,0,35.2218010449749,54.36942936174572,10.408769593279375
2023-08-09,SBI,42.0098,7.178,273383.88,100,0,35.2218010449749,54.36942936174572,10.408769593279375
2023-08-10,SBI,42.021,7.154,273383.88,100,0,35.2218010449749,54.36942936174572,10.408769593279375
2023-08-11,SBI,42.0329,7.198,273383.88,100,0,35.2218010449749,54.36942936174572,10.408769593279375
2023-08-14,SBI,42.0532,7.209,273383.88,100,0,35.2218010449749,54.36942936174572,10.408769593279375
2023-08-17,SBI,42.0378,7.25,273383.88,100,0,35.2218010449749,54.36942936174572,10.408769593279375
2023-08-18,SBI,42.0599,7.214,273383.88,100,0,35.2218010449749,54.36942936174572,10.408769593279375
2023-08-21,SBI,42.0882,7.22,273383.88,100,0,35.2218010449749,54.36942936174572,10.408769593279375
2023-08-22,SBI,42.0867,7.218,273383.88,100,0,35.2218010449749,54.36942936174572,10.408769593279375
2023-08-23,SBI,42.1067,7.194,273383.88,100,0,35.2218010449749,54.36942936174572,10.408769593279375
2023-08-24,SBI,42.1249,7.193,273383.88,100,0,35.2218010449749,54.36942936174572,10.408769593279375
2023-08-25,SBI,42.1394,7.206,273383.88,100,0,35.2218010449749,54.36942936174572,10.408769593279375
2023-08-28,SBI,42.1798,7.178,273383.88,100,0,35.2218010449749,54.36942936174572,10.408769593279375
2023-08-29,SBI,42.177,7.18,273383.88,100,0,35.2218010449749,54.36942936174572,10.408769593279375
2023-08-30,SBI,42.1837,7.185,273383.88,100,0,35.2218010449749,54.36942936174572,10.408769593279375
2023-08-31,SBI,42.1946,7.166,273383.88,100,0,35.2218010449749,54.36942936174572,10.408769593279375
2023-09-01,SBI,42.1972,7.175,271736.45,100,0,32.59691111792984,53.52357573897924,13.879513143090929
2023-09-04,SBI,42.2244,7.204,271736.45,100,0,32.59691111792984,53.52357573897924,13.879513143090929
2023-09-05,SBI,42.2335,7.206,271736.45,100,0,32.59691111792984,53.52357573897924,13.879513143090929
2023-09-06,SBI,42.2261,7.21,271736.45,100,0,32.59691111792984,53.52357573897924,13.879513143090929
2023-09-07,SBI,42.2523,7.173,271736.45,100,0,32.59691111792984,53.52357573897924,13.879513143090929
2023-09-08,SBI,42.247,7.199,271736.45,100,0,32.59691111792984,53.52357573897924,13.879513143090929
2023-09-11,SBI,42.2591,7.209,271736.45,100,0,32.59691111792984,53.52357573897924,13.879513143090929
2023-09-12,SBI,42.2534,7.203,271736.45,100,0,32.59691111792984,53.52357573897924,13.879513143090929
2023-09-13,SBI,42.2797,7.172,271736.45,100,0,32.59691111792984,53.52357573897924,13.879513143090929
2023-09-14,SBI,42.3181,7.101,271736.45,100,0,32.59691111792984,53.52357573897924,13.879513143090929
2023-09-15,SBI,42.3057,7.158,271736.45,100,0,32.59691111792984,53.52357573897924,13.879513143090929
2023-09-18,SBI,42.3292,7.149,271736.45,100,0,32.59691111792984,53.52357573897924,13.879513143090929
2023-09-20,SBI,42.3529,7.153,271736.45,100,0,32.59691111792984,53.52357573897924,13.879513143090929
2023-09-21,SBI,42.395,7.136,271736.45,100,0,32.59691111792984,53.52357573897924,13.879513143090929
2023-09-22,SBI,42.3968,7.15,271736.45,100,0,32.59691111792984,53.52357573897924,13.879513143090929
2023-09-25,SBI,42.4208,7.15,271736.45,100,0,32.59691111792984,53.52357573897924,13.879513143090929
2023-09-26,SBI,42.4219,7.146,271736.45,100,0,32.59691111792984,53.52357573897924,13.879513143090929
2023-09-27,SBI,42.4261,7.173,271736.45,100,0,32.59691111792984,53.52357573897924,13.879513143090929
2023-09-29,SBI,42.4277,7.21,271736.45,100,0,32.59691111792984,53.52357573897924,13.879513143090929
2023-10-03,SBI,42.4503,7.235,268861.24,100,0,35.78612479474548,56.137110016420365,8.076765188834154
2023-10-04,SBI,42.4549,7.238,268861.24,100,0,35.78612479474548,56.137110016420365,8.076765188834154
2023-10-05,SBI,42.4821,7.214,268861.24,100,0,35.78612479474548,56.137110016420365,8.076765188834154
2023-10-06,SBI,42.4192,7.339,268861.24,100,0,35.78612479474548,56.137110016420365,8.076765188834154
2023-10-09,SBI,42.4182,7.386,268861.24,100,0,35.78612479474548,56.137110016420365,8.076765188834154
2023-10-10,SBI,42.4421,7.351,268861.24,100,0,35.78612479474548,56.137110016420365,8.076765188834154
2023-10-11,SBI,42.4675,7.307,268861.24,100,0,35.78612479474548,56.137110016420365,8.076765188834154
2023-10-12,SBI,42.4787,7.302,268861.24,100,0,35.78612479474548,56.137110016420365,8.076765188834154
2023-10-13,SBI,42.4844,7.32,268861.24,100,0,35.78612479474548,56.137110016420365,8.076765188834154
2023-10-16,SBI,42.5052,7.333,268861.24,100,0,35.78612479474548,56.137110016420365,8.076765188834154
2023-10-17,SBI,42.5082,7.328,268861.24,100,0,35.78612479474548,56.137110016420365,8.076765188834154
2023-10-18,SBI,42.5162,7.353,268861.24,100,0,35.78612479474548,56.137110016420365,8.076765188834154
2023-10-19,SBI,42.5171,7.369,268861.24,100,0,35.78612479474548,56.137110016420365,8.076765188834154
2023-10-20,SBI,42.52,7.365,268861.24,100,0,35.78612479474548,56.137110016420365,8.076765188834154
2023-10-23,SBI,42.5361,7.382,268861.24,100,0,35.78612479474548,56.137110016420365,8.076765188834154
2023-10-25,SBI,42.5672,7.343,268861.24,100,0,35.78612479474548,56.137110016420365,8.076765188834154
2023-10-26,SBI,42.5644,7.366,268861.24,100,0,35.78612479474548,56.137110016420365,8.076765188834154
2023-10-27,SBI,42.5769,7.351,268861.24,100,0,35.78612479474548,56.137110016420365,8.076765188834154
2023-10-30,SBI,42.5952,7.369,268861.24,100,0,35.78612479474548,56.137110016420365,8.076765188834154
2023-10-31,SBI,42.607,7.351,268861.24,100,0,35.78612479474548,56.137110016420365,8.076765188834154
2023-11-01,SBI,42.5758,7.358,266121.01,100,0,36.7104183757178,56.36792452830189,6.921657095980311
2023-11-02,SBI,42.5979,7.322,266121.01,100,0,36.7104183757178,56.36792452830189,6.921657095980311
2023-11-03,SBI,42.6151,7.317,266121.01,100,0,36.7104183757178,56.36792452830189,6.921657095980311
2023-11-06,SBI,42.6384,7.305,266121.01,100,0,36.7104183757178,56.36792452830189,6.921657095980311
2023-11-07,SBI,42.6613,7.28,266121.01,100,0,36.7104183757178,56.36792452830189,6.921657095980311
2023-11-08,SBI,42.6762,7.266,266121.01,100,0,36.7104183757178,56.36792452830189,6.921657095980311
2023-11-09,SBI,42.7256,7.269,266121.01,100,0,36.7104183757178,56.36792452830189,6.921657095980311
2023-11-10,SBI,42.7253,7.3,266121.01,100,0,36.7104183757178,56.36792452830189,6.921657095980311
2023-11-13,SBI,42.7485,7.283,266121.01,100,0,36.7104183757178,56.36792452830189,6.921657095980311
2023-11-15,SBI,42.8118,7.225,266121.01,100,0,36.7104183757178,56.36792452830189,6.921657095980311
2023-11-16,SBI,42.8208,7.232,266121.01,100,0,36.7104183757178,56.36792452830189,6.921657095980311
2023-11-17,SBI,42.8328,7.212,266121.01,100,0,36.7104183757178,56.36792452830189,6.921657095980311
2023-11-20,SBI,42.8439,7.252,266121.01,100,0,36.7104183757178,56.36792452830189,6.921657095980311
2023-11-21,SBI,42.8285,7.269,266121.01,100,0,36.7104183757178,56.36792452830189,6.921657095980311
2023-11-22,SBI,42.8496,7.247,266121.01,100,0,36.7104183757178,56.36792452830189,6.921657095980311
2023-11-23,SBI,42.8526,7.253,266121.01,100,0,36.7104183757178,56.36792452830189,6.921657095980311
2023-11-24,SBI,42.832,7.272,266121.01,100,0,36.7104183757178,56.36792452830189,6.921657095980311
2023-11-28,SBI,42.8718,7.273,266121.01,100,0,36.7104183757178,56.36792452830189,6.921657095980311
2023-11-29,SBI,42.8887,7.252,266121.01,100,0,36.7104183757178,56.36792452830189,6.921657095980311
2023-11-30,SBI,42.8843,7.279,266121.01,100,0,36.7104183757178,56.36792452830189,6.921657095980311
2023-12-01,SBI,42.8873,7.29,263275.37,100,0,34.22053231939163,54.92755112526975,10.85191655533861
2023-12-04,SBI,42.9273,7.271,263275.37,100,0,34.22053231939163,54.92755112526975,10.85191655533861
2023-12-05,SBI,42.9369,7.262,263275.37,100,0,34.22053231939163,54.92755112526975,10.85191655533861
2023-12-06,SBI,42.9468,7.248,263275.37,100,0,34.22053231939163,54.92755112526975,10.85191655533861
2023-12-07,SBI,42.9582,7.236,263275.37,100,0,34.22053231939163,54.92755112526975,10.85191655533861
2023-12-08,SBI,42.9565,7.266,263275.37,100,0,34.22053231939163,54.92755112526975,10.85191655533861
2023-12-11,SBI,42.9769,7.281,263275.37,100,0,34.22053231939163,54.92755112526975,10.85191655533861
2023-12-12,SBI,42.978,7.275,263275.37,100,0,34.22053231939163,54.92755112526975,10.85191655533861
2023-12-13,SBI,42.9876,7.259,263275.37,100,0,34.22053231939163,54.92755112526975,10.85191655533861
2023-12-14,SBI,43.023,7.194,263275.37,100,0,34.22053231939163,54.92755112526975,10.85191655533861
2023-12-15,SBI,43.0652,7.163,263275.37,100,0,34.22053231939163,54.92755112526975,10.85191655533861
2023-12-18,SBI,43.0982,7.153,263275.37,100,0,34.22053231939163,54.92755112526975,10.85191655533861
2023-12-19,SBI,43.1031,7.171,263275.37,100,0,34.22053231939163,54.92755112526975,10.85191655533861
2023-12-20,SBI,43.1124,7.171,263275.37,100,0,34.22053231939163,54.92755112526975,10.85191655533861
2023-12-21,SBI,43.1193,7.184,263275.37,100,0,34.22053231939163,54.92755112526975,10.85191655533861
2023-12-22,SBI,43.1267,7.188,263275.37,100,0,34.22053231939163,54.92755112526975,10.85191655533861
2023-12-26,SBI,43.1616,7.183,263275.37,100,0,34.22053231939163,54.92755112526975,10.85191655533861
2023-12-27,SBI,43.157,7.205,263275.37,100,0,34.22053231939163,54.92755112526975,10.85191655533861
2023-12-28,SBI,43.1585,7.207,263275.37,100,0,34.22053231939163,54.92755112526975,10.85191655533861
2023-12-29,SBI,43.1884,7.176,263275.37,100,0,34.22053231939163,54.92755112526975,10.85191655533861
2024-01-01,SBI,43.2078,7.196,260127.3,100,0,32.20321301898602,58.96098476945545,8.835802211558521
2024-01-02,SBI,43.2141,7.206,260127.3,100,0,32.20321301898602,58.96098476945545,8.835802211558521
2024-01-03,SBI,43.2157,7.216,260127.3,100,0,32.20321301898602,58.96098476945545,8.835802211558521
2024-01-04,SBI,43.2166,7.22,260127.3,100,0,32.20321301898602,58.96098476945545,8.835802211558521
2024-01-05,SBI,43.2163,7.235,260127.3,100,0,32.20321301898602,58.96098476945545,8.835802211558521
2024-01-08,SBI,43.2535,7.203,260127.3,100,0,32.20321301898602,58.96098476945545,8.835802211558521
2024-01-09,SBI,43.268,7.189,260127.3,100,0,32.20321301898602,58.96098476945545,8.835802211558521
2024-01-10,SBI,43.281,7.178,260127.3,100,0,32.20321301898602,58.96098476945545,8.835802211558521
2024-01-11,SBI,43.2888,7.165,260127.3,100,0,32.20321301898602,58.96098476945545,8.835802211558521
2024-01-12,SBI,43.2989,7.178,260127.3,100,0,32.20321301898602,58.96098476945545,8.835802211558521
2024-01-15,SBI,43.3449,7.148,260127.3,100,0,32.20321301898602,58.96098476945545,8.835802211558521
2024-01-16,SBI,43.3456,7.146,260127.3,100,0,32.20321301898602,58.96098476945545,8.835802211558521
2024-01-17,SBI,43.3492,7.163,260127.3,100,0,32.20321301898602,58.96098476945545,8.835802211558521
2024-01-18,SBI,43.3426,7.178,260127.3,100,0,32.20321301898602,58.96098476945545,8.835802211558521
2024-01-19,SBI,43.3472,7.184,260127.3,100,0,32.20321301898602,58.96098476945545,8.835802211558521
2024-01-23,SBI,43.3835,7.174,260127.3,100,0,32.20321301898602,58.96098476945545,8.835802211558521
2024-01-24,SBI,43.3853,7.181,260127.3,100,0,32.20321301898602,58.96098476945545,8.835802211558521
2024-01-25,SBI,43.3848,7.171,260127.3,100,0,32.20321301898602,58.96098476945545,8.835802211558521
2024-01-29,SBI,43.4257,7.171,260127.3,100,0,32.20321301898602,58.96098476945545,8.835802211558521
2024-01-30,SBI,43.4314,7.155,260127.3,100,0,32.20321301898602,58.96098476945545,8.835802211558521
2024-01-31,SBI,43.4453,7.144,260127.3,100,0,32.20321301898602,58.96098476945545,8.835802211558521
2024-02-01,SBI,43.4948,7.064,255689.38,100,0,29.93839835728953,61.28336755646818,8.778234086242302
2024-02-02,SBI,43.5182,7.05,255689.38,100,0,29.93839835728953,61.28336755646818,8.778234086242302
2024-02-05,SBI,43.5261,7.091,255689.38,100,0,29.93839835728953,61.28336755646818,8.778234086242302
2024-02-06,SBI,43.5326,7.092,255689.38,100,0,29.93839835728953,61.28336755646818,8.778234086242302
2024-02-07,SBI,43.5457,7.074,255689.38,100,0,29.93839835728953,61.28336755646818,8.778234086242302
2024-02-08,SBI,43.5507,7.082,255689.38,100,0,29.93839835728953,61.28336755646818,8.778234086242302
2024-02-09,SBI,43.5493,7.114,255689.38,100,0,29.93839835728953,61.28336755646818,8.778234086242302
2024-02-12,SBI,43.6199,7.097,255689.38,100,0,29.93839835728953,61.28336755646818,8.778234086242302
2024-02-13,SBI,43.6282,7.097,255689.38,100,0,29.93839835728953,61.28336755646818,8.778234086242302
2024-02-14,SBI,43.6244,7.114,255689.38,100,0,29.93839835728953,61.28336755646818,8.778234086242302
2024-02-15,SBI,43.6507,7.085,255689.38,100,0,29.93839835728953,61.28336755646818,8.778234086242302
2024-02-16,SBI,43.6565,7.099,255689.38,100,0,29.93839835728953,61.28336755646818,8.778234086242302
2024-02-20,SBI,43.7014,7.062,255689.38,100,0,29.93839835728953,61.28336755646818,8.778234086242302
2024-02-21,SBI,43.7238,7.045,255689.38,100,0,29.93839835728953,61.28336755646818,8.778234086242302
2024-02-22,SBI,43.7337,7.062,255689.38,100,0,29.93839835728953,61.28336755646818,8.778234086242302
2024-02-23,SBI,43.7351,7.077,255689.38,100,0,29.93839835728953,61.28336755646818,8.778234086242302
2024-02-26,SBI,43.7679,7.063,255689.38,100,0,29.93839835728953,61.28336755646818,8.778234086242302
2024-02-27,SBI,43.7717,7.068,255689.38,100,0,29.93839835728953,61.28336755646818,8.778234086242302
2024-02-28,SBI,43.7833,7.065,255689.38,100,0,29.93839835728953,61.28336755646818,8.778234086242302
2024-02-29,SBI,43.7869,7.078,255689.38,100,0,29.93839835728953,61.28336755646818,8.778234086242302
2024-03-01,SBI,43.7992,7.06,250612.04,100,0,23.700860906544968,62.472772533969504,13.826366559485532
2024-03-04,SBI,43.8287,7.06,250612.04,100,0,23.700860906544968,62.472772533969504,13.826366559485532
2024-03-05,SBI,43.8386,7.057,250612.04,100,0,23.700860906544968,62.472772533969504,13.826366559485532
2024-03-06,SBI,43.8548,7.054,250612.04,100,0,23.700860906544968,62.472772533969504,13.826366559485532
2024-03-07,SBI,43.8727,7.031,250612.04,100,0,23.700860906544968,62.472772533969504,13.826366559485532
2024-03-11,SBI,43.9211,7.014,250612.04,100,0,23.700860906544968,62.472772533969504,13.826366559485532
2024-03-12,SBI,43.9255,7.026,250612.04,100,0,23.700860906544968,62.472772533969504,13.826366559485532
2024-03-13,SBI,43.9307,7.039,250612.04,100,0,23.700860906544968,62.472772533969504,13.826366559485532
2024-03-14,SBI,43.9329,7.041,250612.04,100,0,23.700860906544968,62.472772533969504,13.826366559485532
2024-03-15,SBI,43.94,7.062,250612.04,100,0,23.700860906544968,62.472772533969504,13.826366559485532
2024-03-18,SBI,43.9425,7.087,250612.04,100,0,23.700860906544968,62.472772533969504,13.826366559485532
2024-03-19,SBI,43.9403,7.095,250612.04,100,0,23.700860906544968,62.472772533969504,13.826366559485532
2024-03-20,SBI,43.9509,7.097,250612.04,100,0,23.700860906544968,62.472772533969504,13.826366559485532
2024-03-21,SBI,43.9751,7.05,250612.04,100,0,23.700860906544968,62.472772533969504,13.826366559485532
2024-03-22,SBI,43.972,7.087,250612.04,100,0,23.700860906544968,62.472772533969504,13.826366559485532
2024-03-26,SBI,43.9996,7.089,250612.04,100,0,23.700860906544968,62.472772533969504,13.826366559485532
2024-03-27,SBI,44.0223,7.072,250612.04,100,0,23.700860906544968,62.472772533969504,13.826366559485532
2024-03-28,SBI,44.0766,7.052,250612.04,100,0,23.700860906544968,62.472772533969504,13.826366559485532
2024-03-31,SBI,44.1012,7.052,250612.04,100,0,23.700860906544968,62.472772533969504,13.826366559485532
2024-04-02,SBI,44.0974,7.108,247864.69,100,0,23.55784061696658,62.15938303341903,14.282776349614398
2024-04-03,SBI,44.1037,7.104,247864.69,100,0,23.55784061696658,62.15938303341903,14.282776349614398
2024-04-04,SBI,44.1161,7.094,247864.69,100,0,23.55784061696658,62.15938303341903,14.282776349614398
2024-04-05,SBI,44.1241,7.117,247864.69,100,0,23.55784061696658,62.15938303341903,14.282776349614398
2024-04-08,SBI,44.1313,7.154,247864.69,100,0,23.55784061696658,62.15938303341903,14.282776349614398
2024-04-10,SBI,44.1597,7.116,247864.69,100,0,23.55784061696658,62.15938303341903,14.282776349614398
2024-04-12,SBI,44.1439,7.179,247864.69,100,0,23.55784061696658,62.15938303341903,14.282776349614398
2024-04-15,SBI,44.1709,7.175,247864.69,100,0,23.55784061696658,62.15938303341903,14.282776349614398
2024-04-16,SBI,44.1756,7.193,247864.69,100,0,23.55784061696658,62.15938303341903,14.282776349614398
2024-04-18,SBI,44.1877,7.18,247864.69,100,0,23.55784061696658,62.15938303341903,14.282776349614398
2024-04-19,SBI,44.1706,7.225,247864.69,100,0,23.55784061696658,62.15938303341903,14.282776349614398
2024-04-22,SBI,44.2173,7.192,247864.69,100,0,23.55784061696658,62.15938303341903,14.282776349614398
2024-04-23,SBI,44.2328,7.167,247864.69,100,0,23.55784061696658,62.15938303341903,14.282776349614398
2024-04-24,SBI,44.2306,7.186,247864.69,100,0,23.55784061696658,62.15938303341903,14.282776349614398
2024-04-25,SBI,44.2354,7.204,247864.69,100,0,23.55784061696658,62.15938303341903,14.282776349614398
2024-04-26,SBI,44.2443,7.199,247864.69,100,0,23.55784061696658,62.15938303341903,14.282776349614398
2024-04-29,SBI,44.2703,7.196,247864.69,100,0,23.55784061696658,62.15938303341903,14.282776349614398
2024-04-30,SBI,44.2723,7.195,247864.69,100,0,23.55784061696658,62.15938303341903,14.282776349614398
2024-05-02,SBI,44.3031,7.162,246393.03,100,0,26.08829253303288,60.87268257707672,13.039024889890404
2024-05-03,SBI,44.3233,7.149,246393.03,100,0,26.08829253303288,60.87268257707672,13.039024889890404
2024-05-06,SBI,44.3751,7.108,246393.03,100,0,26.08829253303288,60.87268257707672,13.039024889890404
2024-05-07,SBI,44.3804,7.129,246393.03,100,0,26.08829253303288,60.87268257707672,13.039024889890404
2024-05-08,SBI,44.3902,7.138,246393.03,100,0,26.08829253303288,60.87268257707672,13.039024889890404
2024-05-09,SBI,44.3941,7.135,246393.03,100,0,26.08829253303288,60.87268257707672,13.039024889890404
2024-05-10,SBI,44.4077,7.127,246393.03,100,0,26.08829253303288,60.87268257707672,13.039024889890404
2024-05-13,SBI,44.4398,7.116,246393.03,100,0,26.08829253303288,60.87268257707672,13.039024889890404
2024-05-14,SBI,44.4619,7.109,246393.03,100,0,26.08829253303288,60.87268257707672,13.039024889890404
2024-05-15,SBI,44.4822,7.086,246393.03,100,0,26.08829253303288,60.87268257707672,13.039024889890404
2024-05-16,SBI,44.5012,7.076,246393.03,100,0,26.08829253303288,60.87268257707672,13.039024889890404
2024-05-17,SBI,44.4992,7.095,246393.03,100,0,26.08829253303288,60.87268257707672,13.039024889890404
2024-05-21,SBI,44.5432,7.078,246393.03,100,0,26.08829253303288,60.87268257707672,13.039024889890404
2024-05-22,SBI,44.5717,6.997,246393.03,100,0,26.08829253303288,60.87268257707672,13.039024889890404
2024-05-24,SBI,44.7515,6.998,246393.03,100,0,26.08829253303288,60.87268257707672,13.039024889890404
2024-05-27,SBI,44.7848,6.981,246393.03,100,0,26.08829253303288,60.87268257707672,13.039024889890404
2024-05-28,SBI,44.7804,6.995,246393.03,100,0,26.08829253303288,60.87268257707672,13.039024889890404
2024-05-29,SBI,44.7846,7.008,246393.03,100,0,26.08829253303288,60.87268257707672,13.039024889890404
2024-05-30,SBI,44.7904,7.003,246393.03,100,0,26.08829253303288,60.87268257707672,13.039024889890404
2024-05-31,SBI,44.8044,6.986,246393.03,100,0,26.08829253303288,60.87268257707672,13.039024889890404
2024-06-03,SBI,44.6512,6.947,243386.31,100,0,19.717300010242752,66.51643961896957,13.766260370787666
2024-06-04,SBI,44.5792,7.033,243386.31,100,0,19.717300010242752,66.51643961896957,13.766260370787666
2024-06-05,SBI,44.6088,7.026,243386.31,100,0,19.717300010242752,66.51643961896957,13.766260370787666
2024-06-06,SBI,44.6315,7.015,243386.31,100,0,19.717300010242752,66.51643961896957,13.766260370787666
2024-06-07,SBI,44.6429,7.018,243386.31,100,0,19.717300010242752,66.51643961896957,13.766260370787666
2024-06-10,SBI,44.8688,7.032,243386.31,100,0,19.717300010242752,66.51643961896957,13.766260370787666
2024-06-11,SBI,44.8901,7.014,243386.31,100,0,19.717300010242752,66.51643961896957,13.766260370787666
2024-06-12,SBI,44.8978,7.012,243386.31,100,0,19.717300010242752,66.51643961896957,13.766260370787666
2024-06-13,SBI,44.9259,6.986,243386.31,100,0,19.717300010242752,66.51643961896957,13.766260370787666
2024-06-14,SBI,44.9363,6.984,243386.31,100,0,19.717300010242752,66.51643961896957,13.766260370787666
2024-06-18,SBI,44.9727,6.981,243386.31,100,0,19.717300010242752,66.51643961896957,13.766260370787666
2024-06-19,SBI,44.9894,6.974,243386.31,100,0,19.717300010242752,66.51643961896957,13.766260370787666
2024-06-20,SBI,44.9972,6.976,243386.31,100,0,19.717300010242752,66.51643961896957,13.766260370787666
2024-06-21,SBI,45.0164,6.973,243386.31,100,0,19.717300010242752,66.51643961896957,13.766260370787666
2024-06-24,SBI,45.0479,6.971,243386.31,100,0,19.717300010242752,66.51643961896957,13.766260370787666
2024-06-25,SBI,45.0623,6.983,243386.31,100,0,19.717300010242752,66.51643961896957,13.766260370787666
2024-06-26,SBI,45.0606,6.997,243386.31,100,0,19.717300010242752,66.51643961896957,13.766260370787666
2024-06-27,SBI,45.0672,7.0,243386.31,100,0,19.717300010242752,66.51643961896957,13.766260370787666
2024-06-28,SBI,45.0774,7.008,243386.31,100,0,19.717300010242752,66.51643961896957,13.766260370787666
2024-06-30,SBI,45.0949,7.008,243386.31,100,0,19.717300010242752,66.51643961896957,13.766260370787666
2024-07-01,SBI,45.098,7.013,240155.14,100,0,22.36165398066241,64.31804155523554,13.320304464102032
2024-07-02,SBI,45.1143,7.009,240155.14,100,0,22.36165398066241,64.31804155523554,13.320304464102032
2024-07-03,SBI,45.1275,7.001,240155.14,100,0,22.36165398066241,64.31804155523554,13.320304464102032
2024-07-04,SBI,45.1333,6.998,240155.14,100,0,22.36165398066241,64.31804155523554,13.320304464102032
2024-07-05,SBI,45.1445,6.993,240155.14,100,0,22.36165398066241,64.31804155523554,13.320304464102032
2024-07-08,SBI,45.1769,6.989,240155.14,100,0,22.36165398066241,64.31804155523554,13.320304464102032
2024-07-09,SBI,45.1864,6.989,240155.14,100,0,22.36165398066241,64.31804155523554,13.320304464102032
2024-07-10,SBI,45.1975,6.976,240155.14,100,0,22.36165398066241,64.31804155523554,13.320304464102032
2024-07-11,SBI,45.2076,6.982,240155.14,100,0,22.36165398066241,64.31804155523554,13.320304464102032
2024-07-12,SBI,45.2148,6.986,240155.14,100,0,22.36165398066241,64.31804155523554,13.320304464102032
2024-07-15,SBI,45.2461,6.981,240155.14,100,0,22.36165398066241,64.31804155523554,13.320304464102032
2024-07-16,SBI,45.2751,6.966,240155.14,100,0,22.36165398066241,64.31804155523554,13.320304464102032
2024-07-18,SBI,45.2884,6.966,240155.14,100,0,22.36165398066241,64.31804155523554,13.320304464102032
2024-07-19,SBI,45.306,6.965,240155.14,100,0,22.36165398066241,64.31804155523554,13.320304464102032
2024-07-22,SBI,45.3352,6.967,240155.14,100,0,22.36165398066241,64.31804155523554,13.320304464102032
2024-07-23,SBI,45.3399,6.97,240155.14,100,0,22.36165398066241,64.31804155523554,13.320304464102032
2024-07-24,SBI,45.3554,6.964,240155.14,100,0,22.36165398066241,64.31804155523554,13.320304464102032
2024-07-25,SBI,45.3722,6.952,240155.14,100,0,22.36165398066241,64.31804155523554,13.320304464102032
2024-07-26,SBI,45.3873,6.94,240155.14,100,0,22.36165398066241,64.31804155523554,13.320304464102032
2024-07-29,SBI,45.4173,6.919,240155.14,100,0,22.36165398066241,64.31804155523554,13.320304464102032
2024-07-30,SBI,45.4178,6.931,240155.14,100,0,22.36165398066241,64.31804155523554,13.320304464102032
2024-07-31,SBI,45.4287,6.924,240155.14,100,0,22.36165398066241,64.31804155523554,13.320304464102032
2024-08-01,SBI,45.4421,6.916,237034.1,100,0,21.45123324122403,59.84034387473135,18.708422884044623
2024-08-02,SBI,45.4593,6.9,237034.1,100,0,21.45123324122403,59.84034387473135,18.708422884044623
2024-08-05,SBI,45.5159,6.86,237034.1,100,0,21.45123324122403,59.84034387473135,18.708422884044623
2024-08-06,SBI,45.513,6.872,237034.1,100,0,21.45123324122403,59.84034387473135,18.708422884044623
2024-08-07,SBI,45.526,6.862,237034.1,100,0,21.45123324122403,59.84034387473135,18.708422884044623
2024-08-08,SBI,45.5248,6.877,237034.1,100,0,21.45123324122403,59.84034387473135,18.708422884044623
2024-08-09,SBI,45.5812,6.88,237034.1,100,0,21.45123324122403,59.84034387473135,18.708422884044623
2024-08-12,SBI,45.6066,6.879,237034.1,100,0,21.45123324122403,59.84034387473135,18.708422884044623
2024-08-13,SBI,45.6138,6.88,237034.1,100,0,21.45123324122403,59.84034387473135,18.708422884044623
2024-08-14,SBI,45.631,6.858,237034.1,100,0,21.45123324122403,59.84034387473135,18.708422884044623
2024-08-16,SBI,45.6386,6.867,237034.1,100,0,21.45123324122403,59.84034387473135,18.708422884044623
2024-08-19,SBI,45.6688,6.864,237034.1,100,0,21.45123324122403,59.84034387473135,18.708422884044623
2024-08-20,SBI,45.6828,6.856,237034.1,100,0,21.45123324122403,59.84034387473135,18.708422884044623
2024-08-21,SBI,45.6894,6.853,237034.1,100,0,21.45123324122403,59.84034387473135,18.708422884044623
2024-08-22,SBI,45.7013,6.852,237034.1,100,0,21.45123324122403,59.84034387473135,18.708422884044623
2024-08-23,SBI,45.7064,6.859,237034.1,100,0,21.45123324122403,59.84034387473135,18.708422884044623
2024-08-26,SBI,45.7337,6.851,237034.1,100,0,21.45123324122403,59.84034387473135,18.708422884044623
2024-08-27,SBI,45.7413,6.861,237034.1,100,0,21.45123324122403,59.84034387473135,18.708422884044623
2024-08-28,SBI,45.7498,6.861,237034.1,100,0,21.45123324122403,59.84034387473135,18.708422884044623
2024-08-29,SBI,45.7534,6.864,237034.1,100,0,21.45123324122403,59.84034387473135,18.708422884044623
2024-08-30,SBI,45.7575,6.863,237034.1,100,0,21.45123324122403,59.84034387473135,18.708422884044623
2024-08-31,SBI,45.7662,6.863,237034.1,100,0,21.45123324122403,59.84034387473135,18.708422884044623
2024-09-02,SBI,45.7765,6.876,234479.68,100,0,14.35653790539145,71.62776285891344,14.015699235695106
2024-09-03,SBI,45.7855,6.87,234479.68,100,0,14.35653790539145,71.62776285891344,14.015699235695106
2024-09-04,SBI,45.8019,6.859,234479.68,100,0,14.35653790539145,71.62776285891344,14.015699235695106
2024-09-05,SBI,45.8094,6.855,234479.68,100,0,14.35653790539145,71.62776285891344,14.015699235695106
2024-09-06,SBI,45.8213,6.854,234479.68,100,0,14.35653790539145,71.62776285891344,14.015699235695106
2024-09-09,SBI,45.8457,6.854,234479.68,100,0,14.35653790539145,71.62776285891344,14.015699235695106
2024-09-10,SBI,45.8512,6.851,234479.68,100,0,14.35653790539145,71.62776285891344,14.015699235695106
2024-09-11,SBI,45.8726,6.83,234479.68,100,0,14.35653790539145,71.62776285891344,14.015699235695106
2024-09-12,SBI,45.8901,6.811,234479.68,100,0,14.35653790539145,71.62776285891344,14.015699235695106
2024-09-13,SBI,45.9205,6.792,234479.68,100,0,14.35653790539145,71.62776285891344,14.015699235695106
2024-09-16,SBI,45.9644,6.762,234479.68,100,0,14.35653790539145,71.62776285891344,14.015699235695106
2024-09-17,SBI,45.965,6.779,234479.68,100,0,14.35653790539145,71.62776285891344,14.015699235695106
2024-09-19,SBI,45.942,6.758,234479.68,100,0,14.35653790539145,71.62776285891344,14.015699235695106
2024-09-20,SBI,45.9674,6.761,234479.68,100,0,14.35653790539145,71.62776285891344,14.015699235695106
2024-09-23,SBI,45.9807,6.767,234479.68,100,0,14.35653790539145,71.62776285891344,14.015699235695106
2024-09-24,SBI,45.981,6.761,234479.68,100,0,14.35653790539145,71.62776285891344,14.015699235695106
2024-09-25,SBI,45.9991,6.738,234479.68,100,0,14.35653790539145,71.62776285891344,14.015699235695106
2024-09-26,SBI,46.0235,6.718,234479.68,100,0,14.35653790539145,71.62776285891344,14.015699235695106
2024-09-27,SBI,46.0098,6.759,234479.68,100,0,14.35653790539145,71.62776285891344,14.015699235695106
2024-09-30,SBI,46.0663,6.75,234479.68,100,0,14.35653790539145,71.62776285891344,14.015699235695106
2024-10-01,SBI,46.0927,6.732,231136.4,100,0,14.331047190091104,65.01177193162044,20.657180878288464
2024-10-03,SBI,46.0862,6.777,231136.4,100,0,14.331047190091104,65.01177193162044,20.657180878288464
2024-10-04,SBI,46.063,6.829,231136.4,100,0,14.331047190091104,65.01177193162044,20.657180878288464
2024-10-07,SBI,46.0714,6.846,231136.4,100,0,14.331047190091104,65.01177193162044,20.657180878288464
2024-10-08,SBI,46.1003,6.806,231136.4,100,0,14.331047190091104,65.01177193162044,20.657180878288464
2024-10-09,SBI,46.1475,6.766,231136.4,100,0,14.331047190091104,65.01177193162044,20.657180878288464
2024-10-10,SBI,46.1581,6.776,231136.4,100,0,14.331047190091104,65.01177193162044,20.657180878288464
2024-10-11,SBI,46.1736,6.788,231136.4,100,0,14.331047190091104,65.01177193162044,20.657180878288464
2024-10-14,SBI,46.209,6.782,231136.4,100,0,14.331047190091104,65.01177193162044,20.657180878288464
2024-10-15,SBI,46.2283,6.769,231136.4,100,0,14.331047190091104,65.01177193162044,20.657180878288464
2024-10-16,SBI,46.2317,6.773,231136.4,100,0,14.331047190091104,65.01177193162044,20.657180878288464
2024-10-17,SBI,46.2281,6.784,231136.4,100,0,14.331047190091104,65.01177193162044,20.657180878288464
2024-10-18,SBI,46.2216,6.809,231136.4,100,0,14.331047190091104,65.01177193162044,20.657180878288464
2024-10-21,SBI,46.2307,6.837,231136.4,100,0,14.331047190091104,65.01177193162044,20.657180878288464
2024-10-22,SBI,46.2323,6.832,231136.4,100,0,14.331047190091104,65.01177193162044,20.657180878288464
2024-10-23,SBI,46.2589,6.818,231136.4,100,0,14.331047190091104,65.01177193162044,20.657180878288464
2024-10-24,SBI,46.2761,6.822,231136.4,100,0,14.331047190091104,65.01177193162044,20.657180878288464
2024-10-25,SBI,46.2785,6.845,231136.4,100,0,14.331047190091104,65.01177193162044,20.657180878288464
2024-10-28,SBI,46.2936,6.861,231136.4,100,0,14.331047190091104,65.01177193162044,20.657180878288464
2024-10-29,SBI,46.3291,6.847,231136.4,100,0,14.331047190091104,65.01177193162044,20.657180878288464
2024-10-30,SBI,46.3432,6.827,231136.4,100,0,14.331047190091104,65.01177193162044,20.657180878288464
2024-10-31,SBI,46.3719,6.841,231136.4,100,0,14.331047190091104,65.01177193162044,20.657180878288464
2024-11-04,SBI,46.3862,6.797,228916.18,100,0,14.523247459714666,66.73509186082315,18.74166067946218
2024-11-05,SBI,46.3898,6.799,228916.18,100,0,14.523247459714666,66.73509186082315,18.74166067946218
2024-11-06,SBI,46.3963,6.798,228916.18,100,0,14.523247459714666,66.73509186082315,18.74166067946218
2024-11-07,SBI,46.4109,6.796,228916.18,100,0,14.523247459714666,66.73509186082315,18.74166067946218
2024-11-08,SBI,46.4724,6.774,228916.18,100,0,14.523247459714666,66.73509186082315,18.74166067946218
2024-11-11,SBI,46.494,6.785,228916.18,100,0,14.523247459714666,66.73509186082315,18.74166067946218
2024-11-12,SBI,46.4994,6.795,228916.18,100,0,14.523247459714666,66.73509186082315,18.74166067946218
2024-11-13,SBI,46.4995,6.804,228916.18,100,0,14.523247459714666,66.73509186082315,18.74166067946218
2024-11-14,SBI,46.4915,6.827,228916.18,100,0,14.523247459714666,66.73509186082315,18.74166067946218
2024-11-18,SBI,46.5329,6.821,228916.18,100,0,14.523247459714666,66.73509186082315,18.74166067946218
2024-11-19,SBI,46.5458,6.811,228916.18,100,0,14.523247459714666,66.73509186082315,18.74166067946218
2024-11-21,SBI,46.559,6.831,228916.18,100,0,14.523247459714666,66.73509186082315,18.74166067946218
2024-11-22,SBI,46.5744,6.85,228916.18,100,0,14.523247459714666,66.73509186082315,18.74166067946218
2024-11-25,SBI,46.6128,6.822,228916.18,100,0,14.523247459714666,66.73509186082315,18.74166067946218
2024-11-26,SBI,46.6175,6.827,228916.18,100,0,14.523247459714666,66.73509186082315,18.74166067946218
2024-11-27,SBI,46.6269,6.812,228916.18,100,0,14.523247459714666,66.73509186082315,18.74166067946218
2024-11-28,SBI,46.635,6.805,228916.18,100,0,14.523247459714666,66.73509186082315,18.74166067946218
2024-11-29,SBI,46.6814,6.751,228916.18,100,0,14.523247459714666,66.73509186082315,18.74166067946218
2024-11-30,SBI,46.69,6.751,228916.18,100,0,14.523247459714666,66.73509186082315,18.74166067946218
2024-12-02,SBI,46.7413,6.71,227819.65,100,0,15.266783180836846,62.1363215791097,22.596895240053463
2024-12-03,SBI,46.7496,6.714,227819.65,100,0,15.266783180836846,62.1363215791097,22.596895240053463
2024-12-04,SBI,46.7845,6.686,227819.65,100,0,15.266783180836846,62.1363215791097,22.596895240053463
2024-12-05,SBI,46.7959,6.68,227819.65,100,0,15.266783180836846,62.1363215791097,22.596895240053463
2024-12-06,SBI,46.7703,6.74,227819.65,100,0,15.266783180836846,62.1363215791097,22.596895240053463
2024-12-09,SBI,46.8042,6.717,227819.65,100,0,15.266783180836846,62.1363215791097,22.596895240053463
2024-12-10,SBI,46.8193,6.705,227819.65,100,0,15.266783180836846,62.1363215791097,22.596895240053463
2024-12-11,SBI,46.8206,6.718,227819.65,100,0,15.266783180836846,62.1363215791097,22.596895240053463
2024-12-12,SBI,46.8179,6.736,227819.65,100,0,15.266783180836846,62.1363215791097,22.596895240053463
2024-12-13,SBI,46.8292,6.729,227819.65,100,0,15.266783180836846,62.1363215791097,22.596895240053463
2024-12-16,SBI,46.8587,6.741,227819.65,100,0,15.266783180836846,62.1363215791097,22.596895240053463
2024-12-17,SBI,46.8592,6.759,227819.65,100,0,15.266783180836846,62.1363215791097,22.596895240053463
2024-12-18,SBI,46.8698,6.751,227819.65,100,0,15.266783180836846,62.1363215791097,22.596895240053463
2024-12-19,SBI,46.8413,6.787,227819.65,100,0,15.266783180836846,62.1363215791097,22.596895240053463
2024-12-20,SBI,46.8716,6.791,227819.65,100,0,15.266783180836846,62.1363215791097,22.596895240053463
2024-12-23,SBI,46.9007,6.776,227819.65,100,0,15.266783180836846,62.1363215791097,22.596895240053463
2024-12-24,SBI,46.9038,6.776,227819.65,100,0,15.266783180836846,62.1363215791097,22.596895240053463
2024-12-26,SBI,46.899,6.784,227819.65,100,0,15.266783180836846,62.1363215791097,22.596895240053463
2024-12-27,SBI,46.9244,6.787,227819.65,100,0,15.266783180836846,62.1363215791097,22.596895240053463
2024-12-30,SBI,46.9582,6.775,227819.65,100,0,15.266783180836846,62.1363215791097,22.596895240053463
2024-12-31,SBI,46.9876,6.759,227819.65,100,0,15.266783180836846,62.1363215791097,22.596895240053463
2025-01-01,SBI,46.9889,6.779,226645.65,100,0,15.441860465116278,61.67441860465116,22.88372093023256
2025-01-02,SBI,46.9988,6.787,226645.65,100,0,15.441860465116278,61.67441860465116,22.88372093023256
2025-01-03,SBI,47.0092,6.779,226645.65,100,0,15.441860465116278,61.67441860465116,22.88372093023256
2025-01-06,SBI,47.0404,6.763,226645.65,100,0,15.441860465116278,61.67441860465116,22.88372093023256
2025-01-07,SBI,47.063,6.746,226645.65,100,0,15.441860465116278,61.67441860465116,22.88372093023256
2025-01-08,SBI,47.058,6.767,226645.65,100,0,15.441860465116278,61.67441860465116,22.88372093023256
2025-01-09,SBI,47.0565,6.764,226645.65,100,0,15.441860465116278,61.67441860465116,22.88372093023256
2025-01-10,SBI,47.0663,6.769,226645.65,100,0,15.441860465116278,61.67441860465116,22.88372093023256
2025-01-13,SBI,47.0387,6.843,226645.65,100,0,15.441860465116278,61.67441860465116,22.88372093023256
2025-01-14,SBI,47.0503,6.829,226645.65,100,0,15.441860465116278,61.67441860465116,22.88372093023256
2025-01-15,SBI,47.0657,6.813,226645.65,100,0,15.441860465116278,61.67441860465116,22.88372093023256
2025-01-16,SBI,47.1082,6.754,226645.65,100,0,15.441860465116278,61.67441860465116,22.88372093023256
2025-01-17,SBI,47.1258,6.774,226645.65,100,0,15.441860465116278,61.67441860465116,22.88372093023256
2025-01-20,SBI,47.1571,6.763,226645.65,100,0,15.441860465116278,61.67441860465116,22.88372093023256
2025-01-21,SBI,47.1865,6.734,226645.65,100,0,15.441860465116278,61.67441860465116,22.88372093023256
2025-01-22,SBI,47.2061,6.719,226645.65,100,0,15.441860465116278,61.67441860465116,22.88372093023256
2025-01-23,SBI,47.2101,6.736,226645.65,100,0,15.441860465116278,61.67441860465116,22.88372093023256
2025-01-24,SBI,47.2308,6.72,226645.65,100,0,15.441860465116278,61.67441860465116,22.88372093023256
2025-01-27,SBI,47.2884,6.675,226645.65,100,0,15.441860465116278,61.67441860465116,22.88372093023256
2025-01-28,SBI,47.2895,6.681,226645.65,100,0,15.441860465116278,61.67441860465116,22.88372093023256
2025-01-29,SBI,47.2916,6.683,226645.65,100,0,15.441860465116278,61.67441860465116,22.88372093023256
2025-01-30,SBI,47.3049,6.678,226645.65,100,0,15.441860465116278,61.67441860465116,22.88372093023256
2025-01-31,SBI,47.3082,6.694,226645.65,100,0,15.441860465116278,61.67441860465116,22.88372093023256
2025-02-03,SBI,47.3515,6.67,225928.92,100,0,15.386996904024766,60.12383900928791,24.489164086687303
2025-02-04,SBI,47.3954,6.672,225928.92,100,0,15.386996904024766,60.12383900928791,24.489164086687303
2025-02-05,SBI,47.4213,6.664,225928.92,100,0,15.386996904024766,60.12383900928791,24.489164086687303
2025-02-06,SBI,47.4382,6.657,225928.92,100,0,15.386996904024766,60.12383900928791,24.489164086687303
2025-02-07,SBI,47.411,6.699,225928.92,100,0,15.386996904024766,60.12383900928791,24.489164086687303
2025-02-10,SBI,47.4182,6.713,225928.92,100,0,15.386996904024766,60.12383900928791,24.489164086687303
2025-02-11,SBI,47.432,6.697,225928.92,100,0,15.386996904024766,60.12383900928791,24.489164086687303
2025-02-12,SBI,47.4395,6.697,225928.92,100,0,15.386996904024766,60.12383900928791,24.489164086687303
2025-02-13,SBI,47.4622,6.712,225928.92,100,0,15.386996904024766,60.12383900928791,24.489164086687303
2025-02-14,SBI,47.4729,6.705,225928.92,100,0,15.386996904024766,60.12383900928791,24.489164086687303
2025-02-17,SBI,47.5025,6.692,225928.92,100,0,15.386996904024766,60.12383900928791,24.489164086687303
2025-02-18,SBI,47.5101,6.682,225928.92,100,0,15.386996904024766,60.12383900928791,24.489164086687303
2025-02-20,SBI,47.5217,6.703,225928.92,100,0,15.386996904024766,60.12383900928791,24.489164086687303
2025-02-21,SBI,47.5378,6.708,225928.92,100,0,15.386996904024766,60.12383900928791,24.489164086687303
2025-02-24,SBI,47.5677,6.7,225928.92,100,0,15.386996904024766,60.12383900928791,24.489164086687303
2025-02-25,SBI,47.5358,6.706,225928.92,100,0,15.386996904024766,60.12383900928791,24.489164086687303
2025-02-27,SBI,47.5396,6.71,225928.92,100,0,15.386996904024766,60.12383900928791,24.489164086687303
2025-02-28,SBI,47.5316,6.72,225928.92,100,0,15.386996904024766,60.12383900928791,24.489164086687303
2025-03-03,SBI,47.5559,6.73,225482.95,100,0,15.394126738794435,63.28696548171047,21.31890777949511
2025-03-04,SBI,47.5588,6.74,225482.95,100,0,15.394126738794435,63.28696548171047,21.31890777949511
2025-03-05,SBI,47.5684,6.71,225482.95,100,0,15.394126738794435,63.28696548171047,21.31890777949511
2025-03-06,SBI,47.6016,6.68,225482.95,100,0,15.394126738794435,63.28696548171047,21.31890777949511
2025-03-07,SBI,47.6069,6.68,225482.95,100,0,15.394126738794435,63.28696548171047,21.31890777949511
2025-03-10,SBI,47.6279,6.7,225482.95,100,0,15.394126738794435,63.28696548171047,21.31890777949511
2025-03-11,SBI,47.6428,6.69,225482.95,100,0,15.394126738794435,63.28696548171047,21.31890777949511
2025-03-12,SBI,47.674,6.68,225482.95,100,0,15.394126738794435,63.28696548171047,21.31890777949511
2025-03-13,SBI,47.6844,6.69,225482.95,100,0,15.394126738794435,63.28696548171047,21.31890777949511
2025-03-17,SBI,47.7563,6.69,225482.95,100,0,15.394126738794435,63.28696548171047,21.31890777949511
2025-03-18,SBI,47.779,6.67,225482.95,100,0,15.394126738794435,63.28696548171047,21.31890777949511
2025-03-19,SBI,47.8178,6.66,225482.95,100,0,15.394126738794435,63.28696548171047,21.31890777949511
2025-03-20,SBI,47.8407,6.64,225482.95,100,0,15.394126738794435,63.28696548171047,21.31890777949511
2025-03-21,SBI,47.8666,6.62,225482.95,100,0,15.394126738794435,63.28696548171047,21.31890777949511
2025-03-24,SBI,47.9056,6.62,225482.95,100,0,15.394126738794435,63.28696548171047,21.31890777949511
2025-03-25,SBI,47.9076,6.63,225482.95,100,0,15.394126738794435,63.28696548171047,21.31890777949511
2025-03-26,SBI,47.9903,6.6,225482.95,100,0,15.394126738794435,63.28696548171047,21.31890777949511
2025-03-27,SBI,48.0291,6.59,225482.95,100,0,15.394126738794435,63.28696548171047,21.31890777949511
2025-03-28,SBI,48.0875,6.58,225482.95,100,0,15.394126738794435,63.28696548171047,21.31890777949511
2025-03-31,SBI,48.114,6.58,225482.95,100,0,15.394126738794435,63.28696548171047,21.31890777949511
2025-04-02,SBI,48.2605,6.48,224789.33,100,0,15.668580803937656,62.59228876127974,21.739130434782613
2025-04-03,SBI,48.2813,6.5,224789.33,100,0,15.668580803937656,62.59228876127974,21.739130434782613
2025-04-04,SBI,48.3095,6.46,224789.33,100,0,15.668580803937656,62.59228876127974,21.739130434782613
2025-04-07,SBI,48.3264,6.48,224789.33,100,0,15.668580803937656,62.59228876127974,21.739130434782613
2025-04-08,SBI,48.3363,6.47,224789.33,100,0,15.668580803937656,62.59228876127974,21.739130434782613
2025-04-09,SBI,48.3716,6.44,224789.33,100,0,15.668580803937656,62.59228876127974,21.739130434782613
2025-04-11,SBI,48.4068,6.44,224789.33,100,0,15.668580803937656,62.59228876127974,21.739130434782613
2025-04-15,SBI,48.4581,6.41,224789.33,100,0,15.668580803937656,62.59228876127974,21.739130434782613
2025-04-16,SBI,48.4874,6.39,224789.33,100,0,15.668580803937656,62.59228876127974,21.739130434782613
2025-04-17,SBI,48.5192,6.37,224789.33,100,0,15.668580803937656,62.59228876127974,21.739130434782613
2025-04-21,SBI,48.6002,6.32,224789.33,100,0,15.668580803937656,62.59228876127974,21.739130434782613
2025-04-22,SBI,48.624,6.32,224789.33,100,0,15.668580803937656,62.59228876127974,21.739130434782613
2025-04-23,SBI,48.64,6.33,224789.33,100,0,15.668580803937656,62.59228876127974,21.739130434782613
2025-04-24,SBI,48.6498,6.32,224789.33,100,0,15.668580803937656,62.59228876127974,21.739130434782613
2025-04-25,SBI,48.6332,6.36,224789.33,100,0,15.668580803937656,62.59228876127974,21.739130434782613
2025-04-28,SBI,48.6534,6.342,224789.33,100,0,15.668580803937656,62.59228876127974,21.739130434782613
2025-04-29,SBI,48.6921,6.358,224789.33,100,0,15.668580803937656,62.59228876127974,21.739130434782613
2025-04-30,SBI,48.6943,6.358,224789.33,100,0,15.668580803937656,62.59228876127974,21.739130434782613
2025-05-02,SBI,48.7133,6.358,224477.98,100,0,15.721015977058585,59.13560016386728,25.143383859074152
2025-05-05,SBI,48.7657,6.35,224477.98,100,0,15.721015977058585,59.13560016386728,25.143383859074152
2025-05-06,SBI,48.6928,6.337,224477.98,100,0,15.721015977058585,59.13560016386728,25.143383859074152
2025-05-07,SBI,48.7055,6.395,224477.98,100,0,15.721015977058585,59.13560016386728,25.143383859074152
2025-05-08,SBI,48.6457,6.377,224477.98,100,0,15.721015977058585,59.13560016386728,25.143383859074152
2025-05-09,SBI,48.6367,6.377,224477.98,100,0,15.721015977058585,59.13560016386728,25.143383859074152
2025-05-13,SBI,48.7469,6.242,224477.98,100,0,15.721015977058585,59.13560016386728,25.143383859074152
2025-05-14,SBI,48.803,6.231,224477.98,100,0,15.721015977058585,59.13560016386728,25.143383859074152
2025-05-15,SBI,48.8494,6.22,224477.98,100,0,15.721015977058585,59.13560016386728,25.143383859074152
2025-05-16,SBI,48.898,6.22,224477.98,100,0,15.721015977058585,59.13560016386728,25.143383859074152
2025-05-19,SBI,48.9274,6.23,224477.98,100,0,15.721015977058585,59.13560016386728,25.143383859074152
2025-05-20,SBI,48.9548,6.22,224477.98,100,0,15.721015977058585,59.13560016386728,25.143383859074152
2025-05-21,SBI,49.0031,6.19,224477.98,100,0,15.721015977058585,59.13560016386728,25.143383859074152
2025-05-22,SBI,48.9895,6.21,224477.98,100,0,15.721015977058585,59.13560016386728,25.143383859074152
2025-05-23,SBI,49.0134,6.21,224477.98,100,0,15.721015977058585,59.13560016386728,25.143383859074152
2025-05-26,SBI,49.0435,6.2,224477.98,100,0,15.721015977058585,59.13560016386728,25.143383859074152
2025-05-27,SBI,49.0523,6.2,224477.98,100,0,15.721015977058585,59.13560016386728,25.143383859074152
2025-05-28,SBI,49.0736,6.16,224477.98,100,0,15.721015977058585,59.13560016386728,25.143383859074152
2025-05-29,SBI,49.0783,6.18,224477.98,100,0,15.721015977058585,59.13560016386728,25.143383859074152
2025-05-30,SBI,49.0622,6.2,224477.98,100,0,15.721015977058585,59.13560016386728,25.143383859074152
2025-05-31,SBI,49.0709,6.2,224477.98,100,0,15.721015977058585,59.13560016386728,25.143383859074152
2025-06-02,SBI,49.1286,6.22,223576.02,100,0,15.452876376988987,58.27213382292943,26.2749898000816
2025-06-03,SBI,49.143,6.2,223576.02,100,0,15.452876376988987,58.27213382292943,26.2749898000816
2025-06-04,SBI,49.1561,6.21,223576.02,100,0,15.452876376988987,58.27213382292943,26.2749898000816
2025-06-05,SBI,49.2462,6.18,223576.02,100,0,15.452876376988987,58.27213382292943,26.2749898000816
2025-06-06,SBI,49.3078,6.23,223576.02,100,0,15.452876376988987,58.27213382292943,26.2749898000816
2025-06-09,SBI,49.268,6.27,223576.02,100,0,15.452876376988987,58.27213382292943,26.2749898000816
2025-06-10,SBI,49.2306,6.28,223576.02,100,0,15.452876376988987,58.27213382292943,26.2749898000816
2025-06-11,SBI,49.2028,6.29,223576.02,100,0,15.452876376988987,58.27213382292943,26.2749898000816
2025-06-12,SBI,49.1913,6.28,223576.02,100,0,15.452876376988987,58.27213382292943,26.2749898000816
2025-06-13,SBI,49.1832,6.29,223576.02,100,0,15.452876376988987,58.27213382292943,26.2749898000816
2025-06-16,SBI,49.237,6.26,223576.02,100,0,15.452876376988987,58.27213382292943,26.2749898000816
2025-06-17,SBI,49.2589,6.25,223576.02,100,0,15.452876376988987,58.27213382292943,26.2749898000816
2025-06-18,SBI,49.2708,6.25,223576.02,100,0,15.452876376988987,58.27213382292943,26.2749898000816
2025-06-19,SBI,49.2517,6.3,223576.02,100,0,15.452876376988987,58.27213382292943,26.2749898000816
2025-06-20,SBI,49.2407,6.31,223576.02,100,0,15.452876376988987,58.27213382292943,26.2749898000816
2025-06-23,SBI,49.2768,6.3,223576.02,100,0,15.452876376988987,58.27213382292943,26.2749898000816
2025-06-24,SBI,49.3275,6.24,223576.02,100,0,15.452876376988987,58.27213382292943,26.2749898000816
2025-06-25,SBI,49.3028,6.28,223576.02,100,0,15.452876376988987,58.27213382292943,26.2749898000816
2025-06-26,SBI,49.3197,6.27,223576.02,100,0,15.452876376988987,58.27213382292943,26.2749898000816
2025-06-27,SBI,49.3094,6.31,223576.02,100,0,15.452876376988987,58.27213382292943,26.2749898000816
2025-06-30,SBI,49.3471,6.31,223576.02,100,0,15.452876376988987,58.27213382292943,26.2749898000816
2025-07-01,SBI,49.3876,6.29,222125.0,100,0,15.77,59.57,24.66
2025-07-02,SBI,49.4334,6.28,222125.0,100,0,15.77,59.57,24.66
2025-07-03,SBI,49.465,6.28,222125.0,100,0,15.77,59.57,24.66
2025-07-04,SBI,49.4588,6.29,222125.0,100,0,15.77,59.57,24.66
2025-07-07,SBI,49.5436,6.294,222125.0,100,0,15.77,59.57,24.66
2025-07-08,SBI,49.5436,6.306,222125.0,100,0,15.77,59.57,24.66
2025-07-09,SBI,49.5423,6.314,222125.0,100,0,15.77,59.57,24.66
2025-07-10,SBI,49.5484,6.318,222125.0,100,0,15.77,59.57,24.66
2025-07-11,SBI,49.5609,6.304,222125.0,100,0,15.77,59.57,24.66
2025-07-14,SBI,49.5863,6.311,222125.0,100,0,15.77,59.57,24.66
2025-07-15,SBI,49.5912,6.313,222125.0,100,0,15.77,59.57,24.66
2025-07-16,SBI,49.6154,6.313,222125.0,100,0,15.77,59.57,24.66
2025-07-17,SBI,49.6316,6.302,222125.0,100,0,15.77,59.57,24.66
2025-07-18,SBI,49.6458,6.305,222125.0,100,0,15.77,59.57,24.66
2025-07-21,SBI,49.6835,6.299,222125.0,100,0,15.77,59.57,24.66
2025-07-22,SBI,49.6998,6.308,222125.0,100,0,15.77,59.57,24.66
2025-07-23,SBI,49.699,6.312,222125.0,100,0,15.77,59.57,24.66
2025-07-24,SBI,49.7074,6.329,222125.0,100,0,15.77,59.57,24.66
2025-07-25,SBI,49.673,6.353,222125.0,100,0,15.77,59.57,24.66
2025-07-28,SBI,49.691,6.373,222125.0,100,0,15.77,59.57,24.66
2025-07-29,SBI,49.688,6.369,222125.0,100,0,15.77,59.57,24.66
2025-07-30,SBI,49.6729,6.365,222125.0,100,0,15.77,59.57,24.66
2025-07-31,SBI,49.7023,6.376,222125.0,100,0,15.77,59.57,24.66
2025-08-01,SBI,49.7137,6.371,221358.52,100,0,15.66,62.17,22.17
2025-08-04,SBI,49.8019,6.313,221358.52,100,0,15.66,62.17,22.17
2025-08-05,SBI,49.805,6.324,221358.52,100,0,15.66,62.17,22.17
2025-08-06,SBI,49.7616,6.407,221358.52,100,0,15.66,62.17,22.17
2025-08-07,SBI,49.7744,6.39,221358.52,100,0,15.66,62.17,22.17
2025-08-08,SBI,49.7723,6.399,221358.52,100,0,15.66,62.17,22.17
2025-08-11,SBI,49.7654,6.428,221358.52,100,0,15.66,62.17,22.17
2025-08-12,SBI,49.6904,6.483,221358.52,100,0,15.66,62.17,22.17
2025-08-13,SBI,49.688,6.481,221358.52,100,0,15.66,62.17,22.17
2025-08-14,SBI,49.7477,6.404,221358.52,100,0,15.66,62.17,22.17
2025-08-18,SBI,49.7486,6.484,221358.52,100,0,15.66,62.17,22.17
2025-08-19,SBI,49.7489,6.512,221358.52,100,0,15.66,62.17,22.17
2025-08-20,SBI,49.7845,6.497,221358.52,100,0,15.66,62.17,22.17
2025-08-21,SBI,49.7742,6.525,221358.52,100,0,15.66,62.17,22.17
2025-08-22,SBI,49.7929,6.549,221358.52,100,0,15.66,62.17,22.17
2025-08-25,SBI,49.7852,6.592,221358.52,100,0,15.66,62.17,22.17
2025-08-26,SBI,49.7648,6.617,221358.52,100,0,15.66,62.17,22.17
2025-08-28,SBI,49.8412,6.538,221358.52,100,0,15.66,62.17,22.17
2025-08-29,SBI,49.8023,6.588,221358.52,100,0,15.66,62.17,22.17
2025-08-31,SBI,49.8197,6.588,221358.52,100,0,15.66,62.17,22.17
2025-09-01,SBI,49.797,6.585,221007.01,100,0,17.83,60.83,21.34
2025-09-02,SBI,49.8065,6.569,221007.01,100,0,17.83,60.83,21.34
2025-09-03,SBI,49.8576,6.541,221007.01,100,0,17.83,60.83,21.34
2025-09-04,SBI,49.9075,6.494,221007.01,100,0,17.83,60.83,21.34
2025-09-05,SBI,49.9084,6.461,221007.01,100,0,17.83,60.83,21.34
2025-09-09,SBI,49.9446,6.486,221007.01,100,0,17.83,60.83,21.34
2025-09-10,SBI,49.9442,6.483,221007.01,100,0,17.83,60.83,21.34
2025-09-11,SBI,49.993,6.472,221007.01,100,0,17.83,60.83,21.34
2025-09-12,SBI,49.9983,6.483,221007.01,100,0,17.83,60.83,21.34
2025-09-15,SBI,50.0134,6.492,221007.01,100,0,17.83,60.83,21.34
2025-09-16,SBI,50.048,6.49,221007.01,100,0,17.83,60.83,21.34
2025-09-17,SBI,50.0918,6.466,221007.01,100,0,17.83,60.83,21.34
2025-09-18,SBI,50.0829,6.509,221007.01,100,0,17.83,60.83,21.34
2025-09-19,SBI,50.1015,6.489,221007.01,100,0,17.83,60.83,21.34
2025-09-22,SBI,50.1409,6.481,221007.01,100,0,17.83,60.83,21.34
2025-09-23,SBI,50.162,6.467,221007.01,100,0,17.83,60.83,21.34
2025-09-24,SBI,50.1564,6.483,221007.01,100,0,17.83,60.83,21.34
2025-09-25,SBI,50.1693,6.492,221007.01,100,0,17.83,60.83,21.34
2025-09-26,SBI,50.1713,6.517,221007.01,100,0,17.83,60.83,21.34
2025-09-29,SBI,50.1862,6.563,221007.01,100,0,17.83,60.83,21.34
2025-09-30,SBI,50.186,6.571,221007.01,100,0,17.83,60.83,21.34
2025-10-01,SBI,50.2473,6.523,219000.45,100,0,19.26303175554224,58.34831236269223,22.38865588176553
2025-10-03,SBI,50.271,6.514,219000.45,100,0,19.26303175554224,58.34831236269223,22.38865588176553
2025-10-06,SBI,50.3337,6.519,219000.45,100,0,19.26303175554224,58.34831236269223,22.38865588176553
2025-10-07,SBI,50.3576,6.51,219000.45,100,0,19.26303175554224,58.34831236269223,22.38865588176553
2025-10-08,SBI,50.3789,6.504,219000.45,100,0,19.26303175554224,58.34831236269223,22.38865588176553
2025-10-09,SBI,50.3713,6.521,219000.45,100,0,19.26303175554224,58.34831236269223,22.38865588176553
2025-10-10,SBI,50.3868,6.531,219000.45,100,0,19.26303175554224,58.34831236269223,22.38865588176553
2025-10-13,SBI,50.4222,6.518,219000.45,100,0,19.26303175554224,58.34831236269223,22.38865588176553
2025-10-14,SBI,50.4388,6.507,219000.45,100,0,19.26303175554224,58.34831236269223,22.38865588176553
2025-10-15,SBI,50.4606,6.484,219000.45,100,0,19.26303175554224,58.34831236269223,22.38865588176553
2025-10-16,SBI,50.4562,6.503,219000.45,100,0,19.26303175554224,58.34831236269223,22.38865588176553
2025-10-17,SBI,50.4584,6.506,219000.45,100,0,19.26303175554224,58.34831236269223,22.38865588176553
2025-10-20,SBI,50.487,6.508,219000.45,100,0,19.26303175554224,58.34831236269223,22.38865588176553
2025-10-23,SBI,50.4772,6.539,219000.45,100,0,19.26303175554224,58.34831236269223,22.38865588176553
2025-10-24,SBI,50.477,6.533,219000.45,100,0,19.26303175554224,58.34831236269223,22.38865588176553
2025-10-27,SBI,50.4989,6.542,219000.45,100,0,19.26303175554224,58.34831236269223,22.38865588176553
2025-10-28,SBI,50.5114,6.533,219000.45,100,0,19.26303175554224,58.34831236269223,22.38865588176553
2025-10-29,SBI,50.5189,6.537,219000.45,100,0,19.26303175554224,58.34831236269223,22.38865588176553
2025-10-30,SBI,50.5004,6.573,219000.45,100,0,19.26303175554224,58.34831236269223,22.38865588176553
2025-10-31,SBI,50.5215,6.529,219000.45,100,0,19.26303175554224,58.34831236269223,22.38865588176553
2025-11-03,SBI,50.5474,6.528,219000.45,100,0,19.26303175554224,58.34831236269223,22.38865588176553
2025-11-04,SBI,50.6073,6.53,219000.45,100,0,19.26303175554224,58.34831236269223,22.38865588176553
2025-11-06,SBI,50.6448,6.514,219000.45,100,0,19.26303175554224,58.34831236269223,22.38865588176553
2025-11-07,SBI,50.6463,6.521,219000.45,100,0,19.26303175554224,58.34831236269223,22.38865588176553
2025-11-10,SBI,50.6766,6.49,219000.45,100,0,19.26303175554224,58.34831236269223,22.38865588176553
2025-11-11,SBI,50.7096,6.499,219000.45,100,0,19.26303175554224,58.34831236269223,22.38865588176553
2025-11-12,SBI,50.7082,6.483,219000.45,100,0,19.26303175554224,58.34831236269223,22.38865588176553
2025-11-13,SBI,50.7005,6.511,219000.45,100,0,19.26303175554224,58.34831236269223,22.38865588176553
2025-11-14,SBI,50.687,6.527,219000.45,100,0,19.26303175554224,58.34831236269223,22.38865588176553
2025-11-17,SBI,50.7088,6.536,219000.45,100,0,19.26303175554224,58.34831236269223,22.38865588176553
2025-11-18,SBI,50.8001,6.523,219000.45,100,0,19.26303175554224,58.34831236269223,22.38865588176553
2025-11-19,SBI,50.8119,6.532,219000.45,100,0,19.26303175554224,58.34831236269223,22.38865588176553
2025-11-20,SBI,50.7675,6.536,219000.45,100,0,19.26303175554224,58.34831236269223,22.38865588176553
2025-11-21,SBI,50.759,6.56,219000.45,100,0,19.26303175554224,58.34831236269223,22.38865588176553
2025-11-24,SBI,50.8061,6.525,219000.45,100,0,19.26303175554224,58.34831236269223,22.38865588176553
2025-11-25,SBI,50.8334,6.491,219000.45,100,0,19.26303175554224,58.34831236269223,22.38865588176553
