Date,Fund,NAV,India_10Y_Yield,Total_AUM_Lakhs,Reported_NAV_Total,Cash_Liquidity,AAA_Sovereign,AA_Rated,Below_AA
2020-01-01,HDFC,16.9948,6.501,1448708.52,100,0,30.66,46.05,23.29
2020-01-02,HDFC,17.0101,6.502,1448708.52,100,0,30.66,46.05,23.29
2020-01-03,HDFC,17.0252,6.51,1448708.52,100,0,30.66,46.05,23.29
2020-01-06,HDFC,17.0293,6.565,1448708.52,100,0,30.66,46.05,23.29
2020-01-07,HDFC,17.037,6.55,1448708.52,100,0,30.66,46.05,23.29
2020-01-08,HDFC,17.0436,6.557,1448708.52,100,0,30.66,46.05,23.29
2020-01-09,HDFC,17.0536,6.524,1448708.52,100,0,30.66,46.05,23.29
10-01-2020,HDFC,17.0508,6.585,1448708.52,100,0,30.66,46.05,23.29
13-01-2020,HDFC,17.0569,6.592,1448708.52,100,0,30.66,46.05,23.29
14-01-2020,HDFC,17.0476,6.662,1448708.52,100,0,30.66,46.05,23.29
15-01-2020,HDFC,17.0581,6.623,1448708.52,100,0,30.66,46.05,23.29
16-01-2020,HDFC,17.0721,6.598,1448708.52,100,0,30.66,46.05,23.29
17-01-2020,HDFC,17.0752,6.622,1448708.52,100,0,30.66,46.05,23.29
20-01-2020,HDFC,17.0906,6.639,1448708.52,100,0,30.66,46.05,23.29
21-01-2020,HDFC,17.0995,6.633,1448708.52,100,0,30.66,46.05,23.29
22-01-2020,HDFC,17.1157,6.635,1448708.52,100,0,30.66,46.05,23.29
23-01-2020,HDFC,17.124,6.596,1448708.52,100,0,30.66,46.05,23.29
24-01-2020,HDFC,17.1338,6.578,1448708.52,100,0,30.66,46.05,23.29
27-01-2020,HDFC,17.1481,6.551,1448708.52,100,0,30.66,46.05,23.29
28-01-2020,HDFC,17.1526,6.575,1448708.52,100,0,30.66,46.05,23.29
29-01-2020,HDFC,17.1549,6.568,1448708.52,100,0,30.66,46.05,23.29
30-01-2020,HDFC,17.1556,6.558,1448708.52,100,0,30.66,46.05,23.29
31-01-2020,HDFC,17.1523,6.599,1448708.52,100,0,30.66,46.05,23.29
03-02-2020,HDFC,17.1839,6.503,1469743.51,100,0,28.95,49.87,21.18
04-02-2020,HDFC,17.1931,6.504,1469743.51,100,0,28.95,49.87,21.18
05-02-2020,HDFC,17.196,6.505,1469743.51,100,0,28.95,49.87,21.18
06-02-2020,HDFC,17.2541,6.446,1469743.51,100,0,28.95,49.87,21.18
07-02-2020,HDFC,17.294,6.439,1469743.51,100,0,28.95,49.87,21.18
10-02-2020,HDFC,17.3105,6.44,1469743.51,100,0,28.95,49.87,21.18
11-02-2020,HDFC,17.3095,6.464,1469743.51,100,0,28.95,49.87,21.18
12-02-2020,HDFC,17.3105,6.473,1469743.51,100,0,28.95,49.87,21.18
13-02-2020,HDFC,17.3311,6.423,1469743.51,100,0,28.95,49.87,21.18
14-02-2020,HDFC,17.3446,6.369,1469743.51,100,0,28.95,49.87,21.18
17-02-2020,HDFC,17.3583,6.387,1469743.51,100,0,28.95,49.87,21.18
18-02-2020,HDFC,17.3654,6.384,1469743.51,100,0,28.95,49.87,21.18
20-02-2020,HDFC,17.3768,6.422,1469743.51,100,0,28.95,49.87,21.18
24-02-2020,HDFC,17.3962,6.367,1469743.51,100,0,28.95,49.87,21.18
25-02-2020,HDFC,17.3938,6.367,1469743.51,100,0,28.95,49.87,21.18
26-02-2020,HDFC,17.4032,6.346,1469743.51,100,0,28.95,49.87,21.18
27-02-2020,HDFC,17.4039,6.378,1469743.51,100,0,28.95,49.87,21.18
28-02-2020,HDFC,17.3977,6.371,1469743.51,100,0,28.95,49.87,21.18
02-03-2020,HDFC,17.4087,6.346,1381213.49,100,0,24.09,51.8,24.11
03-03-2020,HDFC,17.409,6.342,1381213.49,100,0,24.09,51.8,24.11
04-03-2020,HDFC,17.4523,6.226,1381213.49,100,0,24.09,51.8,24.11
05-03-2020,HDFC,17.4551,6.239,1381213.49,100,0,24.09,51.8,24.11
06-03-2020,HDFC,17.4601,6.185,1381213.49,100,0,24.09,51.8,24.11
09-03-2020,HDFC,17.4402,6.066,1381213.49,100,0,24.09,51.8,24.11
11-03-2020,HDFC,17.4208,6.125,1381213.49,100,0,24.09,51.8,24.11
12-03-2020,HDFC,17.3428,6.236,1381213.49,100,0,24.09,51.8,24.11
13-03-2020,HDFC,17.2886,6.322,1381213.49,100,0,24.09,51.8,24.11
16-03-2020,HDFC,17.2936,6.208,1381213.49,100,0,24.09,51.8,24.11
17-03-2020,HDFC,17.2307,6.265,1381213.49,100,0,24.09,51.8,24.11
18-03-2020,HDFC,17.1553,6.296,1381213.49,100,0,24.09,51.8,24.11
19-03-2020,HDFC,17.0416,6.41,1381213.49,100,0,24.09,51.8,24.11
20-03-2020,HDFC,17.0862,6.259,1381213.49,100,0,24.09,51.8,24.11
23-03-2020,HDFC,17.043,6.379,1381213.49,100,0,24.09,51.8,24.11
24-03-2020,HDFC,17.0386,6.304,1381213.49,100,0,24.09,51.8,24.11
26-03-2020,HDFC,17.0096,6.225,1381213.49,100,0,24.09,51.8,24.11
27-03-2020,HDFC,17.3994,6.144,1381213.49,100,0,24.09,51.8,24.11
30-03-2020,HDFC,17.4042,6.209,1381213.49,100,0,24.09,51.8,24.11
31-03-2020,HDFC,17.4432,6.138,1381213.49,100,0,24.09,51.8,24.11
03-04-2020,HDFC,17.4317,6.306,843569.52,100,0,25.67,39.36,34.97
07-04-2020,HDFC,17.3878,6.414,843569.52,100,0,25.67,39.36,34.97
08-04-2020,HDFC,17.3157,6.441,843569.52,100,0,25.67,39.36,34.97
09-04-2020,HDFC,17.3045,6.49,843569.52,100,0,25.67,39.36,34.97
13-04-2020,HDFC,17.3067,6.495,843569.52,100,0,25.67,39.36,34.97
15-04-2020,HDFC,17.2326,6.425,843569.52,100,0,25.67,39.36,34.97
16-04-2020,HDFC,17.2214,6.44,843569.52,100,0,25.67,39.36,34.97
17-04-2020,HDFC,17.2805,6.347,843569.52,100,0,25.67,39.36,34.97
20-04-2020,HDFC,17.3018,6.209,843569.52,100,0,25.67,39.36,34.97
21-04-2020,HDFC,17.2959,6.212,843569.52,100,0,25.67,39.36,34.97
22-04-2020,HDFC,17.31,6.224,843569.52,100,0,25.67,39.36,34.97
23-04-2020,HDFC,17.3299,6.06,843569.52,100,0,25.67,39.36,34.97
24-04-2020,HDFC,17.2578,6.167,843569.52,100,0,25.67,39.36,34.97
27-04-2020,HDFC,17.1157,6.153,843569.52,100,0,25.67,39.36,34.97
28-04-2020,HDFC,17.0635,6.137,843569.52,100,0,25.67,39.36,34.97
29-04-2020,HDFC,17.0514,6.125,843569.52,100,0,25.67,39.36,34.97
30-04-2020,HDFC,17.0764,6.11,843569.52,100,0,25.67,39.36,34.97
04-05-2020,HDFC,17.091,6.084,653860.32,100,0,32.45,40.66,26.89
05-05-2020,HDFC,17.1331,6.073,653860.32,100,0,32.45,40.66,26.89
06-05-2020,HDFC,17.1452,6.028,653860.32,100,0,32.45,40.66,26.89
08-05-2020,HDFC,17.1725,5.967,653860.32,100,0,32.45,40.66,26.89
11-05-2020,HDFC,17.175,6.167,653860.32,100,0,32.45,40.66,26.89
12-05-2020,HDFC,17.1999,6.163,653860.32,100,0,32.45,40.66,26.89
13-05-2020,HDFC,17.2104,6.095,653860.32,100,0,32.45,40.66,26.89
14-05-2020,HDFC,17.2333,6.056,653860.32,100,0,32.45,40.66,26.89
15-05-2020,HDFC,17.2321,6.081,653860.32,100,0,32.45,40.66,26.89
18-05-2020,HDFC,17.2669,6.05,653860.32,100,0,32.45,40.66,26.89
19-05-2020,HDFC,17.2745,6.035,653860.32,100,0,32.45,40.66,26.89
20-05-2020,HDFC,17.2707,6.041,653860.32,100,0,32.45,40.66,26.89
21-05-2020,HDFC,17.2844,6.034,653860.32,100,0,32.45,40.66,26.89
22-05-2020,HDFC,17.3283,5.961,653860.32,100,0,32.45,40.66,26.89
26-05-2020,HDFC,17.3609,5.975,653860.32,100,0,32.45,40.66,26.89
27-05-2020,HDFC,17.3691,5.984,653860.32,100,0,32.45,40.66,26.89
28-05-2020,HDFC,17.3435,5.99,653860.32,100,0,32.45,40.66,26.89
29-05-2020,HDFC,17.3484,6.013,653860.32,100,0,32.45,40.66,26.89
01-06-2020,HDFC,17.371,6.042,630880.51,100,0,33.85,38.14,28.01
02-06-2020,HDFC,17.3539,5.998,630880.51,100,0,33.85,38.14,28.01
03-06-2020,HDFC,17.3644,6.031,630880.51,100,0,33.85,38.14,28.01
04-06-2020,HDFC,17.3739,5.796,630880.51,100,0,33.85,38.14,28.01
05-06-2020,HDFC,17.3835,5.821,630880.51,100,0,33.85,38.14,28.01
08-06-2020,HDFC,17.3789,5.807,630880.51,100,0,33.85,38.14,28.01
09-06-2020,HDFC,17.4048,5.775,630880.51,100,0,33.85,38.14,28.01
10-06-2020,HDFC,17.3362,5.772,630880.51,100,0,33.85,38.14,28.01
11-06-2020,HDFC,17.3615,5.781,630880.51,100,0,33.85,38.14,28.01
12-06-2020,HDFC,17.3586,5.796,630880.51,100,0,33.85,38.14,28.01
15-06-2020,HDFC,17.3851,5.792,630880.51,100,0,33.85,38.14,28.01
16-06-2020,HDFC,17.4103,5.846,630880.51,100,0,33.85,38.14,28.01
17-06-2020,HDFC,17.4772,5.835,630880.51,100,0,33.85,38.14,28.01
18-06-2020,HDFC,17.5057,5.822,630880.51,100,0,33.85,38.14,28.01
19-06-2020,HDFC,17.5776,5.849,630880.51,100,0,33.85,38.14,28.01
22-06-2020,HDFC,17.5727,5.877,630880.51,100,0,33.85,38.14,28.01
23-06-2020,HDFC,17.5765,5.903,630880.51,100,0,33.85,38.14,28.01
24-06-2020,HDFC,17.5855,5.918,630880.51,100,0,33.85,38.14,28.01
25-06-2020,HDFC,17.6149,5.891,630880.51,100,0,33.85,38.14,28.01
26-06-2020,HDFC,17.6689,5.913,630880.51,100,0,33.85,38.14,28.01
29-06-2020,HDFC,17.7314,5.903,630880.51,100,0,33.85,38.14,28.01
30-06-2020,HDFC,17.7461,5.888,630880.51,100,0,33.85,38.14,28.01
01-07-2020,HDFC,17.7573,5.838,625800.87,100,0,34.62,38.85,26.53
02-07-2020,HDFC,17.7804,5.841,625800.87,100,0,34.62,38.85,26.53
03-07-2020,HDFC,17.8082,5.845,625800.87,100,0,34.62,38.85,26.53
06-07-2020,HDFC,17.8199,5.836,625800.87,100,0,34.62,38.85,26.53
07-07-2020,HDFC,17.8325,5.792,625800.87,100,0,34.62,38.85,26.53
08-07-2020,HDFC,17.8671,5.778,625800.87,100,0,34.62,38.85,26.53
09-07-2020,HDFC,17.8874,5.772,625800.87,100,0,34.62,38.85,26.53
10-07-2020,HDFC,17.9449,5.76,625800.87,100,0,34.62,38.85,26.53
13-07-2020,HDFC,17.9202,5.786,625800.87,100,0,34.62,38.85,26.53
14-07-2020,HDFC,17.9252,5.825,625800.87,100,0,34.62,38.85,26.53
15-07-2020,HDFC,17.9589,5.815,625800.87,100,0,34.62,38.85,26.53
16-07-2020,HDFC,17.9652,5.813,625800.87,100,0,34.62,38.85,26.53
17-07-2020,HDFC,17.9827,5.805,625800.87,100,0,34.62,38.85,26.53
20-07-2020,HDFC,17.993,5.799,625800.87,100,0,34.62,38.85,26.53
21-07-2020,HDFC,17.9923,5.829,625800.87,100,0,34.62,38.85,26.53
22-07-2020,HDFC,18.0013,5.814,625800.87,100,0,34.62,38.85,26.53
23-07-2020,HDFC,18.0119,5.805,625800.87,100,0,34.62,38.85,26.53
24-07-2020,HDFC,18.0188,5.817,625800.87,100,0,34.62,38.85,26.53
27-07-2020,HDFC,18.0087,5.859,625800.87,100,0,34.62,38.85,26.53
28-07-2020,HDFC,17.9894,5.85,625800.87,100,0,34.62,38.85,26.53
29-07-2020,HDFC,17.9972,5.835,625800.87,100,0,34.62,38.85,26.53
30-07-2020,HDFC,18.0128,5.825,625800.87,100,0,34.62,38.85,26.53
31-07-2020,HDFC,18.0217,5.837,625800.87,100,0,34.62,38.85,26.53
03-08-2020,HDFC,18.0418,5.837,618075.63,100,0,33.11,39.8,27.09
04-08-2020,HDFC,18.043,5.833,618075.63,100,0,33.11,39.8,27.09
05-08-2020,HDFC,18.0453,5.826,618075.63,100,0,33.11,39.8,27.09
06-08-2020,HDFC,18.0311,5.862,618075.63,100,0,33.11,39.8,27.09
07-08-2020,HDFC,18.0373,5.886,618075.63,100,0,33.11,39.8,27.09
10-08-2020,HDFC,18.0528,5.893,618075.63,100,0,33.11,39.8,27.09
11-08-2020,HDFC,18.0587,5.903,618075.63,100,0,33.11,39.8,27.09
12-08-2020,HDFC,18.0573,5.884,618075.63,100,0,33.11,39.8,27.09
13-08-2020,HDFC,18.0712,5.895,618075.63,100,0,33.11,39.8,27.09
14-08-2020,HDFC,18.0769,5.965,618075.63,100,0,33.11,39.8,27.09
17-08-2020,HDFC,18.0751,5.975,618075.63,100,0,33.11,39.8,27.09
18-08-2020,HDFC,18.0436,5.986,618075.63,100,0,33.11,39.8,27.09
19-08-2020,HDFC,18.0597,6.008,618075.63,100,0,33.11,39.8,27.09
20-08-2020,HDFC,18.0612,6,618075.63,100,0,33.11,39.8,27.09
21-08-2020,HDFC,18.0181,6.14,618075.63,100,0,33.11,39.8,27.09
24-08-2020,HDFC,17.9897,6.221,618075.63,100,0,33.11,39.8,27.09
25-08-2020,HDFC,18.0061,6.157,618075.63,100,0,33.11,39.8,27.09
26-08-2020,HDFC,18.0031,6.203,618075.63,100,0,33.11,39.8,27.09
27-08-2020,HDFC,18.0003,6.147,618075.63,100,0,33.11,39.8,27.09
28-08-2020,HDFC,17.9907,6.097,618075.63,100,0,33.11,39.8,27.09
31-08-2020,HDFC,18.0575,6.078,618075.63,100,0,33.11,39.8,27.09
01-09-2020,HDFC,18.0884,5.943,618935.6,100,0,32.1,41,26.9
02-09-2020,HDFC,18.1152,5.92,618935.6,100,0,32.1,41,26.9
03-09-2020,HDFC,18.1385,5.896,618935.6,100,0,32.1,41,26.9
04-09-2020,HDFC,18.1472,5.93,618935.6,100,0,32.1,41,26.9
07-09-2020,HDFC,18.1386,5.993,618935.6,100,0,32.1,41,26.9
08-09-2020,HDFC,18.1189,6.056,618935.6,100,0,32.1,41,26.9
09-09-2020,HDFC,18.1277,5.989,618935.6,100,0,32.1,41,26.9
10-09-2020,HDFC,18.124,6.053,618935.6,100,0,32.1,41,26.9
11-09-2020,HDFC,18.1217,6.041,618935.6,100,0,32.1,41,26.9
14-09-2020,HDFC,18.1318,6.031,618935.6,100,0,32.1,41,26.9
15-09-2020,HDFC,18.1258,6.029,618935.6,100,0,32.1,41,26.9
16-09-2020,HDFC,18.1346,5.992,618935.6,100,0,32.1,41,26.9
17-09-2020,HDFC,18.14,6.033,618935.6,100,0,32.1,41,26.9
18-09-2020,HDFC,18.151,6.014,618935.6,100,0,32.1,41,26.9
21-09-2020,HDFC,18.1632,6.016,618935.6,100,0,32.1,41,26.9
22-09-2020,HDFC,18.1739,6.01,618935.6,100,0,32.1,41,26.9
23-09-2020,HDFC,18.1789,5.99,618935.6,100,0,32.1,41,26.9
24-09-2020,HDFC,18.1733,5.992,618935.6,100,0,32.1,41,26.9
25-09-2020,HDFC,18.1794,6.038,618935.6,100,0,32.1,41,26.9
28-09-2020,HDFC,18.1826,6.056,618935.6,100,0,32.1,41,26.9
29-09-2020,HDFC,18.1856,6.037,618935.6,100,0,32.1,41,26.9
30-09-2020,HDFC,18.1886,6.015,618935.6,100,0,32.1,41,26.9
01-10-2020,HDFC,18.2045,5.996,633601.29,100,0,32.36,46.86,20.78
05-10-2020,HDFC,18.2232,6.004,633601.29,100,0,32.36,46.86,20.78
06-10-2020,HDFC,18.2342,6.026,633601.29,100,0,32.36,46.86,20.78
07-10-2020,HDFC,18.2415,6.014,633601.29,100,0,32.36,46.86,20.78
08-10-2020,HDFC,18.2527,6.015,633601.29,100,0,32.36,46.86,20.78
09-10-2020,HDFC,18.3254,5.937,633601.29,100,0,32.36,46.86,20.78
12-10-2020,HDFC,18.3418,5.899,633601.29,100,0,32.36,46.86,20.78
13-10-2020,HDFC,18.3645,5.904,633601.29,100,0,32.36,46.86,20.78
14-10-2020,HDFC,18.3816,5.9,633601.29,100,0,32.36,46.86,20.78
15-10-2020,HDFC,18.409,5.898,633601.29,100,0,32.36,46.86,20.78
16-10-2020,HDFC,18.4115,5.935,633601.29,100,0,32.36,46.86,20.78
19-10-2020,HDFC,18.4334,5.94,633601.29,100,0,32.36,46.86,20.78
20-10-2020,HDFC,18.4429,5.931,633601.29,100,0,32.36,46.86,20.78
21-10-2020,HDFC,18.4506,5.912,633601.29,100,0,32.36,46.86,20.78
22-10-2020,HDFC,18.4501,5.915,633601.29,100,0,32.36,46.86,20.78
23-10-2020,HDFC,18.4606,5.844,633601.29,100,0,32.36,46.86,20.78
26-10-2020,HDFC,18.4905,5.834,633601.29,100,0,32.36,46.86,20.78
27-10-2020,HDFC,18.4836,5.846,633601.29,100,0,32.36,46.86,20.78
28-10-2020,HDFC,18.5596,5.859,633601.29,100,0,32.36,46.86,20.78
29-10-2020,HDFC,18.5739,5.881,633601.29,100,0,32.36,46.86,20.78
02-11-2020,HDFC,18.588,5.89,648003.07,100,0,29.72,48.77,21.51
03-11-2020,HDFC,18.5905,5.898,648003.07,100,0,29.72,48.77,21.51
04-11-2020,HDFC,18.5892,5.886,648003.07,100,0,29.72,48.77,21.51
05-11-2020,HDFC,18.6056,5.86,648003.07,100,0,29.72,48.77,21.51
06-11-2020,HDFC,18.6208,5.871,648003.07,100,0,29.72,48.77,21.51
09-11-2020,HDFC,18.6351,5.876,648003.07,100,0,29.72,48.77,21.51
10-11-2020,HDFC,18.6441,5.916,648003.07,100,0,29.72,48.77,21.51
11-11-2020,HDFC,18.6427,5.903,648003.07,100,0,29.72,48.77,21.51
12-11-2020,HDFC,18.6609,5.903,648003.07,100,0,29.72,48.77,21.51
13-11-2020,HDFC,18.6675,5.878,648003.07,100,0,29.72,48.77,21.51
17-11-2020,HDFC,18.6867,5.877,648003.07,100,0,29.72,48.77,21.51
18-11-2020,HDFC,18.694,5.878,648003.07,100,0,29.72,48.77,21.51
19-11-2020,HDFC,18.728,5.876,648003.07,100,0,29.72,48.77,21.51
20-11-2020,HDFC,18.7351,5.877,648003.07,100,0,29.72,48.77,21.51
23-11-2020,HDFC,18.7525,5.9,648003.07,100,0,29.72,48.77,21.51
24-11-2020,HDFC,18.7587,5.88,648003.07,100,0,29.72,48.77,21.51
25-11-2020,HDFC,18.7708,5.885,648003.07,100,0,29.72,48.77,21.51
26-11-2020,HDFC,18.7838,5.872,648003.07,100,0,29.72,48.77,21.51
27-11-2020,HDFC,18.7896,5.911,648003.07,100,0,29.72,48.77,21.51
01-12-2020,HDFC,18.7996,5.93,660124.99,100,0,29.61,48.03,22.36
02-12-2020,HDFC,18.7949,5.92,660124.99,100,0,29.61,48.03,22.36
03-12-2020,HDFC,18.7966,5.932,660124.99,100,0,29.61,48.03,22.36
04-12-2020,HDFC,18.8062,5.897,660124.99,100,0,29.61,48.03,22.36
07-12-2020,HDFC,18.8187,5.924,660124.99,100,0,29.61,48.03,22.36
08-12-2020,HDFC,18.8252,5.939,660124.99,100,0,29.61,48.03,22.36
09-12-2020,HDFC,18.8386,5.917,660124.99,100,0,29.61,48.03,22.36
10-12-2020,HDFC,18.8482,5.916,660124.99,100,0,29.61,48.03,22.36
11-12-2020,HDFC,18.8455,5.956,660124.99,100,0,29.61,48.03,22.36
14-12-2020,HDFC,18.8475,5.946,660124.99,100,0,29.61,48.03,22.36
15-12-2020,HDFC,18.8579,5.941,660124.99,100,0,29.61,48.03,22.36
16-12-2020,HDFC,18.8475,5.944,660124.99,100,0,29.61,48.03,22.36
17-12-2020,HDFC,18.8536,5.952,660124.99,100,0,29.61,48.03,22.36
18-12-2020,HDFC,18.8662,5.959,660124.99,100,0,29.61,48.03,22.36
21-12-2020,HDFC,18.8665,5.957,660124.99,100,0,29.61,48.03,22.36
22-12-2020,HDFC,18.8722,5.951,660124.99,100,0,29.61,48.03,22.36
23-12-2020,HDFC,18.8747,5.95,660124.99,100,0,29.61,48.03,22.36
24-12-2020,HDFC,18.881,5.929,660124.99,100,0,29.61,48.03,22.36
28-12-2020,HDFC,18.9024,5.925,660124.99,100,0,29.61,48.03,22.36
29-12-2020,HDFC,18.9039,5.927,660124.99,100,0,29.61,48.03,22.36
30-12-2020,HDFC,18.9168,5.899,660124.99,100,0,29.61,48.03,22.36
31-12-2020,HDFC,18.9215,5.894,660124.99,100,0,29.61,48.03,22.36
01-01-2021,HDFC,18.9298,5.898,684774.11,100,0,28.98,48.04,22.98
04-01-2021,HDFC,18.9425,5.858,684774.11,100,0,28.98,48.04,22.98
05-01-2021,HDFC,18.9641,5.85,684774.11,100,0,28.98,48.04,22.98
06-01-2021,HDFC,18.9958,5.894,684774.11,100,0,28.98,48.04,22.98
07-01-2021,HDFC,19.0035,5.892,684774.11,100,0,28.98,48.04,22.98
08-01-2021,HDFC,19.0162,5.892,684774.11,100,0,28.98,48.04,22.98
11-01-2021,HDFC,18.9927,5.924,684774.11,100,0,28.98,48.04,22.98
12-01-2021,HDFC,18.9962,5.931,684774.11,100,0,28.98,48.04,22.98
13-01-2021,HDFC,19.0032,5.947,684774.11,100,0,28.98,48.04,22.98
14-01-2021,HDFC,19.0014,5.924,684774.11,100,0,28.98,48.04,22.98
15-01-2021,HDFC,18.9996,5.988,684774.11,100,0,28.98,48.04,22.98
18-01-2021,HDFC,18.9925,5.957,684774.11,100,0,28.98,48.04,22.98
19-01-2021,HDFC,18.995,5.936,684774.11,100,0,28.98,48.04,22.98
20-01-2021,HDFC,18.9994,5.942,684774.11,100,0,28.98,48.04,22.98
21-01-2021,HDFC,19.0004,5.956,684774.11,100,0,28.98,48.04,22.98
22-01-2021,HDFC,19.002,5.939,684774.11,100,0,28.98,48.04,22.98
25-01-2021,HDFC,19.0093,5.954,684774.11,100,0,28.98,48.04,22.98
27-01-2021,HDFC,19.0168,5.954,684774.11,100,0,28.98,48.04,22.98
28-01-2021,HDFC,19.0202,5.933,684774.11,100,0,28.98,48.04,22.98
29-01-2021,HDFC,19.0237,5.949,684774.11,100,0,28.98,48.04,22.98
01-02-2021,HDFC,18.985,6.06,699626.15,100,0,29.06,46.39,24.55
02-02-2021,HDFC,18.9563,6.127,699626.15,100,0,29.06,46.39,24.55
03-02-2021,HDFC,18.9654,6.084,699626.15,100,0,29.06,46.39,24.55
04-02-2021,HDFC,18.9703,6.074,699626.15,100,0,29.06,46.39,24.55
05-02-2021,HDFC,18.961,6.071,699626.15,100,0,29.06,46.39,24.55
08-02-2021,HDFC,18.975,6.04,699626.15,100,0,29.06,46.39,24.55
09-02-2021,HDFC,18.9784,6.074,699626.15,100,0,29.06,46.39,24.55
10-02-2021,HDFC,18.9851,6.01,699626.15,100,0,29.06,46.39,24.55
11-02-2021,HDFC,18.9988,5.962,699626.15,100,0,29.06,46.39,24.55
12-02-2021,HDFC,19.0036,5.99,699626.15,100,0,29.06,46.39,24.55
15-02-2021,HDFC,19.0178,6.022,699626.15,100,0,29.06,46.39,24.55
16-02-2021,HDFC,19.0279,6.022,699626.15,100,0,29.06,46.39,24.55
17-02-2021,HDFC,19.0261,6.03,699626.15,100,0,29.06,46.39,24.55
18-02-2021,HDFC,19.0239,6.132,699626.15,100,0,29.06,46.39,24.55
22-02-2021,HDFC,19.014,6.202,699626.15,100,0,29.06,46.39,24.55
23-02-2021,HDFC,19.0112,6.172,699626.15,100,0,29.06,46.39,24.55
24-02-2021,HDFC,19.0231,6.147,699626.15,100,0,29.06,46.39,24.55
25-02-2021,HDFC,19.0271,6.182,699626.15,100,0,29.06,46.39,24.55
26-02-2021,HDFC,19.0209,6.229,699626.15,100,0,29.06,46.39,24.55
01-03-2021,HDFC,19.0369,6.209,725334.94,100,0,31.97,50.6,17.43
02-03-2021,HDFC,19.0425,6.236,725334.94,100,0,31.97,50.6,17.43
03-03-2021,HDFC,19.0452,6.238,725334.94,100,0,31.97,50.6,17.43
04-03-2021,HDFC,19.047,6.212,725334.94,100,0,31.97,50.6,17.43
05-03-2021,HDFC,19.0475,6.232,725334.94,100,0,31.97,50.6,17.43
08-03-2021,HDFC,19.0551,6.223,725334.94,100,0,31.97,50.6,17.43
09-03-2021,HDFC,19.0563,6.206,725334.94,100,0,31.97,50.6,17.43
10-03-2021,HDFC,19.0579,6.247,725334.94,100,0,31.97,50.6,17.43
12-03-2021,HDFC,19.0552,6.232,725334.94,100,0,31.97,50.6,17.43
15-03-2021,HDFC,19.0528,6.201,725334.94,100,0,31.97,50.6,17.43
16-03-2021,HDFC,19.0609,6.18,725334.94,100,0,31.97,50.6,17.43
17-03-2021,HDFC,19.0612,6.185,725334.94,100,0,31.97,50.6,17.43
18-03-2021,HDFC,19.057,6.202,725334.94,100,0,31.97,50.6,17.43
19-03-2021,HDFC,19.0572,6.193,725334.94,100,0,31.97,50.6,17.43
22-03-2021,HDFC,19.0944,6.18,725334.94,100,0,31.97,50.6,17.43
23-03-2021,HDFC,19.1178,6.144,725334.94,100,0,31.97,50.6,17.43
24-03-2021,HDFC,19.1376,6.152,725334.94,100,0,31.97,50.6,17.43
25-03-2021,HDFC,19.1455,6.131,725334.94,100,0,31.97,50.6,17.43
26-03-2021,HDFC,19.1481,6.123,725334.94,100,0,31.97,50.6,17.43
30-03-2021,HDFC,19.1648,6.143,725334.94,100,0,31.97,50.6,17.43
31-03-2021,HDFC,19.1736,6.177,725334.94,100,0,31.97,50.6,17.43
05-04-2021,HDFC,19.2067,6.123,736763.75,100,0,28.95,53.08,17.97
06-04-2021,HDFC,19.2351,6.122,736763.75,100,0,28.95,53.08,17.97
07-04-2021,HDFC,19.2404,6.082,736763.75,100,0,28.95,53.08,17.97
08-04-2021,HDFC,19.2433,6.031,736763.75,100,0,28.95,53.08,17.97
09-04-2021,HDFC,19.2513,6.017,736763.75,100,0,28.95,53.08,17.97
12-04-2021,HDFC,19.2662,6.011,736763.75,100,0,28.95,53.08,17.97
15-04-2021,HDFC,19.277,6.126,736763.75,100,0,28.95,53.08,17.97
16-04-2021,HDFC,19.2605,6.088,736763.75,100,0,28.95,53.08,17.97
19-04-2021,HDFC,19.2762,6.081,736763.75,100,0,28.95,53.08,17.97
20-04-2021,HDFC,19.2842,6.074,736763.75,100,0,28.95,53.08,17.97
22-04-2021,HDFC,19.2959,6.05,736763.75,100,0,28.95,53.08,17.97
23-04-2021,HDFC,19.2966,6.035,736763.75,100,0,28.95,53.08,17.97
26-04-2021,HDFC,19.3203,6.038,736763.75,100,0,28.95,53.08,17.97
27-04-2021,HDFC,19.3273,6.055,736763.75,100,0,28.95,53.08,17.97
28-04-2021,HDFC,19.3171,6.053,736763.75,100,0,28.95,53.08,17.97
29-04-2021,HDFC,19.3237,6.059,736763.75,100,0,28.95,53.08,17.97
30-04-2021,HDFC,19.3593,6.03,736763.75,100,0,28.95,53.08,17.97
03-05-2021,HDFC,19.3782,6.001,763057.43,100,0,31.71,52.24,16.05
04-05-2021,HDFC,19.3903,6.015,763057.43,100,0,31.71,52.24,16.05
05-05-2021,HDFC,19.4101,5.978,763057.43,100,0,31.71,52.24,16.05
06-05-2021,HDFC,19.4216,5.974,763057.43,100,0,31.71,52.24,16.05
07-05-2021,HDFC,19.4293,6.015,763057.43,100,0,31.71,52.24,16.05
10-05-2021,HDFC,19.4371,6.014,763057.43,100,0,31.71,52.24,16.05
11-05-2021,HDFC,19.4546,6.008,763057.43,100,0,31.71,52.24,16.05
12-05-2021,HDFC,19.4579,6.01,763057.43,100,0,31.71,52.24,16.05
14-05-2021,HDFC,19.4736,5.986,763057.43,100,0,31.71,52.24,16.05
17-05-2021,HDFC,19.4916,5.972,763057.43,100,0,31.71,52.24,16.05
18-05-2021,HDFC,19.5109,5.976,763057.43,100,0,31.71,52.24,16.05
19-05-2021,HDFC,19.528,5.975,763057.43,100,0,31.71,52.24,16.05
20-05-2021,HDFC,19.5361,5.968,763057.43,100,0,31.71,52.24,16.05
21-05-2021,HDFC,19.5456,5.977,763057.43,100,0,31.71,52.24,16.05
24-05-2021,HDFC,19.5544,5.972,763057.43,100,0,31.71,52.24,16.05
25-05-2021,HDFC,19.5791,5.972,763057.43,100,0,31.71,52.24,16.05
27-05-2021,HDFC,19.584,5.987,763057.43,100,0,31.71,52.24,16.05
28-05-2021,HDFC,19.5788,6.003,763057.43,100,0,31.71,52.24,16.05
31-05-2021,HDFC,19.5897,6.022,763057.43,100,0,31.71,52.24,16.05
01-06-2021,HDFC,19.5926,6.025,763057.43,100,0,31.71,52.24,16.05
02-06-2021,HDFC,19.602,6.005,763057.43,100,0,31.71,52.24,16.05
03-06-2021,HDFC,19.6095,5.997,763057.43,100,0,31.71,52.24,16.05
04-06-2021,HDFC,19.6191,6.028,763057.43,100,0,31.71,52.24,16.05
07-06-2021,HDFC,19.6336,6.022,763057.43,100,0,31.71,52.24,16.05
08-06-2021,HDFC,19.6365,6.006,763057.43,100,0,31.71,52.24,16.05
09-06-2021,HDFC,19.6514,6.016,763057.43,100,0,31.71,52.24,16.05
10-06-2021,HDFC,19.6633,6.019,763057.43,100,0,31.71,52.24,16.05
11-06-2021,HDFC,19.6802,6.006,763057.43,100,0,31.71,52.24,16.05
14-06-2021,HDFC,19.6867,6.004,763057.43,100,0,31.71,52.24,16.05
15-06-2021,HDFC,19.6934,6.04,763057.43,100,0,31.71,52.24,16.05
16-06-2021,HDFC,19.6696,6.045,763057.43,100,0,31.71,52.24,16.05
17-06-2021,HDFC,19.6647,6.019,763057.43,100,0,31.71,52.24,16.05
18-06-2021,HDFC,19.6673,6.006,763057.43,100,0,31.71,52.24,16.05
21-06-2021,HDFC,19.6808,6.029,763057.43,100,0,31.71,52.24,16.05
22-06-2021,HDFC,19.6718,6.025,763057.43,100,0,31.71,52.24,16.05
23-06-2021,HDFC,19.6771,6.018,763057.43,100,0,31.71,52.24,16.05
24-06-2021,HDFC,19.6805,6.012,763057.43,100,0,31.71,52.24,16.05
25-06-2021,HDFC,19.6752,6.028,763057.43,100,0,31.71,52.24,16.05
28-06-2021,HDFC,19.714,6.056,763057.43,100,0,31.71,52.24,16.05
29-06-2021,HDFC,19.7149,6.036,763057.43,100,0,31.71,52.24,16.05
30-06-2021,HDFC,19.7101,6.051,763057.43,100,0,31.71,52.24,16.05
01-07-2021,HDFC,19.7142,6.039,808199.08,100,0,32.79,53.1,14.11
02-07-2021,HDFC,19.7099,6.065,808199.08,100,0,32.79,53.1,14.11
05-07-2021,HDFC,19.7242,6.088,808199.08,100,0,32.79,53.1,14.11
06-07-2021,HDFC,19.712,6.175,808199.08,100,0,32.79,53.1,14.11
07-07-2021,HDFC,19.7178,6.164,808199.08,100,0,32.79,53.1,14.11
08-07-2021,HDFC,19.7357,6.124,808199.08,100,0,32.79,53.1,14.11
09-07-2021,HDFC,19.7425,6.186,808199.08,100,0,32.79,53.1,14.11
12-07-2021,HDFC,19.7465,6.22,808199.08,100,0,32.79,53.1,14.11
13-07-2021,HDFC,19.7634,6.103,808199.08,100,0,32.79,53.1,14.11
14-07-2021,HDFC,19.7615,6.109,808199.08,100,0,32.79,53.1,14.11
15-07-2021,HDFC,19.7802,6.117,808199.08,100,0,32.79,53.1,14.11
16-07-2021,HDFC,19.8083,6.13,808199.08,100,0,32.79,53.1,14.11
19-07-2021,HDFC,19.8237,6.127,808199.08,100,0,32.79,53.1,14.11
20-07-2021,HDFC,19.8392,6.119,808199.08,100,0,32.79,53.1,14.11
22-07-2021,HDFC,19.8349,6.138,808199.08,100,0,32.79,53.1,14.11
23-07-2021,HDFC,19.8372,6.165,808199.08,100,0,32.79,53.1,14.11
26-07-2021,HDFC,19.8312,6.169,808199.08,100,0,32.79,53.1,14.11
27-07-2021,HDFC,19.8378,6.178,808199.08,100,0,32.79,53.1,14.11
28-07-2021,HDFC,19.8422,6.188,808199.08,100,0,32.79,53.1,14.11
29-07-2021,HDFC,19.8503,6.198,808199.08,100,0,32.79,53.1,14.11
30-07-2021,HDFC,19.8554,6.204,808199.08,100,0,32.79,53.1,14.11
02-08-2021,HDFC,19.8641,6.197,831080.43,100,0,30.86,51.77,17.37
03-08-2021,HDFC,19.8622,6.2,831080.43,100,0,30.86,51.77,17.37
04-08-2021,HDFC,19.8727,6.199,831080.43,100,0,30.86,51.77,17.37
05-08-2021,HDFC,19.8834,6.207,831080.43,100,0,30.86,51.77,17.37
06-08-2021,HDFC,19.8612,6.234,831080.43,100,0,30.86,51.77,17.37
09-08-2021,HDFC,19.867,6.221,831080.43,100,0,30.86,51.77,17.37
10-08-2021,HDFC,19.8768,6.233,831080.43,100,0,30.86,51.77,17.37
11-08-2021,HDFC,19.8808,6.236,831080.43,100,0,30.86,51.77,17.37
12-08-2021,HDFC,19.8964,6.226,831080.43,100,0,30.86,51.77,17.37
13-08-2021,HDFC,19.9082,6.241,831080.43,100,0,30.86,51.77,17.37
17-08-2021,HDFC,19.9281,6.234,831080.43,100,0,30.86,51.77,17.37
18-08-2021,HDFC,19.9465,6.228,831080.43,100,0,30.86,51.77,17.37
20-08-2021,HDFC,19.9627,6.234,831080.43,100,0,30.86,51.77,17.37
23-08-2021,HDFC,19.9728,6.243,831080.43,100,0,30.86,51.77,17.37
24-08-2021,HDFC,19.9777,6.25,831080.43,100,0,30.86,51.77,17.37
25-08-2021,HDFC,19.9774,6.241,831080.43,100,0,30.86,51.77,17.37
26-08-2021,HDFC,19.9798,6.251,831080.43,100,0,30.86,51.77,17.37
27-08-2021,HDFC,19.9865,6.254,831080.43,100,0,30.86,51.77,17.37
30-08-2021,HDFC,20.0037,6.225,831080.43,100,0,30.86,51.77,17.37
31-08-2021,HDFC,20.009,6.215,831080.43,100,0,30.86,51.77,17.37
01-09-2021,HDFC,20.0344,6.199,860699.23,100,0,37.06,44.5,18.44
02-09-2021,HDFC,20.0502,6.171,860699.23,100,0,37.06,44.5,18.44
03-09-2021,HDFC,20.0539,6.156,860699.23,100,0,37.06,44.5,18.44
06-09-2021,HDFC,20.0636,6.173,860699.23,100,0,37.06,44.5,18.44
07-09-2021,HDFC,20.0675,6.195,860699.23,100,0,37.06,44.5,18.44
08-09-2021,HDFC,20.0697,6.188,860699.23,100,0,37.06,44.5,18.44
09-09-2021,HDFC,20.0783,6.178,860699.23,100,0,37.06,44.5,18.44
13-09-2021,HDFC,20.0882,6.192,860699.23,100,0,37.06,44.5,18.44
14-09-2021,HDFC,20.0976,6.198,860699.23,100,0,37.06,44.5,18.44
15-09-2021,HDFC,20.0997,6.163,860699.23,100,0,37.06,44.5,18.44
16-09-2021,HDFC,20.1018,6.169,860699.23,100,0,37.06,44.5,18.44
17-09-2021,HDFC,20.1075,6.167,860699.23,100,0,37.06,44.5,18.44
20-09-2021,HDFC,20.1148,6.138,860699.23,100,0,37.06,44.5,18.44
21-09-2021,HDFC,20.1104,6.122,860699.23,100,0,37.06,44.5,18.44
22-09-2021,HDFC,20.114,6.138,860699.23,100,0,37.06,44.5,18.44
23-09-2021,HDFC,20.1208,6.14,860699.23,100,0,37.06,44.5,18.44
24-09-2021,HDFC,20.116,6.181,860699.23,100,0,37.06,44.5,18.44
27-09-2021,HDFC,20.126,6.209,860699.23,100,0,37.06,44.5,18.44
28-09-2021,HDFC,20.1255,6.228,860699.23,100,0,37.06,44.5,18.44
29-09-2021,HDFC,20.13,6.206,860699.23,100,0,37.06,44.5,18.44
30-09-2021,HDFC,20.1318,6.223,860699.23,100,0,37.06,44.5,18.44
01-10-2021,HDFC,20.136,6.244,875657.41,100,0,38.04,44.47,17.49
04-10-2021,HDFC,20.1446,6.248,875657.41,100,0,38.04,44.47,17.49
05-10-2021,HDFC,20.1347,6.26,875657.41,100,0,38.04,44.47,17.49
06-10-2021,HDFC,20.1225,6.276,875657.41,100,0,38.04,44.47,17.49
07-10-2021,HDFC,20.1267,6.267,875657.41,100,0,38.04,44.47,17.49
08-10-2021,HDFC,20.1286,6.318,875657.41,100,0,38.04,44.47,17.49
11-10-2021,HDFC,20.1352,6.34,875657.41,100,0,38.04,44.47,17.49
12-10-2021,HDFC,20.1414,6.326,875657.41,100,0,38.04,44.47,17.49
13-10-2021,HDFC,20.1561,6.314,875657.41,100,0,38.04,44.47,17.49
14-10-2021,HDFC,20.1629,6.328,875657.41,100,0,38.04,44.47,17.49
18-10-2021,HDFC,20.1607,6.387,875657.41,100,0,38.04,44.47,17.49
20-10-2021,HDFC,20.145,6.373,875657.41,100,0,38.04,44.47,17.49
21-10-2021,HDFC,20.1411,6.338,875657.41,100,0,38.04,44.47,17.49
22-10-2021,HDFC,20.1453,6.364,875657.41,100,0,38.04,44.47,17.49
25-10-2021,HDFC,20.1727,6.35,875657.41,100,0,38.04,44.47,17.49
26-10-2021,HDFC,20.1702,6.362,875657.41,100,0,38.04,44.47,17.49
27-10-2021,HDFC,20.1724,6.336,875657.41,100,0,38.04,44.47,17.49
28-10-2021,HDFC,20.1731,6.367,875657.41,100,0,38.04,44.47,17.49
29-10-2021,HDFC,20.1681,6.388,875657.41,100,0,38.04,44.47,17.49
01-11-2021,HDFC,20.1767,6.387,896310.69,100,0,41.64,47.97,10.39
02-11-2021,HDFC,20.1795,6.36,896310.69,100,0,41.64,47.97,10.39
03-11-2021,HDFC,20.1828,6.357,896310.69,100,0,41.64,47.97,10.39
08-11-2021,HDFC,20.2092,6.301,896310.69,100,0,41.64,47.97,10.39
09-11-2021,HDFC,20.2153,6.293,896310.69,100,0,41.64,47.97,10.39
10-11-2021,HDFC,20.2172,6.336,896310.69,100,0,41.64,47.97,10.39
11-11-2021,HDFC,20.2179,6.367,896310.69,100,0,41.64,47.97,10.39
12-11-2021,HDFC,20.2262,6.368,896310.69,100,0,41.64,47.97,10.39
15-11-2021,HDFC,20.2368,6.342,896310.69,100,0,41.64,47.97,10.39
16-11-2021,HDFC,20.2379,6.364,896310.69,100,0,41.64,47.97,10.39
17-11-2021,HDFC,20.239,6.361,896310.69,100,0,41.64,47.97,10.39
18-11-2021,HDFC,20.2443,6.345,896310.69,100,0,41.64,47.97,10.39
22-11-2021,HDFC,20.2539,6.351,896310.69,100,0,41.64,47.97,10.39
23-11-2021,HDFC,20.2569,6.364,896310.69,100,0,41.64,47.97,10.39
24-11-2021,HDFC,20.2574,6.367,896310.69,100,0,41.64,47.97,10.39
25-11-2021,HDFC,20.2616,6.367,896310.69,100,0,41.64,47.97,10.39
26-11-2021,HDFC,20.2705,6.33,896310.69,100,0,41.64,47.97,10.39
29-11-2021,HDFC,20.276,6.335,896310.69,100,0,41.64,47.97,10.39
30-11-2021,HDFC,20.2869,6.326,896310.69,100,0,41.64,47.97,10.39
01-12-2021,HDFC,20.2914,6.353,897901.18,100,0,37.77,43.29,18.94
02-12-2021,HDFC,20.3057,6.352,897901.18,100,0,37.77,43.29,18.94
03-12-2021,HDFC,20.3076,6.369,897901.18,100,0,37.77,43.29,18.94
06-12-2021,HDFC,20.3152,6.359,897901.18,100,0,37.77,43.29,18.94
07-12-2021,HDFC,20.315,6.391,897901.18,100,0,37.77,43.29,18.94
08-12-2021,HDFC,20.328,6.347,897901.18,100,0,37.77,43.29,18.94
09-12-2021,HDFC,20.3332,6.348,897901.18,100,0,37.77,43.29,18.94
10-12-2021,HDFC,20.3304,6.37,897901.18,100,0,37.77,43.29,18.94
13-12-2021,HDFC,20.3426,6.37,897901.18,100,0,37.77,43.29,18.94
14-12-2021,HDFC,20.3524,6.356,897901.18,100,0,37.77,43.29,18.94
15-12-2021,HDFC,20.3514,6.364,897901.18,100,0,37.77,43.29,18.94
16-12-2021,HDFC,20.3538,6.374,897901.18,100,0,37.77,43.29,18.94
17-12-2021,HDFC,20.3516,6.411,897901.18,100,0,37.77,43.29,18.94
20-12-2021,HDFC,20.3422,6.435,897901.18,100,0,37.77,43.29,18.94
21-12-2021,HDFC,20.3319,6.468,897901.18,100,0,37.77,43.29,18.94
22-12-2021,HDFC,20.3311,6.464,897901.18,100,0,37.77,43.29,18.94
23-12-2021,HDFC,20.3319,6.46,897901.18,100,0,37.77,43.29,18.94
24-12-2021,HDFC,20.3359,6.462,897901.18,100,0,37.77,43.29,18.94
27-12-2021,HDFC,20.3505,6.465,897901.18,100,0,37.77,43.29,18.94
28-12-2021,HDFC,20.3516,6.478,897901.18,100,0,37.77,43.29,18.94
29-12-2021,HDFC,20.3574,6.461,897901.18,100,0,37.77,43.29,18.94
30-12-2021,HDFC,20.3564,6.469,897901.18,100,0,37.77,43.29,18.94
31-12-2021,HDFC,20.3551,6.454,897901.18,100,0,37.77,43.29,18.94
03-01-2022,HDFC,20.3627,6.46,903770.73,100,0,45.33,44.09,10.58
04-01-2022,HDFC,20.3499,6.518,903770.73,100,0,45.33,44.09,10.58
05-01-2022,HDFC,20.3523,6.508,903770.73,100,0,45.33,44.09,10.58
06-01-2022,HDFC,20.3558,6.525,903770.73,100,0,45.33,44.09,10.58
07-01-2022,HDFC,20.3666,6.542,903770.73,100,0,45.33,44.09,10.58
10-01-2022,HDFC,20.3678,6.59,903770.73,100,0,45.33,44.09,10.58
11-01-2022,HDFC,20.375,6.57,903770.73,100,0,45.33,44.09,10.58
12-01-2022,HDFC,20.3788,6.593,903770.73,100,0,45.33,44.09,10.58
13-01-2022,HDFC,20.3925,6.561,903770.73,100,0,45.33,44.09,10.58
14-01-2022,HDFC,20.3962,6.582,903770.73,100,0,45.33,44.09,10.58
17-01-2022,HDFC,20.3978,6.636,903770.73,100,0,45.33,44.09,10.58
18-01-2022,HDFC,20.3931,6.627,903770.73,100,0,45.33,44.09,10.58
19-01-2022,HDFC,20.3894,6.598,903770.73,100,0,45.33,44.09,10.58
20-01-2022,HDFC,20.4028,6.608,903770.73,100,0,45.33,44.09,10.58
21-01-2022,HDFC,20.407,6.62,903770.73,100,0,45.33,44.09,10.58
24-01-2022,HDFC,20.41,6.652,903770.73,100,0,45.33,44.09,10.58
25-01-2022,HDFC,20.4108,6.662,903770.73,100,0,45.33,44.09,10.58
27-01-2022,HDFC,20.4015,6.746,903770.73,100,0,45.33,44.09,10.58
28-01-2022,HDFC,20.4019,6.768,903770.73,100,0,45.33,44.09,10.58
31-01-2022,HDFC,20.4133,6.684,903770.73,100,0,45.33,44.09,10.58
01-02-2022,HDFC,20.3693,6.828,898402.88,100,0,39.92,46.27,13.81
02-02-2022,HDFC,20.36,6.88,898402.88,100,0,39.92,46.27,13.81
03-02-2022,HDFC,20.3665,6.889,898402.88,100,0,39.92,46.27,13.81
04-02-2022,HDFC,20.3631,6.879,898402.88,100,0,39.92,46.27,13.81
08-02-2022,HDFC,20.3886,6.81,898402.88,100,0,39.92,46.27,13.81
09-02-2022,HDFC,20.3999,6.798,898402.88,100,0,39.92,46.27,13.81
10-02-2022,HDFC,20.4581,6.725,898402.88,100,0,39.92,46.27,13.81
11-02-2022,HDFC,20.4756,6.698,898402.88,100,0,39.92,46.27,13.81
14-02-2022,HDFC,20.4907,6.667,898402.88,100,0,39.92,46.27,13.81
15-02-2022,HDFC,20.5033,6.673,898402.88,100,0,39.92,46.27,13.81
16-02-2022,HDFC,20.5123,6.686,898402.88,100,0,39.92,46.27,13.81
17-02-2022,HDFC,20.5129,6.674,898402.88,100,0,39.92,46.27,13.81
18-02-2022,HDFC,20.5192,6.663,898402.88,100,0,39.92,46.27,13.81
21-02-2022,HDFC,20.5274,6.693,898402.88,100,0,39.92,46.27,13.81
22-02-2022,HDFC,20.525,6.749,898402.88,100,0,39.92,46.27,13.81
23-02-2022,HDFC,20.5277,6.739,898402.88,100,0,39.92,46.27,13.81
24-02-2022,HDFC,20.5216,6.759,898402.88,100,0,39.92,46.27,13.81
25-02-2022,HDFC,20.5254,6.749,898402.88,100,0,39.92,46.27,13.81
28-02-2022,HDFC,20.5325,6.77,898402.88,100,0,39.92,46.27,13.81
02-03-2022,HDFC,20.5226,6.814,896660.97,100,0,39.8,50.86,9.34
03-03-2022,HDFC,20.5036,6.826,896660.97,100,0,39.8,50.86,9.34
04-03-2022,HDFC,20.5106,6.813,896660.97,100,0,39.8,50.86,9.34
07-03-2022,HDFC,20.4953,6.888,896660.97,100,0,39.8,50.86,9.34
08-03-2022,HDFC,20.4992,6.895,896660.97,100,0,39.8,50.86,9.34
09-03-2022,HDFC,20.5025,6.845,896660.97,100,0,39.8,50.86,9.34
10-03-2022,HDFC,20.5089,6.809,896660.97,100,0,39.8,50.86,9.34
11-03-2022,HDFC,20.507,6.855,896660.97,100,0,39.8,50.86,9.34
14-03-2022,HDFC,20.5237,6.854,896660.97,100,0,39.8,50.86,9.34
15-03-2022,HDFC,20.5404,6.821,896660.97,100,0,39.8,50.86,9.34
16-03-2022,HDFC,20.5441,6.788,896660.97,100,0,39.8,50.86,9.34
17-03-2022,HDFC,20.5534,6.778,896660.97,100,0,39.8,50.86,9.34
21-03-2022,HDFC,20.566,6.781,896660.97,100,0,39.8,50.86,9.34
22-03-2022,HDFC,20.5713,6.831,896660.97,100,0,39.8,50.86,9.34
23-03-2022,HDFC,20.5715,6.831,896660.97,100,0,39.8,50.86,9.34
24-03-2022,HDFC,20.5722,6.834,896660.97,100,0,39.8,50.86,9.34
25-03-2022,HDFC,20.5887,6.811,896660.97,100,0,39.8,50.86,9.34
28-03-2022,HDFC,20.6082,6.836,896660.97,100,0,39.8,50.86,9.34
29-03-2022,HDFC,20.6132,6.821,896660.97,100,0,39.8,50.86,9.34
30-03-2022,HDFC,20.6208,6.784,896660.97,100,0,39.8,50.86,9.34
31-03-2022,HDFC,20.6238,6.843,896660.97,100,0,39.8,50.86,9.34
04-04-2022,HDFC,20.6349,6.898,892540.49,100,0,41.03,47.94,11.03
05-04-2022,HDFC,20.6417,6.899,892540.49,100,0,41.03,47.94,11.03
06-04-2022,HDFC,20.6417,6.917,892540.49,100,0,41.03,47.94,11.03
07-04-2022,HDFC,20.6416,6.914,892540.49,100,0,41.03,47.94,11.03
08-04-2022,HDFC,20.5587,7.119,892540.49,100,0,41.03,47.94,11.03
11-04-2022,HDFC,20.5321,7.149,892540.49,100,0,41.03,47.94,11.03
12-04-2022,HDFC,20.5347,7.189,892540.49,100,0,41.03,47.94,11.03
13-04-2022,HDFC,20.4915,7.215,892540.49,100,0,41.03,47.94,11.03
18-04-2022,HDFC,20.5107,7.153,892540.49,100,0,41.03,47.94,11.03
19-04-2022,HDFC,20.5296,7.151,892540.49,100,0,41.03,47.94,11.03
20-04-2022,HDFC,20.5323,7.105,892540.49,100,0,41.03,47.94,11.03
21-04-2022,HDFC,20.5398,7.144,892540.49,100,0,41.03,47.94,11.03
22-04-2022,HDFC,20.5378,7.167,892540.49,100,0,41.03,47.94,11.03
25-04-2022,HDFC,20.5683,7.043,892540.49,100,0,41.03,47.94,11.03
26-04-2022,HDFC,20.5766,7.053,892540.49,100,0,41.03,47.94,11.03
27-04-2022,HDFC,20.5809,7.083,892540.49,100,0,41.03,47.94,11.03
28-04-2022,HDFC,20.5842,7.155,892540.49,100,0,41.03,47.94,11.03
29-04-2022,HDFC,20.5866,7.139,892540.49,100,0,41.03,47.94,11.03
02-05-2022,HDFC,20.596,7.119,864008.87,100,0,35.87,48.52,15.61
04-05-2022,HDFC,20.3975,7.378,864008.87,100,0,35.87,48.52,15.61
05-05-2022,HDFC,20.3523,7.403,864008.87,100,0,35.87,48.52,15.61
06-05-2022,HDFC,20.3245,7.451,864008.87,100,0,35.87,48.52,15.61
09-05-2022,HDFC,20.3296,7.465,864008.87,100,0,35.87,48.52,15.61
10-05-2022,HDFC,20.3487,7.301,864008.87,100,0,35.87,48.52,15.61
11-05-2022,HDFC,20.3716,7.215,864008.87,100,0,35.87,48.52,15.61
12-05-2022,HDFC,20.3775,7.244,864008.87,100,0,35.87,48.52,15.61
13-05-2022,HDFC,20.3633,7.318,864008.87,100,0,35.87,48.52,15.61
17-05-2022,HDFC,20.381,7.366,864008.87,100,0,35.87,48.52,15.61
18-05-2022,HDFC,20.384,7.355,864008.87,100,0,35.87,48.52,15.61
19-05-2022,HDFC,20.3898,7.32,864008.87,100,0,35.87,48.52,15.61
20-05-2022,HDFC,20.4003,7.359,864008.87,100,0,35.87,48.52,15.61
23-05-2022,HDFC,20.4133,7.386,864008.87,100,0,35.87,48.52,15.61
24-05-2022,HDFC,20.4206,7.359,864008.87,100,0,35.87,48.52,15.61
25-05-2022,HDFC,20.4327,7.305,864008.87,100,0,35.87,48.52,15.61
26-05-2022,HDFC,20.4438,7.294,864008.87,100,0,35.87,48.52,15.61
27-05-2022,HDFC,20.4475,7.35,864008.87,100,0,35.87,48.52,15.61
30-05-2022,HDFC,20.4546,7.409,864008.87,100,0,35.87,48.52,15.61
31-05-2022,HDFC,20.4594,7.415,864008.87,100,0,35.87,48.52,15.61
01-06-2022,HDFC,20.4619,7.414,857632.14,100,0,37.68,49.44,12.88
02-06-2022,HDFC,20.4465,7.434,857632.14,100,0,37.68,49.44,12.88
03-06-2022,HDFC,20.4433,7.456,857632.14,100,0,37.68,49.44,12.88
06-06-2022,HDFC,20.4339,7.5,857632.14,100,0,37.68,49.44,12.88
07-06-2022,HDFC,20.4072,7.518,857632.14,100,0,37.68,49.44,12.88
08-06-2022,HDFC,20.4329,7.494,857632.14,100,0,37.68,49.44,12.88
09-06-2022,HDFC,20.4394,7.496,857632.14,100,0,37.68,49.44,12.88
10-06-2022,HDFC,20.444,7.519,857632.14,100,0,37.68,49.44,12.88
13-06-2022,HDFC,20.4282,7.604,857632.14,100,0,37.68,49.44,12.88
14-06-2022,HDFC,20.4179,7.581,857632.14,100,0,37.68,49.44,12.88
15-06-2022,HDFC,20.4099,7.592,857632.14,100,0,37.68,49.44,12.88
16-06-2022,HDFC,20.4117,7.617,857632.14,100,0,37.68,49.44,12.88
17-06-2022,HDFC,20.4145,7.546,857632.14,100,0,37.68,49.44,12.88
20-06-2022,HDFC,20.4424,7.427,857632.14,100,0,37.68,49.44,12.88
21-06-2022,HDFC,20.4469,7.482,857632.14,100,0,37.68,49.44,12.88
22-06-2022,HDFC,20.4617,7.396,857632.14,100,0,37.68,49.44,12.88
23-06-2022,HDFC,20.4662,7.419,857632.14,100,0,37.68,49.44,12.88
24-06-2022,HDFC,20.4693,7.444,857632.14,100,0,37.68,49.44,12.88
27-06-2022,HDFC,20.4784,7.407,857632.14,100,0,37.68,49.44,12.88
28-06-2022,HDFC,20.4824,7.466,857632.14,100,0,37.68,49.44,12.88
29-06-2022,HDFC,20.4862,7.459,857632.14,100,0,37.68,49.44,12.88
30-06-2022,HDFC,20.4917,7.45,857632.14,100,0,37.68,49.44,12.88
01-07-2022,HDFC,20.511,7.424,863075.78,100,0,42.21,48.03,9.76
04-07-2022,HDFC,20.5371,7.374,863075.78,100,0,42.21,48.03,9.76
05-07-2022,HDFC,20.5461,7.391,863075.78,100,0,42.21,48.03,9.76
06-07-2022,HDFC,20.5761,7.294,863075.78,100,0,42.21,48.03,9.76
07-07-2022,HDFC,20.5771,7.354,863075.78,100,0,42.21,48.03,9.76
08-07-2022,HDFC,20.5782,7.415,863075.78,100,0,42.21,48.03,9.76
11-07-2022,HDFC,20.5852,7.427,863075.78,100,0,42.21,48.03,9.76
12-07-2022,HDFC,20.5908,7.391,863075.78,100,0,42.21,48.03,9.76
13-07-2022,HDFC,20.6072,7.337,863075.78,100,0,42.21,48.03,9.76
14-07-2022,HDFC,20.6147,7.384,863075.78,100,0,42.21,48.03,9.76
15-07-2022,HDFC,20.611,7.438,863075.78,100,0,42.21,48.03,9.76
18-07-2022,HDFC,20.6224,7.437,863075.78,100,0,42.21,48.03,9.76
19-07-2022,HDFC,20.6213,7.434,863075.78,100,0,42.21,48.03,9.76
20-07-2022,HDFC,20.6225,7.449,863075.78,100,0,42.21,48.03,9.76
21-07-2022,HDFC,20.6271,7.44,863075.78,100,0,42.21,48.03,9.76
22-07-2022,HDFC,20.6322,7.414,863075.78,100,0,42.21,48.03,9.76
25-07-2022,HDFC,20.6509,7.391,863075.78,100,0,42.21,48.03,9.76
26-07-2022,HDFC,20.651,7.367,863075.78,100,0,42.21,48.03,9.76
27-07-2022,HDFC,20.6641,7.338,863075.78,100,0,42.21,48.03,9.76
28-07-2022,HDFC,20.6763,7.332,863075.78,100,0,42.21,48.03,9.76
29-07-2022,HDFC,20.6839,7.32,863075.78,100,0,42.21,48.03,9.76
01-08-2022,HDFC,20.7095,7.24,870011.62,100,0,37.29,47.97,14.74
02-08-2022,HDFC,20.7344,7.196,870011.62,100,0,37.29,47.97,14.74
03-08-2022,HDFC,20.7335,7.242,870011.62,100,0,37.29,47.97,14.74
04-08-2022,HDFC,20.7484,7.157,870011.62,100,0,37.29,47.97,14.74
05-08-2022,HDFC,20.7169,7.3,870011.62,100,0,37.29,47.97,14.74
08-08-2022,HDFC,20.7215,7.348,870011.62,100,0,37.29,47.97,14.74
10-08-2022,HDFC,20.754,7.31,870011.62,100,0,37.29,47.97,14.74
11-08-2022,HDFC,20.7635,7.267,870011.62,100,0,37.29,47.97,14.74
12-08-2022,HDFC,20.774,7.289,870011.62,100,0,37.29,47.97,14.74
17-08-2022,HDFC,20.8203,7.182,870011.62,100,0,37.29,47.97,14.74
18-08-2022,HDFC,20.8263,7.242,870011.62,100,0,37.29,47.97,14.74
19-08-2022,HDFC,20.824,7.264,870011.62,100,0,37.29,47.97,14.74
22-08-2022,HDFC,20.8344,7.27,870011.62,100,0,37.29,47.97,14.74
23-08-2022,HDFC,20.8372,7.281,870011.62,100,0,37.29,47.97,14.74
24-08-2022,HDFC,20.8436,7.286,870011.62,100,0,37.29,47.97,14.74
25-08-2022,HDFC,20.8469,7.292,870011.62,100,0,37.29,47.97,14.74
26-08-2022,HDFC,20.8526,7.217,870011.62,100,0,37.29,47.97,14.74
29-08-2022,HDFC,20.8588,7.253,870011.62,100,0,37.29,47.97,14.74
30-08-2022,HDFC,20.8659,7.188,870011.62,100,0,37.29,47.97,14.74
01-09-2022,HDFC,20.8712,7.215,861554.9,100,0,36.68,50.63,12.69
02-09-2022,HDFC,20.8823,7.232,861554.9,100,0,36.68,50.63,12.69
05-09-2022,HDFC,20.8951,7.218,861554.9,100,0,36.68,50.63,12.69
06-09-2022,HDFC,20.9045,7.179,861554.9,100,0,36.68,50.63,12.69
07-09-2022,HDFC,20.9072,7.185,861554.9,100,0,36.68,50.63,12.69
08-09-2022,HDFC,20.9232,7.135,861554.9,100,0,36.68,50.63,12.69
09-09-2022,HDFC,20.9252,7.167,861554.9,100,0,36.68,50.63,12.69
12-09-2022,HDFC,20.9282,7.181,861554.9,100,0,36.68,50.63,12.69
13-09-2022,HDFC,20.9424,7.108,861554.9,100,0,36.68,50.63,12.69
14-09-2022,HDFC,20.9362,7.155,861554.9,100,0,36.68,50.63,12.69
15-09-2022,HDFC,20.92,7.238,861554.9,100,0,36.68,50.63,12.69
16-09-2022,HDFC,20.9026,7.266,861554.9,100,0,36.68,50.63,12.69
19-09-2022,HDFC,20.9122,7.277,861554.9,100,0,36.68,50.63,12.69
20-09-2022,HDFC,20.8989,7.294,861554.9,100,0,36.68,50.63,12.69
21-09-2022,HDFC,20.9019,7.233,861554.9,100,0,36.68,50.63,12.69
22-09-2022,HDFC,20.8781,7.312,861554.9,100,0,36.68,50.63,12.69
23-09-2022,HDFC,20.8478,7.393,861554.9,100,0,36.68,50.63,12.69
26-09-2022,HDFC,20.8419,7.359,861554.9,100,0,36.68,50.63,12.69
27-09-2022,HDFC,20.8409,7.292,861554.9,100,0,36.68,50.63,12.69
28-09-2022,HDFC,20.8472,7.333,861554.9,100,0,36.68,50.63,12.69
29-09-2022,HDFC,20.8622,7.34,861554.9,100,0,36.68,50.63,12.69
30-09-2022,HDFC,20.8786,7.398,861554.9,100,0,36.68,50.63,12.69
03-10-2022,HDFC,20.8805,7.468,852372.26,100,0,37.14,51.89,10.97
04-10-2022,HDFC,20.9009,7.362,852372.26,100,0,37.14,51.89,10.97
06-10-2022,HDFC,20.9008,7.454,852372.26,100,0,37.14,51.89,10.97
07-10-2022,HDFC,20.8868,7.46,852372.26,100,0,37.14,51.89,10.97
10-10-2022,HDFC,20.8796,7.476,852372.26,100,0,37.14,51.89,10.97
11-10-2022,HDFC,20.8699,7.426,852372.26,100,0,37.14,51.89,10.97
12-10-2022,HDFC,20.8734,7.435,852372.26,100,0,37.14,51.89,10.97
13-10-2022,HDFC,20.877,7.422,852372.26,100,0,37.14,51.89,10.97
14-10-2022,HDFC,20.8797,7.47,852372.26,100,0,37.14,51.89,10.97
17-10-2022,HDFC,20.9062,7.407,852372.26,100,0,37.14,51.89,10.97
18-10-2022,HDFC,20.9203,7.426,852372.26,100,0,37.14,51.89,10.97
19-10-2022,HDFC,20.9249,7.451,852372.26,100,0,37.14,51.89,10.97
20-10-2022,HDFC,20.918,7.476,852372.26,100,0,37.14,51.89,10.97
21-10-2022,HDFC,20.9188,7.511,852372.26,100,0,37.14,51.89,10.97
25-10-2022,HDFC,20.9469,7.442,852372.26,100,0,37.14,51.89,10.97
27-10-2022,HDFC,20.9637,7.412,852372.26,100,0,37.14,51.89,10.97
28-10-2022,HDFC,20.965,7.416,852372.26,100,0,37.14,51.89,10.97
31-10-2022,HDFC,20.9768,7.445,852372.26,100,0,37.14,51.89,10.97
01-11-2022,HDFC,20.9843,7.396,855221.92,100,0,36.87,51.34,11.79
02-11-2022,HDFC,20.9884,7.404,855221.92,100,0,36.87,51.34,11.79
03-11-2022,HDFC,20.9793,7.482,855221.92,100,0,36.87,51.34,11.79
04-11-2022,HDFC,20.9815,7.469,855221.92,100,0,36.87,51.34,11.79
07-11-2022,HDFC,20.9962,7.434,855221.92,100,0,36.87,51.34,11.79
09-11-2022,HDFC,21.0135,7.387,855221.92,100,0,36.87,51.34,11.79
10-11-2022,HDFC,21.0235,7.346,855221.92,100,0,36.87,51.34,11.79
11-11-2022,HDFC,21.0481,7.307,855221.92,100,0,36.87,51.34,11.79
14-11-2022,HDFC,21.0661,7.287,855221.92,100,0,36.87,51.34,11.79
15-11-2022,HDFC,21.0781,7.261,855221.92,100,0,36.87,51.34,11.79
16-11-2022,HDFC,21.0772,7.274,855221.92,100,0,36.87,51.34,11.79
17-11-2022,HDFC,21.0919,7.281,855221.92,100,0,36.87,51.34,11.79
18-11-2022,HDFC,21.0905,7.307,855221.92,100,0,36.87,51.34,11.79
21-11-2022,HDFC,21.0909,7.32,855221.92,100,0,36.87,51.34,11.79
22-11-2022,HDFC,21.0947,7.285,855221.92,100,0,36.87,51.34,11.79
23-11-2022,HDFC,21.0961,7.291,855221.92,100,0,36.87,51.34,11.79
24-11-2022,HDFC,21.1056,7.255,855221.92,100,0,36.87,51.34,11.79
25-11-2022,HDFC,21.1088,7.301,855221.92,100,0,36.87,51.34,11.79
28-11-2022,HDFC,21.1201,7.274,855221.92,100,0,36.87,51.34,11.79
29-11-2022,HDFC,21.1235,7.279,855221.92,100,0,36.87,51.34,11.79
30-11-2022,HDFC,21.1327,7.28,855221.92,100,0,36.87,51.34,11.79
01-12-2022,HDFC,21.1459,7.21,850827.8,100,0,37.68,51.5,10.82
02-12-2022,HDFC,21.1519,7.221,850827.8,100,0,37.68,51.5,10.82
05-12-2022,HDFC,21.1572,7.226,850827.8,100,0,37.68,51.5,10.82
06-12-2022,HDFC,21.1604,7.249,850827.8,100,0,37.68,51.5,10.82
07-12-2022,HDFC,21.1602,7.269,850827.8,100,0,37.68,51.5,10.82
08-12-2022,HDFC,21.1662,7.288,850827.8,100,0,37.68,51.5,10.82
09-12-2022,HDFC,21.1703,7.299,850827.8,100,0,37.68,51.5,10.82
12-12-2022,HDFC,21.1824,7.294,850827.8,100,0,37.68,51.5,10.82
13-12-2022,HDFC,21.1897,7.265,850827.8,100,0,37.68,51.5,10.82
14-12-2022,HDFC,21.2022,7.221,850827.8,100,0,37.68,51.5,10.82
15-12-2022,HDFC,21.2027,7.268,850827.8,100,0,37.68,51.5,10.82
16-12-2022,HDFC,21.2069,7.281,850827.8,100,0,37.68,51.5,10.82
19-12-2022,HDFC,21.2184,7.297,850827.8,100,0,37.68,51.5,10.82
20-12-2022,HDFC,21.219,7.299,850827.8,100,0,37.68,51.5,10.82
21-12-2022,HDFC,21.2224,7.287,850827.8,100,0,37.68,51.5,10.82
22-12-2022,HDFC,21.224,7.316,850827.8,100,0,37.68,51.5,10.82
23-12-2022,HDFC,21.2221,7.318,850827.8,100,0,37.68,51.5,10.82
26-12-2022,HDFC,21.2302,7.319,850827.8,100,0,37.68,51.5,10.82
27-12-2022,HDFC,21.2334,7.308,850827.8,100,0,37.68,51.5,10.82
28-12-2022,HDFC,21.2292,7.314,850827.8,100,0,37.68,51.5,10.82
29-12-2022,HDFC,21.2393,7.311,850827.8,100,0,37.68,51.5,10.82
30-12-2022,HDFC,21.2453,7.327,850827.8,100,0,37.68,51.5,10.82
02-01-2023,HDFC,21.2573,7.34,852685.35,100,0,39.7,49.72,10.58
03-01-2023,HDFC,21.2683,7.321,852685.35,100,0,39.7,49.72,10.58
04-01-2023,HDFC,21.2732,7.321,852685.35,100,0,39.7,49.72,10.58
05-01-2023,HDFC,21.275,7.327,852685.35,100,0,39.7,49.72,10.58
06-01-2023,HDFC,21.2769,7.373,852685.35,100,0,39.7,49.72,10.58
09-01-2023,HDFC,21.2937,7.342,852685.35,100,0,39.7,49.72,10.58
10-01-2023,HDFC,21.2965,7.313,852685.35,100,0,39.7,49.72,10.58
11-01-2023,HDFC,21.3029,7.291,852685.35,100,0,39.7,49.72,10.58
12-01-2023,HDFC,21.3129,7.286,852685.35,100,0,39.7,49.72,10.58
13-01-2023,HDFC,21.3176,7.299,852685.35,100,0,39.7,49.72,10.58
16-01-2023,HDFC,21.3254,7.327,852685.35,100,0,39.7,49.72,10.58
17-01-2023,HDFC,21.3256,7.333,852685.35,100,0,39.7,49.72,10.58
18-01-2023,HDFC,21.3339,7.325,852685.35,100,0,39.7,49.72,10.58
19-01-2023,HDFC,21.3383,7.313,852685.35,100,0,39.7,49.72,10.58
20-01-2023,HDFC,21.3356,7.347,852685.35,100,0,39.7,49.72,10.58
23-01-2023,HDFC,21.347,7.352,852685.35,100,0,39.7,49.72,10.58
24-01-2023,HDFC,21.3515,7.346,852685.35,100,0,39.7,49.72,10.58
25-01-2023,HDFC,21.3615,7.347,852685.35,100,0,39.7,49.72,10.58
27-01-2023,HDFC,21.3593,7.387,852685.35,100,0,39.7,49.72,10.58
30-01-2023,HDFC,21.3623,7.401,852685.35,100,0,39.7,49.72,10.58
31-01-2023,HDFC,21.3628,7.343,852685.35,100,0,39.7,49.72,10.58
01-02-2023,HDFC,21.3799,7.277,843755.97,100,0,38.82,49.9,11.28
02-02-2023,HDFC,21.3771,7.296,843755.97,100,0,38.82,49.9,11.28
03-02-2023,HDFC,21.3801,7.277,843755.97,100,0,38.82,49.9,11.28
06-02-2023,HDFC,21.3907,7.32,843755.97,100,0,38.82,49.9,11.28
07-02-2023,HDFC,21.3971,7.309,843755.97,100,0,38.82,49.9,11.28
08-02-2023,HDFC,21.3919,7.344,843755.97,100,0,38.82,49.9,11.28
09-02-2023,HDFC,21.3896,7.344,843755.97,100,0,38.82,49.9,11.28
10-02-2023,HDFC,21.3946,7.363,843755.97,100,0,38.82,49.9,11.28
13-02-2023,HDFC,21.406,7.366,843755.97,100,0,38.82,49.9,11.28
14-02-2023,HDFC,21.3913,7.371,843755.97,100,0,38.82,49.9,11.28
15-02-2023,HDFC,21.3975,7.347,843755.97,100,0,38.82,49.9,11.28
16-02-2023,HDFC,21.3992,7.342,843755.97,100,0,38.82,49.9,11.28
17-02-2023,HDFC,21.3939,7.388,843755.97,100,0,38.82,49.9,11.28
20-02-2023,HDFC,21.4108,7.37,843755.97,100,0,38.82,49.9,11.28
21-02-2023,HDFC,21.4151,7.391,843755.97,100,0,38.82,49.9,11.28
22-02-2023,HDFC,21.412,7.429,843755.97,100,0,38.82,49.9,11.28
23-02-2023,HDFC,21.4191,7.391,843755.97,100,0,38.82,49.9,11.28
24-02-2023,HDFC,21.4232,7.419,843755.97,100,0,38.82,49.9,11.28
27-02-2023,HDFC,21.4262,7.448,843755.97,100,0,38.82,49.9,11.28
28-02-2023,HDFC,21.4272,7.457,843755.97,100,0,38.82,49.9,11.28
01-03-2023,HDFC,21.4317,7.434,848182.53,100,0,33,51.36,15.64
02-03-2023,HDFC,21.4308,7.43,848182.53,100,0,33,51.36,15.64
03-03-2023,HDFC,21.437,7.416,848182.53,100,0,33,51.36,15.64
06-03-2023,HDFC,21.4444,7.418,848182.53,100,0,33,51.36,15.64
08-03-2023,HDFC,21.4394,7.459,848182.53,100,0,33,51.36,15.64
09-03-2023,HDFC,21.4423,7.441,848182.53,100,0,33,51.36,15.64
10-03-2023,HDFC,21.4514,7.429,848182.53,100,0,33,51.36,15.64
13-03-2023,HDFC,21.4798,7.365,848182.53,100,0,33,51.36,15.64
14-03-2023,HDFC,21.4909,7.378,848182.53,100,0,33,51.36,15.64
15-03-2023,HDFC,21.492,7.363,848182.53,100,0,33,51.36,15.64
16-03-2023,HDFC,21.4991,7.352,848182.53,100,0,33,51.36,15.64
17-03-2023,HDFC,21.5026,7.354,848182.53,100,0,33,51.36,15.64
20-03-2023,HDFC,21.5233,7.334,848182.53,100,0,33,51.36,15.64
21-03-2023,HDFC,21.5206,7.354,848182.53,100,0,33,51.36,15.64
23-03-2023,HDFC,21.5335,7.345,848182.53,100,0,33,51.36,15.64
24-03-2023,HDFC,21.5499,7.318,848182.53,100,0,33,51.36,15.64
27-03-2023,HDFC,21.5574,7.312,848182.53,100,0,33,51.36,15.64
28-03-2023,HDFC,21.5423,7.321,848182.53,100,0,33,51.36,15.64
29-03-2023,HDFC,21.5615,7.296,848182.53,100,0,33,51.36,15.64
31-03-2023,HDFC,21.5919,7.315,848182.53,100,0,33,51.36,15.64
03-04-2023,HDFC,21.5998,7.315,857255.61,100,0,34.95,50.12,14.93
05-04-2023,HDFC,21.6246,7.273,857255.61,100,0,34.95,50.12,14.93
06-04-2023,HDFC,21.6616,7.219,857255.61,100,0,34.95,50.12,14.93
10-04-2023,HDFC,21.6825,7.227,857255.61,100,0,34.95,50.12,14.93
11-04-2023,HDFC,21.6833,7.224,857255.61,100,0,34.95,50.12,14.93
12-04-2023,HDFC,21.6955,7.213,857255.61,100,0,34.95,50.12,14.93
13-04-2023,HDFC,21.6995,7.229,857255.61,100,0,34.95,50.12,14.93
17-04-2023,HDFC,21.7183,7.247,857255.61,100,0,34.95,50.12,14.93
18-04-2023,HDFC,21.7254,7.221,857255.61,100,0,34.95,50.12,14.93
19-04-2023,HDFC,21.7315,7.227,857255.61,100,0,34.95,50.12,14.93
20-04-2023,HDFC,21.7384,7.22,857255.61,100,0,34.95,50.12,14.93
21-04-2023,HDFC,21.746,7.185,857255.61,100,0,34.95,50.12,14.93
24-04-2023,HDFC,21.7691,7.111,857255.61,100,0,34.95,50.12,14.93
25-04-2023,HDFC,21.7789,7.11,857255.61,100,0,34.95,50.12,14.93
26-04-2023,HDFC,21.7902,7.116,857255.61,100,0,34.95,50.12,14.93
27-04-2023,HDFC,21.793,7.097,857255.61,100,0,34.95,50.12,14.93
28-04-2023,HDFC,21.7975,7.116,857255.61,100,0,34.95,50.12,14.93
02-05-2023,HDFC,21.8161,7.106,855993.55,100,0,35.16,54.41,10.43
03-05-2023,HDFC,21.8328,7.011,855993.55,100,0,35.16,54.41,10.43
04-05-2023,HDFC,21.845,7.014,855993.55,100,0,35.16,54.41,10.43
08-05-2023,HDFC,21.855,7.047,855993.55,100,0,35.16,54.41,10.43
09-05-2023,HDFC,21.8566,7.046,855993.55,100,0,35.16,54.41,10.43
10-05-2023,HDFC,21.8556,7.036,855993.55,100,0,35.16,54.41,10.43
11-05-2023,HDFC,21.8629,7.023,855993.55,100,0,35.16,54.41,10.43
12-05-2023,HDFC,21.8746,6.995,855993.55,100,0,35.16,54.41,10.43
15-05-2023,HDFC,21.8883,7.001,855993.55,100,0,35.16,54.41,10.43
16-05-2023,HDFC,21.9012,6.963,855993.55,100,0,35.16,54.41,10.43
17-05-2023,HDFC,21.9187,6.972,855993.55,100,0,35.16,54.41,10.43
18-05-2023,HDFC,21.9258,6.983,855993.55,100,0,35.16,54.41,10.43
19-05-2023,HDFC,21.9332,7.004,855993.55,100,0,35.16,54.41,10.43
22-05-2023,HDFC,21.9591,6.985,855993.55,100,0,35.16,54.41,10.43
23-05-2023,HDFC,21.9535,7.016,855993.55,100,0,35.16,54.41,10.43
24-05-2023,HDFC,21.9603,6.99,855993.55,100,0,35.16,54.41,10.43
25-05-2023,HDFC,21.9602,7.007,855993.55,100,0,35.16,54.41,10.43
26-05-2023,HDFC,21.9594,7.003,855993.55,100,0,35.16,54.41,10.43
29-05-2023,HDFC,21.9648,7.024,855993.55,100,0,35.16,54.41,10.43
30-05-2023,HDFC,21.9597,7.011,855993.55,100,0,35.16,54.41,10.43
31-05-2023,HDFC,21.9704,6.989,855993.55,100,0,35.16,54.41,10.43
01-06-2023,HDFC,21.983,6.979,851383.23,100,0,33.98,55.53,10.49
02-06-2023,HDFC,21.9934,6.984,851383.23,100,0,33.98,55.53,10.49
05-06-2023,HDFC,21.9975,6.997,851383.23,100,0,33.98,55.53,10.49
06-06-2023,HDFC,22.0046,6.977,851383.23,100,0,33.98,55.53,10.49
07-06-2023,HDFC,22.0089,6.982,851383.23,100,0,33.98,55.53,10.49
08-06-2023,HDFC,22.0037,7.021,851383.23,100,0,33.98,55.53,10.49
09-06-2023,HDFC,21.9985,7.039,851383.23,100,0,33.98,55.53,10.49
12-06-2023,HDFC,22.0108,7.016,851383.23,100,0,33.98,55.53,10.49
13-06-2023,HDFC,22.0147,7.002,851383.23,100,0,33.98,55.53,10.49
14-06-2023,HDFC,22.0141,7.011,851383.23,100,0,33.98,55.53,10.49
15-06-2023,HDFC,22.0108,7.036,851383.23,100,0,33.98,55.53,10.49
16-06-2023,HDFC,22.01,7.034,851383.23,100,0,33.98,55.53,10.49
19-06-2023,HDFC,22.0201,7.053,851383.23,100,0,33.98,55.53,10.49
20-06-2023,HDFC,22.0282,7.059,851383.23,100,0,33.98,55.53,10.49
21-06-2023,HDFC,22.025,7.067,851383.23,100,0,33.98,55.53,10.49
22-06-2023,HDFC,22.02,7.086,851383.23,100,0,33.98,55.53,10.49
23-06-2023,HDFC,22.0258,7.074,851383.23,100,0,33.98,55.53,10.49
26-06-2023,HDFC,22.0362,7.066,851383.23,100,0,33.98,55.53,10.49
27-06-2023,HDFC,22.0359,7.063,851383.23,100,0,33.98,55.53,10.49
28-06-2023,HDFC,22.0469,7.056,851383.23,100,0,33.98,55.53,10.49
30-06-2023,HDFC,22.0471,7.11,851383.23,100,0,33.98,55.53,10.49
03-07-2023,HDFC,22.0555,7.117,849199.72,100,0,34.13,54.42,11.45
04-07-2023,HDFC,22.061,7.119,849199.72,100,0,34.13,54.42,11.45
05-07-2023,HDFC,22.0645,7.105,849199.72,100,0,34.13,54.42,11.45
06-07-2023,HDFC,22.0735,7.147,849199.72,100,0,34.13,54.42,11.45
07-07-2023,HDFC,22.0743,7.159,849199.72,100,0,34.13,54.42,11.45
10-07-2023,HDFC,22.0849,7.149,849199.72,100,0,34.13,54.42,11.45
11-07-2023,HDFC,22.097,7.095,849199.72,100,0,34.13,54.42,11.45
12-07-2023,HDFC,22.1003,7.118,849199.72,100,0,34.13,54.42,11.45
13-07-2023,HDFC,22.1197,7.071,849199.72,100,0,34.13,54.42,11.45
14-07-2023,HDFC,22.1247,7.089,849199.72,100,0,34.13,54.42,11.45
17-07-2023,HDFC,22.144,7.074,849199.72,100,0,34.13,54.42,11.45
18-07-2023,HDFC,22.1538,7.058,849199.72,100,0,34.13,54.42,11.45
19-07-2023,HDFC,22.153,7.072,849199.72,100,0,34.13,54.42,11.45
20-07-2023,HDFC,22.163,7.083,849199.72,100,0,34.13,54.42,11.45
21-07-2023,HDFC,22.1641,7.087,849199.72,100,0,34.13,54.42,11.45
24-07-2023,HDFC,22.1836,7.071,849199.72,100,0,34.13,54.42,11.45
25-07-2023,HDFC,22.1721,7.1,849199.72,100,0,34.13,54.42,11.45
26-07-2023,HDFC,22.1841,7.096,849199.72,100,0,34.13,54.42,11.45
27-07-2023,HDFC,22.186,7.12,849199.72,100,0,34.13,54.42,11.45
28-07-2023,HDFC,22.1779,7.161,849199.72,100,0,34.13,54.42,11.45
31-07-2023,HDFC,22.1937,7.172,849199.72,100,0,34.13,54.42,11.45
01-08-2023,HDFC,22.2021,7.156,844311.96,100,0,34.37,52.45,13.18
02-08-2023,HDFC,22.211,7.154,844311.96,100,0,34.37,52.45,13.18
03-08-2023,HDFC,22.2054,7.194,844311.96,100,0,34.37,52.45,13.18
04-08-2023,HDFC,22.2032,7.193,844311.96,100,0,34.37,52.45,13.18
07-08-2023,HDFC,22.2162,7.197,844311.96,100,0,34.37,52.45,13.18
08-08-2023,HDFC,22.2219,7.168,844311.96,100,0,34.37,52.45,13.18
09-08-2023,HDFC,22.2226,7.178,844311.96,100,0,34.37,52.45,13.18
10-08-2023,HDFC,22.2252,7.154,844311.96,100,0,34.37,52.45,13.18
11-08-2023,HDFC,22.2194,7.198,844311.96,100,0,34.37,52.45,13.18
14-08-2023,HDFC,22.2308,7.209,844311.96,100,0,34.37,52.45,13.18
17-08-2023,HDFC,22.2312,7.25,844311.96,100,0,34.37,52.45,13.18
18-08-2023,HDFC,22.2377,7.214,844311.96,100,0,34.37,52.45,13.18
21-08-2023,HDFC,22.2547,7.22,844311.96,100,0,34.37,52.45,13.18
22-08-2023,HDFC,22.2592,7.218,844311.96,100,0,34.37,52.45,13.18
23-08-2023,HDFC,22.2698,7.194,844311.96,100,0,34.37,52.45,13.18
24-08-2023,HDFC,22.2759,7.193,844311.96,100,0,34.37,52.45,13.18
25-08-2023,HDFC,22.2828,7.206,844311.96,100,0,34.37,52.45,13.18
28-08-2023,HDFC,22.2982,7.178,844311.96,100,0,34.37,52.45,13.18
29-08-2023,HDFC,22.3056,7.18,844311.96,100,0,34.37,52.45,13.18
30-08-2023,HDFC,22.3106,7.185,844311.96,100,0,34.37,52.45,13.18
31-08-2023,HDFC,22.3169,7.166,844311.96,100,0,34.37,52.45,13.18
01-09-2023,HDFC,22.3211,7.175,835593.25,100,0,39.88,51.31,8.81
04-09-2023,HDFC,22.3315,7.204,835593.25,100,0,39.88,51.31,8.81
05-09-2023,HDFC,22.3342,7.206,835593.25,100,0,39.88,51.31,8.81
06-09-2023,HDFC,22.333,7.21,835593.25,100,0,39.88,51.31,8.81
07-09-2023,HDFC,22.3415,7.173,835593.25,100,0,39.88,51.31,8.81
08-09-2023,HDFC,22.3435,7.199,835593.25,100,0,39.88,51.31,8.81
11-09-2023,HDFC,22.3471,7.209,835593.25,100,0,39.88,51.31,8.81
12-09-2023,HDFC,22.3464,7.203,835593.25,100,0,39.88,51.31,8.81
13-09-2023,HDFC,22.3578,7.172,835593.25,100,0,39.88,51.31,8.81
14-09-2023,HDFC,22.3746,7.101,835593.25,100,0,39.88,51.31,8.81
15-09-2023,HDFC,22.3665,7.158,835593.25,100,0,39.88,51.31,8.81
18-09-2023,HDFC,22.3789,7.149,835593.25,100,0,39.88,51.31,8.81
20-09-2023,HDFC,22.3885,7.153,835593.25,100,0,39.88,51.31,8.81
21-09-2023,HDFC,22.3921,7.136,835593.25,100,0,39.88,51.31,8.81
22-09-2023,HDFC,22.3964,7.15,835593.25,100,0,39.88,51.31,8.81
25-09-2023,HDFC,22.4017,7.15,835593.25,100,0,39.88,51.31,8.81
26-09-2023,HDFC,22.4063,7.146,835593.25,100,0,39.88,51.31,8.81
27-09-2023,HDFC,22.4087,7.173,835593.25,100,0,39.88,51.31,8.81
29-09-2023,HDFC,22.4027,7.21,835593.25,100,0,39.88,51.31,8.81
30-09-2023,HDFC,22.407,7.21,835593.25,100,0,39.88,51.31,8.81
03-10-2023,HDFC,22.4143,7.235,830197.91,100,0,40.33,49.97,9.7
04-10-2023,HDFC,22.416,7.238,830197.91,100,0,40.33,49.97,9.7
05-10-2023,HDFC,22.4299,7.214,830197.91,100,0,40.33,49.97,9.7
06-10-2023,HDFC,22.3971,7.339,830197.91,100,0,40.33,49.97,9.7
09-10-2023,HDFC,22.3939,7.386,830197.91,100,0,40.33,49.97,9.7
10-10-2023,HDFC,22.3979,7.351,830197.91,100,0,40.33,49.97,9.7
11-10-2023,HDFC,22.4131,7.307,830197.91,100,0,40.33,49.97,9.7
12-10-2023,HDFC,22.4211,7.302,830197.91,100,0,40.33,49.97,9.7
13-10-2023,HDFC,22.4245,7.32,830197.91,100,0,40.33,49.97,9.7
16-10-2023,HDFC,22.4363,7.333,830197.91,100,0,40.33,49.97,9.7
17-10-2023,HDFC,22.4401,7.328,830197.91,100,0,40.33,49.97,9.7
18-10-2023,HDFC,22.443,7.353,830197.91,100,0,40.33,49.97,9.7
19-10-2023,HDFC,22.4414,7.369,830197.91,100,0,40.33,49.97,9.7
20-10-2023,HDFC,22.4434,7.365,830197.91,100,0,40.33,49.97,9.7
23-10-2023,HDFC,22.4544,7.382,830197.91,100,0,40.33,49.97,9.7
25-10-2023,HDFC,22.47,7.343,830197.91,100,0,40.33,49.97,9.7
26-10-2023,HDFC,22.4708,7.366,830197.91,100,0,40.33,49.97,9.7
27-10-2023,HDFC,22.4776,7.351,830197.91,100,0,40.33,49.97,9.7
30-10-2023,HDFC,22.4881,7.369,830197.91,100,0,40.33,49.97,9.7
31-10-2023,HDFC,22.4918,7.351,830197.91,100,0,40.33,49.97,9.7
01-11-2023,HDFC,22.4937,7.358,828220.35,100,0,40.14,51.6,8.26
02-11-2023,HDFC,22.5062,7.322,828220.35,100,0,40.14,51.6,8.26
03-11-2023,HDFC,22.5185,7.317,828220.35,100,0,40.14,51.6,8.26
06-11-2023,HDFC,22.5364,7.305,828220.35,100,0,40.14,51.6,8.26
07-11-2023,HDFC,22.5431,7.28,828220.35,100,0,40.14,51.6,8.26
08-11-2023,HDFC,22.5534,7.266,828220.35,100,0,40.14,51.6,8.26
09-11-2023,HDFC,22.5587,7.269,828220.35,100,0,40.14,51.6,8.26
10-11-2023,HDFC,22.5573,7.3,828220.35,100,0,40.14,51.6,8.26
13-11-2023,HDFC,22.5775,7.283,828220.35,100,0,40.14,51.6,8.26
15-11-2023,HDFC,22.5916,7.225,828220.35,100,0,40.14,51.6,8.26
16-11-2023,HDFC,22.5986,7.232,828220.35,100,0,40.14,51.6,8.26
17-11-2023,HDFC,22.6043,7.212,828220.35,100,0,40.14,51.6,8.26
20-11-2023,HDFC,22.6129,7.252,828220.35,100,0,40.14,51.6,8.26
21-11-2023,HDFC,22.6053,7.269,828220.35,100,0,40.14,51.6,8.26
22-11-2023,HDFC,22.6094,7.247,828220.35,100,0,40.14,51.6,8.26
23-11-2023,HDFC,22.6142,7.253,828220.35,100,0,40.14,51.6,8.26
24-11-2023,HDFC,22.6099,7.272,828220.35,100,0,40.14,51.6,8.26
28-11-2023,HDFC,22.6311,7.273,828220.35,100,0,40.14,51.6,8.26
29-11-2023,HDFC,22.6324,7.252,828220.35,100,0,40.14,51.6,8.26
30-11-2023,HDFC,22.6304,7.279,828220.35,100,0,40.14,51.6,8.26
01-12-2023,HDFC,22.6311,7.29,823938.4,100,0,32.87,54.78,12.35
04-12-2023,HDFC,22.6482,7.271,823938.4,100,0,32.87,54.78,12.35
05-12-2023,HDFC,22.65,7.262,823938.4,100,0,32.87,54.78,12.35
06-12-2023,HDFC,22.6554,7.248,823938.4,100,0,32.87,54.78,12.35
07-12-2023,HDFC,22.6642,7.236,823938.4,100,0,32.87,54.78,12.35
08-12-2023,HDFC,22.6682,7.266,823938.4,100,0,32.87,54.78,12.35
11-12-2023,HDFC,22.6791,7.281,823938.4,100,0,32.87,54.78,12.35
12-12-2023,HDFC,22.6791,7.275,823938.4,100,0,32.87,54.78,12.35
13-12-2023,HDFC,22.6824,7.259,823938.4,100,0,32.87,54.78,12.35
14-12-2023,HDFC,22.7001,7.194,823938.4,100,0,32.87,54.78,12.35
15-12-2023,HDFC,22.719,7.163,823938.4,100,0,32.87,54.78,12.35
18-12-2023,HDFC,22.7343,7.153,823938.4,100,0,32.87,54.78,12.35
19-12-2023,HDFC,22.7363,7.171,823938.4,100,0,32.87,54.78,12.35
20-12-2023,HDFC,22.7679,7.171,823938.4,100,0,32.87,54.78,12.35
21-12-2023,HDFC,22.7654,7.184,823938.4,100,0,32.87,54.78,12.35
22-12-2023,HDFC,22.7615,7.188,823938.4,100,0,32.87,54.78,12.35
26-12-2023,HDFC,22.7873,7.183,823938.4,100,0,32.87,54.78,12.35
27-12-2023,HDFC,22.7845,7.205,823938.4,100,0,32.87,54.78,12.35
28-12-2023,HDFC,22.7797,7.207,823938.4,100,0,32.87,54.78,12.35
29-12-2023,HDFC,22.7898,7.176,823938.4,100,0,32.87,54.78,12.35
01-01-2024,HDFC,22.8103,7.196,824543.91,100,0,33.5,55.27,11.23
02-01-2024,HDFC,22.8182,7.206,824543.91,100,0,33.5,55.27,11.23
03-01-2024,HDFC,22.8318,7.216,824543.91,100,0,33.5,55.27,11.23
04-01-2024,HDFC,22.8344,7.22,824543.91,100,0,33.5,55.27,11.23
05-01-2024,HDFC,22.8377,7.235,824543.91,100,0,33.5,55.27,11.23
08-01-2024,HDFC,22.8491,7.203,824543.91,100,0,33.5,55.27,11.23
09-01-2024,HDFC,22.8637,7.189,824543.91,100,0,33.5,55.27,11.23
10-01-2024,HDFC,22.883,7.178,824543.91,100,0,33.5,55.27,11.23
11-01-2024,HDFC,22.9018,7.165,824543.91,100,0,33.5,55.27,11.23
12-01-2024,HDFC,22.9095,7.178,824543.91,100,0,33.5,55.27,11.23
15-01-2024,HDFC,22.9264,7.148,824543.91,100,0,33.5,55.27,11.23
16-01-2024,HDFC,22.9311,7.146,824543.91,100,0,33.5,55.27,11.23
17-01-2024,HDFC,22.936,7.163,824543.91,100,0,33.5,55.27,11.23
18-01-2024,HDFC,22.9427,7.178,824543.91,100,0,33.5,55.27,11.23
19-01-2024,HDFC,22.9363,7.184,824543.91,100,0,33.5,55.27,11.23
23-01-2024,HDFC,22.9602,7.174,824543.91,100,0,33.5,55.27,11.23
24-01-2024,HDFC,22.9641,7.181,824543.91,100,0,33.5,55.27,11.23
25-01-2024,HDFC,22.9493,7.171,824543.91,100,0,33.5,55.27,11.23
29-01-2024,HDFC,22.9796,7.171,824543.91,100,0,33.5,55.27,11.23
30-01-2024,HDFC,22.9793,7.155,824543.91,100,0,33.5,55.27,11.23
31-01-2024,HDFC,22.9968,7.144,824543.91,100,0,33.5,55.27,11.23
01-02-2024,HDFC,23.0295,7.064,819140.1,100,0,30.14,56.67,13.19
02-02-2024,HDFC,23.0488,7.05,819140.1,100,0,30.14,56.67,13.19
05-02-2024,HDFC,23.0496,7.091,819140.1,100,0,30.14,56.67,13.19
06-02-2024,HDFC,23.0499,7.092,819140.1,100,0,30.14,56.67,13.19
07-02-2024,HDFC,23.0547,7.074,819140.1,100,0,30.14,56.67,13.19
08-02-2024,HDFC,23.0595,7.082,819140.1,100,0,30.14,56.67,13.19
09-02-2024,HDFC,23.0566,7.114,819140.1,100,0,30.14,56.67,13.19
12-02-2024,HDFC,23.0682,7.097,819140.1,100,0,30.14,56.67,13.19
13-02-2024,HDFC,23.0804,7.097,819140.1,100,0,30.14,56.67,13.19
14-02-2024,HDFC,23.0892,7.114,819140.1,100,0,30.14,56.67,13.19
15-02-2024,HDFC,23.1004,7.085,819140.1,100,0,30.14,56.67,13.19
16-02-2024,HDFC,23.1033,7.099,819140.1,100,0,30.14,56.67,13.19
20-02-2024,HDFC,23.1285,7.062,819140.1,100,0,30.14,56.67,13.19
21-02-2024,HDFC,23.1188,7.045,819140.1,100,0,30.14,56.67,13.19
22-02-2024,HDFC,23.115,7.062,819140.1,100,0,30.14,56.67,13.19
23-02-2024,HDFC,23.134,7.077,819140.1,100,0,30.14,56.67,13.19
26-02-2024,HDFC,23.1603,7.063,819140.1,100,0,30.14,56.67,13.19
27-02-2024,HDFC,23.1591,7.068,819140.1,100,0,30.14,56.67,13.19
28-02-2024,HDFC,23.1611,7.065,819140.1,100,0,30.14,56.67,13.19
29-02-2024,HDFC,23.1771,7.078,819140.1,100,0,30.14,56.67,13.19
01-03-2024,HDFC,23.1915,7.06,816748.39,100,0,31.81,56.55,11.64
04-03-2024,HDFC,23.2002,7.06,816748.39,100,0,31.81,56.55,11.64
05-03-2024,HDFC,23.2231,7.057,816748.39,100,0,31.81,56.55,11.64
06-03-2024,HDFC,23.2183,7.054,816748.39,100,0,31.81,56.55,11.64
07-03-2024,HDFC,23.2335,7.031,816748.39,100,0,31.81,56.55,11.64
11-03-2024,HDFC,23.2616,7.014,816748.39,100,0,31.81,56.55,11.64
12-03-2024,HDFC,23.2666,7.026,816748.39,100,0,31.81,56.55,11.64
13-03-2024,HDFC,23.2812,7.039,816748.39,100,0,31.81,56.55,11.64
14-03-2024,HDFC,23.2879,7.041,816748.39,100,0,31.81,56.55,11.64
15-03-2024,HDFC,23.3076,7.062,816748.39,100,0,31.81,56.55,11.64
18-03-2024,HDFC,23.3013,7.087,816748.39,100,0,31.81,56.55,11.64
19-03-2024,HDFC,23.304,7.095,816748.39,100,0,31.81,56.55,11.64
20-03-2024,HDFC,23.2871,7.097,816748.39,100,0,31.81,56.55,11.64
21-03-2024,HDFC,23.3111,7.05,816748.39,100,0,31.81,56.55,11.64
22-03-2024,HDFC,23.3156,7.087,816748.39,100,0,31.81,56.55,11.64
26-03-2024,HDFC,23.3313,7.089,816748.39,100,0,31.81,56.55,11.64
27-03-2024,HDFC,23.3399,7.072,816748.39,100,0,31.81,56.55,11.64
28-03-2024,HDFC,23.3538,7.052,816748.39,100,0,31.81,56.55,11.64
31-03-2024,HDFC,23.3667,7.052,816748.39,100,0,31.81,56.55,11.64
02-04-2024,HDFC,23.3734,7.108,809219.9,100,0,33.08,55.5,11.42
03-04-2024,HDFC,23.3778,7.104,809219.9,100,0,33.08,55.5,11.42
04-04-2024,HDFC,23.3918,7.094,809219.9,100,0,33.08,55.5,11.42
05-04-2024,HDFC,23.3922,7.117,809219.9,100,0,33.08,55.5,11.42
08-04-2024,HDFC,23.3888,7.154,809219.9,100,0,33.08,55.5,11.42
10-04-2024,HDFC,23.386,7.116,809219.9,100,0,33.08,55.5,11.42
12-04-2024,HDFC,23.3667,7.179,809219.9,100,0,33.08,55.5,11.42
15-04-2024,HDFC,23.3735,7.175,809219.9,100,0,33.08,55.5,11.42
16-04-2024,HDFC,23.3646,7.193,809219.9,100,0,33.08,55.5,11.42
18-04-2024,HDFC,23.4003,7.18,809219.9,100,0,33.08,55.5,11.42
19-04-2024,HDFC,23.3926,7.225,809219.9,100,0,33.08,55.5,11.42
22-04-2024,HDFC,23.4054,7.192,809219.9,100,0,33.08,55.5,11.42
23-04-2024,HDFC,23.424,7.167,809219.9,100,0,33.08,55.5,11.42
24-04-2024,HDFC,23.434,7.186,809219.9,100,0,33.08,55.5,11.42
25-04-2024,HDFC,23.4417,7.204,809219.9,100,0,33.08,55.5,11.42
26-04-2024,HDFC,23.4289,7.199,809219.9,100,0,33.08,55.5,11.42
29-04-2024,HDFC,23.429,7.196,809219.9,100,0,33.08,55.5,11.42
30-04-2024,HDFC,23.4381,7.195,809219.9,100,0,33.08,55.5,11.42
02-05-2024,HDFC,23.4454,7.162,798005.41,100,0,31.77,56.08,12.15
03-05-2024,HDFC,23.4461,7.149,798005.41,100,0,31.77,56.08,12.15
06-05-2024,HDFC,23.4592,7.108,798005.41,100,0,31.77,56.08,12.15
07-05-2024,HDFC,23.4656,7.129,798005.41,100,0,31.77,56.08,12.15
08-05-2024,HDFC,23.4794,7.138,798005.41,100,0,31.77,56.08,12.15
09-05-2024,HDFC,23.485,7.135,798005.41,100,0,31.77,56.08,12.15
10-05-2024,HDFC,23.4921,7.127,798005.41,100,0,31.77,56.08,12.15
13-05-2024,HDFC,23.4944,7.116,798005.41,100,0,31.77,56.08,12.15
14-05-2024,HDFC,23.5044,7.109,798005.41,100,0,31.77,56.08,12.15
15-05-2024,HDFC,23.5045,7.086,798005.41,100,0,31.77,56.08,12.15
16-05-2024,HDFC,23.5199,7.076,798005.41,100,0,31.77,56.08,12.15
17-05-2024,HDFC,23.5109,7.095,798005.41,100,0,31.77,56.08,12.15
21-05-2024,HDFC,23.5478,7.078,798005.41,100,0,31.77,56.08,12.15
22-05-2024,HDFC,23.5469,6.997,798005.41,100,0,31.77,56.08,12.15
24-05-2024,HDFC,23.5622,6.998,798005.41,100,0,31.77,56.08,12.15
27-05-2024,HDFC,23.5751,6.981,798005.41,100,0,31.77,56.08,12.15
28-05-2024,HDFC,23.5777,6.995,798005.41,100,0,31.77,56.08,12.15
29-05-2024,HDFC,23.59,7.008,798005.41,100,0,31.77,56.08,12.15
30-05-2024,HDFC,23.6025,7.003,798005.41,100,0,31.77,56.08,12.15
31-05-2024,HDFC,23.6241,6.986,798005.41,100,0,31.77,56.08,12.15
03-06-2024,HDFC,23.656,6.947,785926.5,100,0,30.94,59.59,9.47
04-06-2024,HDFC,23.6036,7.033,785926.5,100,0,30.94,59.59,9.47
05-06-2024,HDFC,23.6209,7.026,785926.5,100,0,30.94,59.59,9.47
06-06-2024,HDFC,23.6392,7.015,785926.5,100,0,30.94,59.59,9.47
07-06-2024,HDFC,23.6422,7.018,785926.5,100,0,30.94,59.59,9.47
10-06-2024,HDFC,23.6622,7.032,785926.5,100,0,30.94,59.59,9.47
11-06-2024,HDFC,23.6786,7.014,785926.5,100,0,30.94,59.59,9.47
12-06-2024,HDFC,23.6926,7.012,785926.5,100,0,30.94,59.59,9.47
13-06-2024,HDFC,23.7032,6.986,785926.5,100,0,30.94,59.59,9.47
14-06-2024,HDFC,23.7124,6.984,785926.5,100,0,30.94,59.59,9.47
18-06-2024,HDFC,23.7246,6.981,785926.5,100,0,30.94,59.59,9.47
19-06-2024,HDFC,23.7271,6.974,785926.5,100,0,30.94,59.59,9.47
20-06-2024,HDFC,23.7361,6.976,785926.5,100,0,30.94,59.59,9.47
21-06-2024,HDFC,23.7411,6.973,785926.5,100,0,30.94,59.59,9.47
24-06-2024,HDFC,23.7366,6.971,785926.5,100,0,30.94,59.59,9.47
25-06-2024,HDFC,23.7512,6.983,785926.5,100,0,30.94,59.59,9.47
26-06-2024,HDFC,23.7503,6.997,785926.5,100,0,30.94,59.59,9.47
27-06-2024,HDFC,23.7461,7,785926.5,100,0,30.94,59.59,9.47
28-06-2024,HDFC,23.7522,7.008,785926.5,100,0,30.94,59.59,9.47
01-07-2024,HDFC,23.7716,7.013,774307.26,100,0,28.35,60.24,11.41
02-07-2024,HDFC,23.7759,7.009,774307.26,100,0,28.35,60.24,11.41
03-07-2024,HDFC,23.7842,7.001,774307.26,100,0,28.35,60.24,11.41
04-07-2024,HDFC,23.7955,6.998,774307.26,100,0,28.35,60.24,11.41
05-07-2024,HDFC,23.7992,6.993,774307.26,100,0,28.35,60.24,11.41
08-07-2024,HDFC,23.8125,6.989,774307.26,100,0,28.35,60.24,11.41
09-07-2024,HDFC,23.822,6.989,774307.26,100,0,28.35,60.24,11.41
10-07-2024,HDFC,23.8332,6.976,774307.26,100,0,28.35,60.24,11.41
11-07-2024,HDFC,23.8415,6.982,774307.26,100,0,28.35,60.24,11.41
12-07-2024,HDFC,23.8543,6.986,774307.26,100,0,28.35,60.24,11.41
15-07-2024,HDFC,23.8665,6.981,774307.26,100,0,28.35,60.24,11.41
16-07-2024,HDFC,23.8749,6.966,774307.26,100,0,28.35,60.24,11.41
18-07-2024,HDFC,23.8884,6.966,774307.26,100,0,28.35,60.24,11.41
19-07-2024,HDFC,23.897,6.965,774307.26,100,0,28.35,60.24,11.41
22-07-2024,HDFC,23.9112,6.967,774307.26,100,0,28.35,60.24,11.41
23-07-2024,HDFC,23.9238,6.97,774307.26,100,0,28.35,60.24,11.41
24-07-2024,HDFC,23.9246,6.964,774307.26,100,0,28.35,60.24,11.41
25-07-2024,HDFC,23.9433,6.952,774307.26,100,0,28.35,60.24,11.41
26-07-2024,HDFC,23.9611,6.94,774307.26,100,0,28.35,60.24,11.41
29-07-2024,HDFC,23.978,6.919,774307.26,100,0,28.35,60.24,11.41
30-07-2024,HDFC,23.9833,6.931,774307.26,100,0,28.35,60.24,11.41
31-07-2024,HDFC,23.9672,6.924,774307.26,100,0,28.35,60.24,11.41
01-08-2024,HDFC,23.998,6.916,766917.56,100,0,25.83,62.87,11.3
02-08-2024,HDFC,24.0051,6.9,766917.56,100,0,25.83,62.87,11.3
05-08-2024,HDFC,24.0289,6.86,766917.56,100,0,25.83,62.87,11.3
06-08-2024,HDFC,24.0432,6.872,766917.56,100,0,25.83,62.87,11.3
07-08-2024,HDFC,24.0417,6.862,766917.56,100,0,25.83,62.87,11.3
08-08-2024,HDFC,24.0461,6.877,766917.56,100,0,25.83,62.87,11.3
09-08-2024,HDFC,24.0598,6.88,766917.56,100,0,25.83,62.87,11.3
12-08-2024,HDFC,24.0864,6.879,766917.56,100,0,25.83,62.87,11.3
13-08-2024,HDFC,24.0901,6.88,766917.56,100,0,25.83,62.87,11.3
14-08-2024,HDFC,24.1089,6.858,766917.56,100,0,25.83,62.87,11.3
16-08-2024,HDFC,24.1254,6.867,766917.56,100,0,25.83,62.87,11.3
19-08-2024,HDFC,24.1434,6.864,766917.56,100,0,25.83,62.87,11.3
20-08-2024,HDFC,24.1255,6.856,766917.56,100,0,25.83,62.87,11.3
21-08-2024,HDFC,24.1464,6.853,766917.56,100,0,25.83,62.87,11.3
22-08-2024,HDFC,24.1493,6.852,766917.56,100,0,25.83,62.87,11.3
23-08-2024,HDFC,24.1493,6.859,766917.56,100,0,25.83,62.87,11.3
26-08-2024,HDFC,24.1534,6.851,766917.56,100,0,25.83,62.87,11.3
27-08-2024,HDFC,24.1634,6.861,766917.56,100,0,25.83,62.87,11.3
28-08-2024,HDFC,24.1796,6.861,766917.56,100,0,25.83,62.87,11.3
29-08-2024,HDFC,24.1947,6.864,766917.56,100,0,25.83,62.87,11.3
30-08-2024,HDFC,24.2201,6.863,766917.56,100,0,25.83,62.87,11.3
02-09-2024,HDFC,24.2271,6.876,752636.07,100,0,24.44,64.35,11.21
03-09-2024,HDFC,24.2311,6.87,752636.07,100,0,24.44,64.35,11.21
04-09-2024,HDFC,24.2474,6.859,752636.07,100,0,24.44,64.35,11.21
05-09-2024,HDFC,24.2536,6.855,752636.07,100,0,24.44,64.35,11.21
06-09-2024,HDFC,24.2594,6.854,752636.07,100,0,24.44,64.35,11.21
09-09-2024,HDFC,24.2822,6.854,752636.07,100,0,24.44,64.35,11.21
10-09-2024,HDFC,24.2856,6.851,752636.07,100,0,24.44,64.35,11.21
11-09-2024,HDFC,24.3043,6.83,752636.07,100,0,24.44,64.35,11.21
12-09-2024,HDFC,24.3076,6.811,752636.07,100,0,24.44,64.35,11.21
13-09-2024,HDFC,24.3125,6.792,752636.07,100,0,24.44,64.35,11.21
16-09-2024,HDFC,24.3401,6.762,752636.07,100,0,24.44,64.35,11.21
17-09-2024,HDFC,24.3367,6.779,752636.07,100,0,24.44,64.35,11.21
19-09-2024,HDFC,24.3596,6.758,752636.07,100,0,24.44,64.35,11.21
20-09-2024,HDFC,24.36,6.761,752636.07,100,0,24.44,64.35,11.21
23-09-2024,HDFC,24.3744,6.767,752636.07,100,0,24.44,64.35,11.21
24-09-2024,HDFC,24.3901,6.761,752636.07,100,0,24.44,64.35,11.21
25-09-2024,HDFC,24.3939,6.738,752636.07,100,0,24.44,64.35,11.21
26-09-2024,HDFC,24.4304,6.718,752636.07,100,0,24.44,64.35,11.21
27-09-2024,HDFC,24.4057,6.759,752636.07,100,0,24.44,64.35,11.21
30-09-2024,HDFC,24.4287,6.75,752636.07,100,0,24.44,64.35,11.21
01-10-2024,HDFC,24.4347,6.732,746114.48,100,0,24.8,59.9,15.3
03-10-2024,HDFC,24.4451,6.777,746114.48,100,0,24.8,59.9,15.3
04-10-2024,HDFC,24.4402,6.829,746114.48,100,0,24.8,59.9,15.3
07-10-2024,HDFC,24.4446,6.846,746114.48,100,0,24.8,59.9,15.3
08-10-2024,HDFC,24.4558,6.806,746114.48,100,0,24.8,59.9,15.3
09-10-2024,HDFC,24.4674,6.766,746114.48,100,0,24.8,59.9,15.3
10-10-2024,HDFC,24.4798,6.776,746114.48,100,0,24.8,59.9,15.3
11-10-2024,HDFC,24.4789,6.788,746114.48,100,0,24.8,59.9,15.3
14-10-2024,HDFC,24.5016,6.782,746114.48,100,0,24.8,59.9,15.3
15-10-2024,HDFC,24.5093,6.769,746114.48,100,0,24.8,59.9,15.3
16-10-2024,HDFC,24.5111,6.773,746114.48,100,0,24.8,59.9,15.3
17-10-2024,HDFC,24.5108,6.784,746114.48,100,0,24.8,59.9,15.3
18-10-2024,HDFC,24.5134,6.809,746114.48,100,0,24.8,59.9,15.3
21-10-2024,HDFC,24.5216,6.837,746114.48,100,0,24.8,59.9,15.3
22-10-2024,HDFC,24.5152,6.832,746114.48,100,0,24.8,59.9,15.3
23-10-2024,HDFC,24.5258,6.818,746114.48,100,0,24.8,59.9,15.3
24-10-2024,HDFC,24.5274,6.822,746114.48,100,0,24.8,59.9,15.3
25-10-2024,HDFC,24.5387,6.845,746114.48,100,0,24.8,59.9,15.3
28-10-2024,HDFC,24.5543,6.861,746114.48,100,0,24.8,59.9,15.3
29-10-2024,HDFC,24.5866,6.847,746114.48,100,0,24.8,59.9,15.3
30-10-2024,HDFC,24.588,6.827,746114.48,100,0,24.8,59.9,15.3
31-10-2024,HDFC,24.5918,6.841,746114.48,100,0,24.8,59.9,15.3
04-11-2024,HDFC,24.6238,6.797,740424.7,100,0,26.23,58.34,15.43
05-11-2024,HDFC,24.6117,6.799,740424.7,100,0,26.23,58.34,15.43
06-11-2024,HDFC,24.6117,6.798,740424.7,100,0,26.23,58.34,15.43
07-11-2024,HDFC,24.6185,6.796,740424.7,100,0,26.23,58.34,15.43
08-11-2024,HDFC,24.6347,6.774,740424.7,100,0,26.23,58.34,15.43
11-11-2024,HDFC,24.6486,6.785,740424.7,100,0,26.23,58.34,15.43
12-11-2024,HDFC,24.6439,6.795,740424.7,100,0,26.23,58.34,15.43
13-11-2024,HDFC,24.6266,6.804,740424.7,100,0,26.23,58.34,15.43
14-11-2024,HDFC,24.6302,6.827,740424.7,100,0,26.23,58.34,15.43
18-11-2024,HDFC,24.6423,6.821,740424.7,100,0,26.23,58.34,15.43
19-11-2024,HDFC,24.6472,6.811,740424.7,100,0,26.23,58.34,15.43
21-11-2024,HDFC,24.6404,6.831,740424.7,100,0,26.23,58.34,15.43
22-11-2024,HDFC,24.6433,6.85,740424.7,100,0,26.23,58.34,15.43
25-11-2024,HDFC,24.6641,6.822,740424.7,100,0,26.23,58.34,15.43
26-11-2024,HDFC,24.6676,6.827,740424.7,100,0,26.23,58.34,15.43
27-11-2024,HDFC,24.6765,6.812,740424.7,100,0,26.23,58.34,15.43
28-11-2024,HDFC,24.678,6.805,740424.7,100,0,26.23,58.34,15.43
29-11-2024,HDFC,24.6932,6.751,740424.7,100,0,26.23,58.34,15.43
02-12-2024,HDFC,24.7223,6.71,734444.39,100,0,27.50851192,57.72080913,14.77067895
03-12-2024,HDFC,24.7251,6.714,734444.39,100,0,27.50851192,57.72080913,14.77067895
04-12-2024,HDFC,24.7354,6.686,734444.39,100,0,27.50851192,57.72080913,14.77067895
05-12-2024,HDFC,24.7574,6.68,734444.39,100,0,27.50851192,57.72080913,14.77067895
06-12-2024,HDFC,24.7446,6.74,734444.39,100,0,27.50851192,57.72080913,14.77067895
09-12-2024,HDFC,24.7537,6.717,734444.39,100,0,27.50851192,57.72080913,14.77067895
10-12-2024,HDFC,24.7661,6.705,734444.39,100,0,27.50851192,57.72080913,14.77067895
11-12-2024,HDFC,24.7643,6.718,734444.39,100,0,27.50851192,57.72080913,14.77067895
12-12-2024,HDFC,24.7653,6.736,734444.39,100,0,27.50851192,57.72080913,14.77067895
13-12-2024,HDFC,24.7756,6.729,734444.39,100,0,27.50851192,57.72080913,14.77067895
16-12-2024,HDFC,24.7907,6.741,734444.39,100,0,27.50851192,57.72080913,14.77067895
17-12-2024,HDFC,24.7927,6.759,734444.39,100,0,27.50851192,57.72080913,14.77067895
18-12-2024,HDFC,24.8059,6.751,734444.39,100,0,27.50851192,57.72080913,14.77067895
19-12-2024,HDFC,24.7945,6.787,734444.39,100,0,27.50851192,57.72080913,14.77067895
20-12-2024,HDFC,24.7612,6.791,734444.39,100,0,27.50851192,57.72080913,14.77067895
23-12-2024,HDFC,24.7889,6.776,734444.39,100,0,27.50851192,57.72080913,14.77067895
24-12-2024,HDFC,24.7987,6.776,734444.39,100,0,27.50851192,57.72080913,14.77067895
26-12-2024,HDFC,24.8054,6.784,734444.39,100,0,27.50851192,57.72080913,14.77067895
27-12-2024,HDFC,24.81,6.787,734444.39,100,0,27.50851192,57.72080913,14.77067895
30-12-2024,HDFC,24.8075,6.775,734444.39,100,0,27.50851192,57.72080913,14.77067895
31-12-2024,HDFC,24.8095,6.759,734444.39,100,0,27.50851192,57.72080913,14.77067895
01-01-2025,HDFC,24.8241,6.779,728630.7,100,0,24.92,56.57,18.51
02-01-2025,HDFC,24.8345,6.787,728630.7,100,0,24.92,56.57,18.51
03-01-2025,HDFC,24.8397,6.779,728630.7,100,0,24.92,56.57,18.51
06-01-2025,HDFC,24.855,6.763,728630.7,100,0,24.92,56.57,18.51
07-01-2025,HDFC,24.8694,6.746,728630.7,100,0,24.92,56.57,18.51
08-01-2025,HDFC,24.8699,6.767,728630.7,100,0,24.92,56.57,18.51
09-01-2025,HDFC,24.8718,6.764,728630.7,100,0,24.92,56.57,18.51
10-01-2025,HDFC,24.8806,6.769,728630.7,100,0,24.92,56.57,18.51
13-01-2025,HDFC,24.8582,6.843,728630.7,100,0,24.92,56.57,18.51
14-01-2025,HDFC,24.8696,6.829,728630.7,100,0,24.92,56.57,18.51
15-01-2025,HDFC,24.8738,6.813,728630.7,100,0,24.92,56.57,18.51
16-01-2025,HDFC,24.8944,6.754,728630.7,100,0,24.92,56.57,18.51
17-01-2025,HDFC,24.9063,6.774,728630.7,100,0,24.92,56.57,18.51
20-01-2025,HDFC,24.917,6.763,728630.7,100,0,24.92,56.57,18.51
21-01-2025,HDFC,24.928,6.734,728630.7,100,0,24.92,56.57,18.51
22-01-2025,HDFC,24.9275,6.719,728630.7,100,0,24.92,56.57,18.51
23-01-2025,HDFC,24.9342,6.736,728630.7,100,0,24.92,56.57,18.51
24-01-2025,HDFC,24.9437,6.72,728630.7,100,0,24.92,56.57,18.51
27-01-2025,HDFC,24.9669,6.675,728630.7,100,0,24.92,56.57,18.51
28-01-2025,HDFC,24.97,6.681,728630.7,100,0,24.92,56.57,18.51
29-01-2025,HDFC,24.9745,6.683,728630.7,100,0,24.92,56.57,18.51
30-01-2025,HDFC,24.9852,6.678,728630.7,100,0,24.92,56.57,18.51
31-01-2025,HDFC,24.9925,6.694,728630.7,100,0,24.92,56.57,18.51
03-02-2025,HDFC,25.0319,6.67,725241.94,100,0,23.79,55.32,20.89
04-02-2025,HDFC,25.026,6.672,725241.94,100,0,23.79,55.32,20.89
05-02-2025,HDFC,25.0416,6.664,725241.94,100,0,23.79,55.32,20.89
06-02-2025,HDFC,25.0617,6.657,725241.94,100,0,23.79,55.32,20.89
07-02-2025,HDFC,25.0462,6.699,725241.94,100,0,23.79,55.32,20.89
10-02-2025,HDFC,25.0451,6.713,725241.94,100,0,23.79,55.32,20.89
11-02-2025,HDFC,25.0502,6.697,725241.94,100,0,23.79,55.32,20.89
12-02-2025,HDFC,25.0503,6.697,725241.94,100,0,23.79,55.32,20.89
13-02-2025,HDFC,25.0493,6.712,725241.94,100,0,23.79,55.32,20.89
14-02-2025,HDFC,25.0504,6.705,725241.94,100,0,23.79,55.32,20.89
17-02-2025,HDFC,25.0638,6.692,725241.94,100,0,23.79,55.32,20.89
18-02-2025,HDFC,25.0611,6.682,725241.94,100,0,23.79,55.32,20.89
20-02-2025,HDFC,25.072,6.703,725241.94,100,0,23.79,55.32,20.89
21-02-2025,HDFC,25.0892,6.708,725241.94,100,0,23.79,55.32,20.89
24-02-2025,HDFC,25.0863,6.7,725241.94,100,0,23.79,55.32,20.89
25-02-2025,HDFC,25.0985,6.706,725241.94,100,0,23.79,55.32,20.89
27-02-2025,HDFC,25.1174,6.71,725241.94,100,0,23.79,55.32,20.89
28-02-2025,HDFC,25.1143,6.72,725241.94,100,0,23.79,55.32,20.89
03-03-2025,HDFC,25.1169,6.73,722972.59,100,0,27.19,54.75,18.06
04-03-2025,HDFC,25.1181,6.74,722972.59,100,0,27.19,54.75,18.06
05-03-2025,HDFC,25.1176,6.71,722972.59,100,0,27.19,54.75,18.06
06-03-2025,HDFC,25.1281,6.68,722972.59,100,0,27.19,54.75,18.06
07-03-2025,HDFC,25.1376,6.68,722972.59,100,0,27.19,54.75,18.06
10-03-2025,HDFC,25.14,6.7,722972.59,100,0,27.19,54.75,18.06
11-03-2025,HDFC,25.1587,6.69,722972.59,100,0,27.19,54.75,18.06
12-03-2025,HDFC,25.1717,6.68,722972.59,100,0,27.19,54.75,18.06
13-03-2025,HDFC,25.1845,6.69,722972.59,100,0,27.19,54.75,18.06
17-03-2025,HDFC,25.209,6.69,722972.59,100,0,27.19,54.75,18.06
18-03-2025,HDFC,25.2164,6.67,722972.59,100,0,27.19,54.75,18.06
19-03-2025,HDFC,25.2486,6.66,722972.59,100,0,27.19,54.75,18.06
20-03-2025,HDFC,25.2629,6.64,722972.59,100,0,27.19,54.75,18.06
21-03-2025,HDFC,25.2725,6.62,722972.59,100,0,27.19,54.75,18.06
24-03-2025,HDFC,25.2882,6.62,722972.59,100,0,27.19,54.75,18.06
25-03-2025,HDFC,25.3032,6.63,722972.59,100,0,27.19,54.75,18.06
26-03-2025,HDFC,25.3172,6.6,722972.59,100,0,27.19,54.75,18.06
27-03-2025,HDFC,25.3519,6.59,722972.59,100,0,27.19,54.75,18.06
28-03-2025,HDFC,25.3723,6.58,722972.59,100,0,27.19,54.75,18.06
31-03-2025,HDFC,25.3439,6.58,722972.59,100,0,27.19,54.75,18.06
02-04-2025,HDFC,25.4302,6.48,718009.99,100,0,26.29,56.04,17.67
03-04-2025,HDFC,25.4633,6.5,718009.99,100,0,26.29,56.04,17.67
04-04-2025,HDFC,25.479,6.46,718009.99,100,0,26.29,56.04,17.67
07-04-2025,HDFC,25.4708,6.48,718009.99,100,0,26.29,56.04,17.67
08-04-2025,HDFC,25.4643,6.47,718009.99,100,0,26.29,56.04,17.67
09-04-2025,HDFC,25.487,6.44,718009.99,100,0,26.29,56.04,17.67
11-04-2025,HDFC,25.498,6.44,718009.99,100,0,26.29,56.04,17.67
15-04-2025,HDFC,25.5325,6.41,718009.99,100,0,26.29,56.04,17.67
16-04-2025,HDFC,25.5489,6.39,718009.99,100,0,26.29,56.04,17.67
17-04-2025,HDFC,25.5663,6.37,718009.99,100,0,26.29,56.04,17.67
21-04-2025,HDFC,25.6107,6.32,718009.99,100,0,26.29,56.04,17.67
22-04-2025,HDFC,25.6416,6.32,718009.99,100,0,26.29,56.04,17.67
23-04-2025,HDFC,25.6517,6.33,718009.99,100,0,26.29,56.04,17.67
24-04-2025,HDFC,25.6611,6.32,718009.99,100,0,26.29,56.04,17.67
25-04-2025,HDFC,25.6485,6.36,718009.99,100,0,26.29,56.04,17.67
28-04-2025,HDFC,25.6552,6.342,718009.99,100,0,26.29,56.04,17.67
29-04-2025,HDFC,25.6668,6.358,718009.99,100,0,26.29,56.04,17.67
30-04-2025,HDFC,25.6847,6.358,718009.99,100,0,26.29,56.04,17.67
02-05-2025,HDFC,25.6944,6.358,711201.27,100,0,23.27,56.5,20.23
05-05-2025,HDFC,25.721,6.35,711201.27,100,0,23.27,56.5,20.23
06-05-2025,HDFC,25.709,6.337,711201.27,100,0,23.27,56.5,20.23
07-05-2025,HDFC,25.7233,6.395,711201.27,100,0,23.27,56.5,20.23
08-05-2025,HDFC,25.6716,6.377,711201.27,100,0,23.27,56.5,20.23
09-05-2025,HDFC,25.6828,6.377,711201.27,100,0,23.27,56.5,20.23
13-05-2025,HDFC,25.7509,6.242,711201.27,100,0,23.27,56.5,20.23
14-05-2025,HDFC,25.7833,6.231,711201.27,100,0,23.27,56.5,20.23
15-05-2025,HDFC,25.8029,6.22,711201.27,100,0,23.27,56.5,20.23
16-05-2025,HDFC,25.8399,6.22,711201.27,100,0,23.27,56.5,20.23
19-05-2025,HDFC,25.8603,6.23,711201.27,100,0,23.27,56.5,20.23
20-05-2025,HDFC,25.8792,6.22,711201.27,100,0,23.27,56.5,20.23
21-05-2025,HDFC,25.9077,6.19,711201.27,100,0,23.27,56.5,20.23
22-05-2025,HDFC,25.9012,6.21,711201.27,100,0,23.27,56.5,20.23
23-05-2025,HDFC,25.9116,6.21,711201.27,100,0,23.27,56.5,20.23
26-05-2025,HDFC,25.9135,6.2,711201.27,100,0,23.27,56.5,20.23
27-05-2025,HDFC,25.9195,6.2,711201.27,100,0,23.27,56.5,20.23
28-05-2025,HDFC,25.9336,6.16,711201.27,100,0,23.27,56.5,20.23
29-05-2025,HDFC,25.9459,6.18,711201.27,100,0,23.27,56.5,20.23
30-05-2025,HDFC,25.9445,6.2,711201.27,100,0,23.27,56.5,20.23
02-06-2025,HDFC,25.9533,6.22,708589.43,100,0,20.39,58.1,21.51
03-06-2025,HDFC,25.9551,6.2,708589.43,100,0,20.39,58.1,21.51
04-06-2025,HDFC,25.9559,6.21,708589.43,100,0,20.39,58.1,21.51
05-06-2025,HDFC,25.965,6.18,708589.43,100,0,20.39,58.1,21.51
06-06-2025,HDFC,26.0112,6.23,708589.43,100,0,20.39,58.1,21.51
09-06-2025,HDFC,26.008,6.27,708589.43,100,0,20.39,58.1,21.51
10-06-2025,HDFC,25.9764,6.28,708589.43,100,0,20.39,58.1,21.51
11-06-2025,HDFC,25.9663,6.29,708589.43,100,0,20.39,58.1,21.51
12-06-2025,HDFC,25.9479,6.28,708589.43,100,0,20.39,58.1,21.51
13-06-2025,HDFC,25.9363,6.29,708589.43,100,0,20.39,58.1,21.51
16-06-2025,HDFC,25.9576,6.26,708589.43,100,0,20.39,58.1,21.51
17-06-2025,HDFC,25.9726,6.25,708589.43,100,0,20.39,58.1,21.51
18-06-2025,HDFC,25.9768,6.25,708589.43,100,0,20.39,58.1,21.51
19-06-2025,HDFC,25.9688,6.3,708589.43,100,0,20.39,58.1,21.51
20-06-2025,HDFC,25.9682,6.31,708589.43,100,0,20.39,58.1,21.51
23-06-2025,HDFC,25.9983,6.3,708589.43,100,0,20.39,58.1,21.51
24-06-2025,HDFC,26.015,6.24,708589.43,100,0,20.39,58.1,21.51
25-06-2025,HDFC,26.0083,6.28,708589.43,100,0,20.39,58.1,21.51
26-06-2025,HDFC,26.0153,6.27,708589.43,100,0,20.39,58.1,21.51
27-06-2025,HDFC,26.0066,6.31,708589.43,100,0,20.39,58.1,21.51
30-06-2025,HDFC,26.0206,6.31,708589.43,100,0,20.39,58.1,21.51
01-07-2025,HDFC,26.0501,6.29,701455.11,100,0,20.52,58.54,20.94
02-07-2025,HDFC,26.0665,6.28,701455.11,100,0,20.52,58.54,20.94
03-07-2025,HDFC,26.0864,6.28,701455.11,100,0,20.52,58.54,20.94
04-07-2025,HDFC,26.1056,6.29,701455.11,100,0,20.52,58.54,20.94
07-07-2025,HDFC,26.1192,6.294,701455.11,100,0,20.52,58.54,20.94
08-07-2025,HDFC,26.1192,6.306,701455.11,100,0,20.52,58.54,20.94
09-07-2025,HDFC,26.1213,6.314,701455.11,100,0,20.52,58.54,20.94
10-07-2025,HDFC,26.1044,6.318,701455.11,100,0,20.52,58.54,20.94
11-07-2025,HDFC,26.1191,6.304,701455.11,100,0,20.52,58.54,20.94
14-07-2025,HDFC,26.1411,6.311,701455.11,100,0,20.52,58.54,20.94
15-07-2025,HDFC,26.1491,6.313,701455.11,100,0,20.52,58.54,20.94
16-07-2025,HDFC,26.1484,6.313,701455.11,100,0,20.52,58.54,20.94
17-07-2025,HDFC,26.1628,6.302,701455.11,100,0,20.52,58.54,20.94
18-07-2025,HDFC,26.1838,6.305,701455.11,100,0,20.52,58.54,20.94
21-07-2025,HDFC,26.2037,6.299,701455.11,100,0,20.52,58.54,20.94
22-07-2025,HDFC,26.2061,6.308,701455.11,100,0,20.52,58.54,20.94
23-07-2025,HDFC,26.2154,6.312,701455.11,100,0,20.52,58.54,20.94
24-07-2025,HDFC,26.2229,6.329,701455.11,100,0,20.52,58.54,20.94
25-07-2025,HDFC,26.2081,6.353,701455.11,100,0,20.52,58.54,20.94
28-07-2025,HDFC,26.2155,6.373,701455.11,100,0,20.52,58.54,20.94
29-07-2025,HDFC,26.22,6.369,701455.11,100,0,20.52,58.54,20.94
30-07-2025,HDFC,26.2125,6.365,701455.11,100,0,20.52,58.54,20.94
31-07-2025,HDFC,26.2207,6.376,701455.11,100,0,20.52,58.54,20.94
01-08-2025,HDFC,26.2239,6.371,697232.47,100,0,18.8,55.64,25.56
04-08-2025,HDFC,26.2658,6.313,697232.47,100,0,18.8,55.64,25.56
05-08-2025,HDFC,26.263,6.324,697232.47,100,0,18.8,55.64,25.56
06-08-2025,HDFC,26.2356,6.407,697232.47,100,0,18.8,55.64,25.56
07-08-2025,HDFC,26.2326,6.39,697232.47,100,0,18.8,55.64,25.56
08-08-2025,HDFC,26.2311,6.399,697232.47,100,0,18.8,55.64,25.56
11-08-2025,HDFC,26.2311,6.428,697232.47,100,0,18.8,55.64,25.56
12-08-2025,HDFC,26.2113,6.483,697232.47,100,0,18.8,55.64,25.56
13-08-2025,HDFC,26.2033,6.481,697232.47,100,0,18.8,55.64,25.56
14-08-2025,HDFC,26.2423,6.404,697232.47,100,0,18.8,55.64,25.56
18-08-2025,HDFC,26.2467,6.484,697232.47,100,0,18.8,55.64,25.56
19-08-2025,HDFC,26.2393,6.512,697232.47,100,0,18.8,55.64,25.56
20-08-2025,HDFC,26.264,6.497,697232.47,100,0,18.8,55.64,25.56
21-08-2025,HDFC,26.2675,6.525,697232.47,100,0,18.8,55.64,25.56
22-08-2025,HDFC,26.2793,6.549,697232.47,100,0,18.8,55.64,25.56
25-08-2025,HDFC,26.2618,6.592,697232.47,100,0,18.8,55.64,25.56
26-08-2025,HDFC,26.2337,6.617,697232.47,100,0,18.8,55.64,25.56
28-08-2025,HDFC,26.2691,6.538,697232.47,100,0,18.8,55.64,25.56
29-08-2025,HDFC,26.2636,6.588,697232.47,100,0,18.8,55.64,25.56
01-09-2025,HDFC,26.2611,6.585,691757.06,100,0,20.47,54.95,24.58
02-09-2025,HDFC,26.2663,6.569,691757.06,100,0,20.47,54.95,24.58
03-09-2025,HDFC,26.2808,6.541,691757.06,100,0,20.47,54.95,24.58
04-09-2025,HDFC,26.3132,6.494,691757.06,100,0,20.47,54.95,24.58
05-09-2025,HDFC,26.3361,6.461,691757.06,100,0,20.47,54.95,24.58
09-09-2025,HDFC,26.3561,6.486,691757.06,100,0,20.47,54.95,24.58
10-09-2025,HDFC,26.3629,6.483,691757.06,100,0,20.47,54.95,24.58
11-09-2025,HDFC,26.3677,6.472,691757.06,100,0,20.47,54.95,24.58
12-09-2025,HDFC,26.3782,6.483,691757.06,100,0,20.47,54.95,24.58
15-09-2025,HDFC,26.3973,6.492,691757.06,100,0,20.47,54.95,24.58
16-09-2025,HDFC,26.4074,6.49,691757.06,100,0,20.47,54.95,24.58
17-09-2025,HDFC,26.4215,6.466,691757.06,100,0,20.47,54.95,24.58
18-09-2025,HDFC,26.4218,6.509,691757.06,100,0,20.47,54.95,24.58
19-09-2025,HDFC,26.4292,6.489,691757.06,100,0,20.47,54.95,24.58
22-09-2025,HDFC,26.4424,6.481,691757.06,100,0,20.47,54.95,24.58
23-09-2025,HDFC,26.4397,6.467,691757.06,100,0,20.47,54.95,24.58
24-09-2025,HDFC,26.4453,6.483,691757.06,100,0,20.47,54.95,24.58
25-09-2025,HDFC,26.4505,6.492,691757.06,100,0,20.47,54.95,24.58
26-09-2025,HDFC,26.4576,6.517,691757.06,100,0,20.47,54.95,24.58
29-09-2025,HDFC,26.4735,6.563,691757.06,100,0,20.47,54.95,24.58
30-09-2025,HDFC,26.4744,6.571,691757.06,100,0,20.47,54.95,24.58
01-10-2025,HDFC,26.5078,6.523,702906.8,100,0,20.19,53.78,26.03
03-10-2025,HDFC,26.5459,6.514,702906.8,100,0,20.19,53.78,26.03
06-10-2025,HDFC,26.5743,6.519,702906.8,100,0,20.19,53.78,26.03
07-10-2025,HDFC,26.5815,6.51,702906.8,100,0,20.19,53.78,26.03
08-10-2025,HDFC,26.5817,6.504,702906.8,100,0,20.19,53.78,26.03
09-10-2025,HDFC,26.5857,6.521,702906.8,100,0,20.19,53.78,26.03
10-10-2025,HDFC,26.5983,6.531,702906.8,100,0,20.19,53.78,26.03
13-10-2025,HDFC,26.6068,6.518,702906.8,100,0,20.19,53.78,26.03
14-10-2025,HDFC,26.608,6.507,702906.8,100,0,20.19,53.78,26.03
15-10-2025,HDFC,26.6327,6.484,702906.8,100,0,20.19,53.78,26.03
16-10-2025,HDFC,26.6352,6.503,702906.8,100,0,20.19,53.78,26.03
17-10-2025,HDFC,26.6418,6.506,702906.8,100,0,20.19,53.78,26.03
20-10-2025,HDFC,26.6682,6.508,702906.8,100,0,20.19,53.78,26.03
23-10-2025,HDFC,26.6718,6.539,702906.8,100,0,20.19,53.78,26.03
24-10-2025,HDFC,26.6745,6.533,702906.8,100,0,20.19,53.78,26.03
27-10-2025,HDFC,26.6856,6.542,702906.8,100,0,20.19,53.78,26.03
28-10-2025,HDFC,26.6935,6.533,702906.8,100,0,20.19,53.78,26.03
29-10-2025,HDFC,26.7016,6.537,702906.8,100,0,20.19,53.78,26.03
30-10-2025,HDFC,26.6938,6.573,702906.8,100,0,20.19,53.78,26.03
31-10-2025,HDFC,26.6942,6.529,702906.8,100,0,20.19,53.78,26.03
03-11-2025,HDFC,26.7126,6.528,702906.8,100,0,20.19,53.78,26.03
04-11-2025,HDFC,26.7221,6.53,702906.8,100,0,20.19,53.78,26.03
06-11-2025,HDFC,26.7381,6.514,702906.8,100,0,20.19,53.78,26.03
07-11-2025,HDFC,26.7447,6.521,702906.8,100,0,20.19,53.78,26.03
10-11-2025,HDFC,26.7578,6.49,702906.8,100,0,20.19,53.78,26.03
11-11-2025,HDFC,26.7732,6.499,702906.8,100,0,20.19,53.78,26.03
12-11-2025,HDFC,26.7709,6.483,702906.8,100,0,20.19,53.78,26.03
13-11-2025,HDFC,26.7683,6.511,702906.8,100,0,20.19,53.78,26.03
14-11-2025,HDFC,26.7601,6.527,702906.8,100,0,20.19,53.78,26.03
17-11-2025,HDFC,26.7667,6.536,702906.8,100,0,20.19,53.78,26.03
18-11-2025,HDFC,26.7723,6.523,702906.8,100,0,20.19,53.78,26.03
19-11-2025,HDFC,26.7889,6.532,702906.8,100,0,20.19,53.78,26.03
20-11-2025,HDFC,26.8043,6.536,702906.8,100,0,20.19,53.78,26.03
21-11-2025,HDFC,26.8076,6.56,702906.8,100,0,20.19,53.78,26.03
24-11-2025,HDFC,26.8287,6.525,702906.8,100,0,20.19,53.78,26.03
25-11-2025,HDFC,26.8405,6.491,702906.8,100,0,20.19,53.78,26.03
01-01-2020,ICICI,22.6215,,1238126.978,100,0,12.61551039,53.35325813,34.03123149
02-01-2020,ICICI,22.6313,,1238126.978,100,0,12.61551039,53.35325813,34.03123149
03-01-2020,ICICI,22.6459,,1238126.978,100,0,12.61551039,53.35325813,34.03123149
06-01-2020,ICICI,22.6525,,1238126.978,100,0,12.61551039,53.35325813,34.03123149
07-01-2020,ICICI,22.6599,,1238126.978,100,0,12.61551039,53.35325813,34.03123149
08-01-2020,ICICI,22.6683,,1238126.978,100,0,12.61551039,53.35325813,34.03123149
09-01-2020,ICICI,22.6833,,1238126.978,100,0,12.61551039,53.35325813,34.03123149
10-01-2020,ICICI,22.6823,,1238126.978,100,0,12.61551039,53.35325813,34.03123149
13-01-2020,ICICI,22.6969,,1238126.978,100,0,12.61551039,53.35325813,34.03123149
14-01-2020,ICICI,22.6886,,1238126.978,100,0,12.61551039,53.35325813,34.03123149
15-01-2020,ICICI,22.6967,,1238126.978,100,0,12.61551039,53.35325813,34.03123149
16-01-2020,ICICI,22.7098,,1238126.978,100,0,12.61551039,53.35325813,34.03123149
17-01-2020,ICICI,22.7117,,1238126.978,100,0,12.61551039,53.35325813,34.03123149
20-01-2020,ICICI,22.732,,1238126.978,100,0,12.61551039,53.35325813,34.03123149
21-01-2020,ICICI,22.7413,,1238126.978,100,0,12.61551039,53.35325813,34.03123149
22-01-2020,ICICI,22.7613,,1238126.978,100,0,12.61551039,53.35325813,34.03123149
23-01-2020,ICICI,22.7717,,1238126.978,100,0,12.61551039,53.35325813,34.03123149
24-01-2020,ICICI,22.7815,,1238126.978,100,0,12.61551039,53.35325813,34.03123149
27-01-2020,ICICI,22.8003,6.551,1238126.978,100,0,12.61551039,53.35325813,34.03123149
28-01-2020,ICICI,22.8143,6.575,1238126.978,100,0,12.61551039,53.35325813,34.03123149
29-01-2020,ICICI,22.8163,6.568,1238126.978,100,0,12.61551039,53.35325813,34.03123149
30-01-2020,ICICI,22.8209,6.558,1238126.978,100,0,12.61551039,53.35325813,34.03123149
31-01-2020,ICICI,22.8455,6.599,1238126.978,100,0,12.61551039,53.35325813,34.03123149
03-02-2020,ICICI,22.8772,6.503,1287244.149,100,0,13.98296238,52.10741703,33.90962058
04-02-2020,ICICI,22.8886,6.504,1287244.149,100,0,13.98296238,52.10741703,33.90962058
05-02-2020,ICICI,22.8998,6.505,1287244.149,100,0,13.98296238,52.10741703,33.90962058
06-02-2020,ICICI,22.9757,6.446,1287244.149,100,0,13.98296238,52.10741703,33.90962058
07-02-2020,ICICI,23.0155,6.439,1287244.149,100,0,13.98296238,52.10741703,33.90962058
10-02-2020,ICICI,23.0363,6.44,1287244.149,100,0,13.98296238,52.10741703,33.90962058
11-02-2020,ICICI,23.0426,6.464,1287244.149,100,0,13.98296238,52.10741703,33.90962058
12-02-2020,ICICI,23.0382,6.473,1287244.149,100,0,13.98296238,52.10741703,33.90962058
13-02-2020,ICICI,23.0569,6.423,1287244.149,100,0,13.98296238,52.10741703,33.90962058
14-02-2020,ICICI,23.0659,6.369,1287244.149,100,0,13.98296238,52.10741703,33.90962058
17-02-2020,ICICI,23.0848,6.387,1287244.149,100,0,13.98296238,52.10741703,33.90962058
18-02-2020,ICICI,23.0816,6.384,1287244.149,100,0,13.98296238,52.10741703,33.90962058
20-02-2020,ICICI,23.0958,6.422,1287244.149,100,0,13.98296238,52.10741703,33.90962058
24-02-2020,ICICI,23.1155,6.367,1287244.149,100,0,13.98296238,52.10741703,33.90962058
25-02-2020,ICICI,23.1153,6.367,1287244.149,100,0,13.98296238,52.10741703,33.90962058
26-02-2020,ICICI,23.1265,6.346,1287244.149,100,0,13.98296238,52.10741703,33.90962058
27-02-2020,ICICI,23.1263,6.378,1287244.149,100,0,13.98296238,52.10741703,33.90962058
28-02-2020,ICICI,23.1142,6.371,1287244.149,100,0,13.98296238,52.10741703,33.90962058
02-03-2020,ICICI,23.1272,6.346,1199353.846,100,0,12.27341293,53.68252348,34.0440636
03-03-2020,ICICI,23.1301,6.342,1199353.846,100,0,12.27341293,53.68252348,34.0440636
04-03-2020,ICICI,23.1716,6.226,1199353.846,100,0,12.27341293,53.68252348,34.0440636
05-03-2020,ICICI,23.1719,6.239,1199353.846,100,0,12.27341293,53.68252348,34.0440636
06-03-2020,ICICI,23.1752,6.185,1199353.846,100,0,12.27341293,53.68252348,34.0440636
09-03-2020,ICICI,23.1321,6.066,1199353.846,100,0,12.27341293,53.68252348,34.0440636
11-03-2020,ICICI,23.1167,6.125,1199353.846,100,0,12.27341293,53.68252348,34.0440636
12-03-2020,ICICI,23.0332,6.236,1199353.846,100,0,12.27341293,53.68252348,34.0440636
13-03-2020,ICICI,22.9769,6.322,1199353.846,100,0,12.27341293,53.68252348,34.0440636
16-03-2020,ICICI,22.9852,6.208,1199353.846,100,0,12.27341293,53.68252348,34.0440636
17-03-2020,ICICI,22.9248,6.265,1199353.846,100,0,12.27341293,53.68252348,34.0440636
18-03-2020,ICICI,22.8241,6.296,1199353.846,100,0,12.27341293,53.68252348,34.0440636
19-03-2020,ICICI,22.7087,6.41,1199353.846,100,0,12.27341293,53.68252348,34.0440636
20-03-2020,ICICI,22.7661,6.259,1199353.846,100,0,12.27341293,53.68252348,34.0440636
23-03-2020,ICICI,22.7002,6.379,1199353.846,100,0,12.27341293,53.68252348,34.0440636
24-03-2020,ICICI,22.6939,6.304,1199353.846,100,0,12.27341293,53.68252348,34.0440636
26-03-2020,ICICI,22.6771,6.225,1199353.846,100,0,12.27341293,53.68252348,34.0440636
27-03-2020,ICICI,23.129,6.144,1199353.846,100,0,12.27341293,53.68252348,34.0440636
30-03-2020,ICICI,23.131,6.209,1199353.846,100,0,12.27341293,53.68252348,34.0440636
31-03-2020,ICICI,23.1481,6.138,1199353.846,100,0,12.27341293,53.68252348,34.0440636
03-04-2020,ICICI,23.1533,6.306,795605.7498,100,0,4.886338493,40.5087897,54.60487181
07-04-2020,ICICI,23.115,6.414,795605.7498,100,0,4.886338493,40.5087897,54.60487181
08-04-2020,ICICI,23.0434,6.441,795605.7498,100,0,4.886338493,40.5087897,54.60487181
09-04-2020,ICICI,23.0309,6.49,795605.7498,100,0,4.886338493,40.5087897,54.60487181
13-04-2020,ICICI,23.0457,6.495,795605.7498,100,0,4.886338493,40.5087897,54.60487181
15-04-2020,ICICI,23.0323,6.425,795605.7498,100,0,4.886338493,40.5087897,54.60487181
16-04-2020,ICICI,23.0575,6.44,795605.7498,100,0,4.886338493,40.5087897,54.60487181
17-04-2020,ICICI,23.1294,6.347,795605.7498,100,0,4.886338493,40.5087897,54.60487181
20-04-2020,ICICI,23.1535,6.209,795605.7498,100,0,4.886338493,40.5087897,54.60487181
21-04-2020,ICICI,23.1556,6.212,795605.7498,100,0,4.886338493,40.5087897,54.60487181
22-04-2020,ICICI,23.1878,6.224,795605.7498,100,0,4.886338493,40.5087897,54.60487181
23-04-2020,ICICI,23.2121,6.06,795605.7498,100,0,4.886338493,40.5087897,54.60487181
24-04-2020,ICICI,23.1361,6.167,795605.7498,100,0,4.886338493,40.5087897,54.60487181
27-04-2020,ICICI,23.0091,6.153,795605.7498,100,0,4.886338493,40.5087897,54.60487181
28-04-2020,ICICI,22.9564,6.137,795605.7498,100,0,4.886338493,40.5087897,54.60487181
29-04-2020,ICICI,22.9505,6.125,795605.7498,100,0,4.886338493,40.5087897,54.60487181
30-04-2020,ICICI,23.0077,6.11,795605.7498,100,0,4.886338493,40.5087897,54.60487181
04-05-2020,ICICI,23.0503,6.084,669480.5861,100,0,20.11387526,41.97264504,37.9134797
05-05-2020,ICICI,23.0738,6.073,669480.5861,100,0,20.11387526,41.97264504,37.9134797
06-05-2020,ICICI,23.1001,6.028,669480.5861,100,0,20.11387526,41.97264504,37.9134797
08-05-2020,ICICI,23.0901,5.967,669480.5861,100,0,20.11387526,41.97264504,37.9134797
11-05-2020,ICICI,23.0728,6.167,669480.5861,100,0,20.11387526,41.97264504,37.9134797
12-05-2020,ICICI,23.0922,6.163,669480.5861,100,0,20.11387526,41.97264504,37.9134797
13-05-2020,ICICI,23.1075,6.095,669480.5861,100,0,20.11387526,41.97264504,37.9134797
14-05-2020,ICICI,23.1121,6.056,669480.5861,100,0,20.11387526,41.97264504,37.9134797
15-05-2020,ICICI,23.1122,6.081,669480.5861,100,0,20.11387526,41.97264504,37.9134797
18-05-2020,ICICI,23.1517,6.05,669480.5861,100,0,20.11387526,41.97264504,37.9134797
19-05-2020,ICICI,23.1961,6.035,669480.5861,100,0,20.11387526,41.97264504,37.9134797
20-05-2020,ICICI,23.2086,6.041,669480.5861,100,0,20.11387526,41.97264504,37.9134797
21-05-2020,ICICI,23.2484,6.034,669480.5861,100,0,20.11387526,41.97264504,37.9134797
22-05-2020,ICICI,23.3057,5.961,669480.5861,100,0,20.11387526,41.97264504,37.9134797
26-05-2020,ICICI,23.32,5.975,669480.5861,100,0,20.11387526,41.97264504,37.9134797
27-05-2020,ICICI,23.3216,5.984,669480.5861,100,0,20.11387526,41.97264504,37.9134797
28-05-2020,ICICI,23.3232,5.99,669480.5861,100,0,20.11387526,41.97264504,37.9134797
29-05-2020,ICICI,23.3162,6.013,669480.5861,100,0,20.11387526,41.97264504,37.9134797
01-06-2020,ICICI,23.3121,6.042,656166.4918,100,0,22.52245,38.26146308,39.21608692
02-06-2020,ICICI,23.3098,5.998,656166.4918,100,0,22.52245,38.26146308,39.21608692
03-06-2020,ICICI,23.3157,6.031,656166.4918,100,0,22.52245,38.26146308,39.21608692
04-06-2020,ICICI,23.2973,5.796,656166.4918,100,0,22.52245,38.26146308,39.21608692
05-06-2020,ICICI,23.3032,5.821,656166.4918,100,0,22.52245,38.26146308,39.21608692
08-06-2020,ICICI,23.3224,5.807,656166.4918,100,0,22.52245,38.26146308,39.21608692
09-06-2020,ICICI,23.3346,5.775,656166.4918,100,0,22.52245,38.26146308,39.21608692
10-06-2020,ICICI,23.32,5.772,656166.4918,100,0,22.52245,38.26146308,39.21608692
11-06-2020,ICICI,23.3338,5.781,656166.4918,100,0,22.52245,38.26146308,39.21608692
12-06-2020,ICICI,23.3316,5.796,656166.4918,100,0,22.52245,38.26146308,39.21608692
15-06-2020,ICICI,23.3588,5.792,656166.4918,100,0,22.52245,38.26146308,39.21608692
16-06-2020,ICICI,23.3686,5.846,656166.4918,100,0,22.52245,38.26146308,39.21608692
17-06-2020,ICICI,23.3849,5.835,656166.4918,100,0,22.52245,38.26146308,39.21608692
18-06-2020,ICICI,23.4155,5.822,656166.4918,100,0,22.52245,38.26146308,39.21608692
19-06-2020,ICICI,23.4399,5.849,656166.4918,100,0,22.52245,38.26146308,39.21608692
22-06-2020,ICICI,23.4574,5.877,656166.4918,100,0,22.52245,38.26146308,39.21608692
23-06-2020,ICICI,23.4727,5.903,656166.4918,100,0,22.52245,38.26146308,39.21608692
24-06-2020,ICICI,23.4671,5.918,656166.4918,100,0,22.52245,38.26146308,39.21608692
25-06-2020,ICICI,23.4896,5.891,656166.4918,100,0,22.52245,38.26146308,39.21608692
26-06-2020,ICICI,23.507,5.913,656166.4918,100,0,22.52245,38.26146308,39.21608692
29-06-2020,ICICI,23.5137,5.903,656166.4918,100,0,22.52245,38.26146308,39.21608692
30-06-2020,ICICI,23.6505,5.888,656166.4918,100,0,22.52245,38.26146308,39.21608692
01-07-2020,ICICI,23.6796,5.838,655622.0502,100,0,19.89167386,43.81944596,36.28888018
02-07-2020,ICICI,23.7017,5.841,655622.0502,100,0,19.89167386,43.81944596,36.28888018
03-07-2020,ICICI,23.7222,5.845,655622.0502,100,0,19.89167386,43.81944596,36.28888018
06-07-2020,ICICI,23.7437,5.836,655622.0502,100,0,19.89167386,43.81944596,36.28888018
07-07-2020,ICICI,23.779,5.792,655622.0502,100,0,19.89167386,43.81944596,36.28888018
08-07-2020,ICICI,23.8062,5.778,655622.0502,100,0,19.89167386,43.81944596,36.28888018
09-07-2020,ICICI,23.8155,5.772,655622.0502,100,0,19.89167386,43.81944596,36.28888018
10-07-2020,ICICI,23.8568,5.76,655622.0502,100,0,19.89167386,43.81944596,36.28888018
13-07-2020,ICICI,23.8678,5.786,655622.0502,100,0,19.89167386,43.81944596,36.28888018
14-07-2020,ICICI,23.8679,5.825,655622.0502,100,0,19.89167386,43.81944596,36.28888018
15-07-2020,ICICI,23.9091,5.815,655622.0502,100,0,19.89167386,43.81944596,36.28888018
16-07-2020,ICICI,23.9276,5.813,655622.0502,100,0,19.89167386,43.81944596,36.28888018
17-07-2020,ICICI,23.9327,5.805,655622.0502,100,0,19.89167386,43.81944596,36.28888018
20-07-2020,ICICI,23.945,5.799,655622.0502,100,0,19.89167386,43.81944596,36.28888018
21-07-2020,ICICI,23.9461,5.829,655622.0502,100,0,19.89167386,43.81944596,36.28888018
22-07-2020,ICICI,23.9568,5.814,655622.0502,100,0,19.89167386,43.81944596,36.28888018
23-07-2020,ICICI,23.9652,5.805,655622.0502,100,0,19.89167386,43.81944596,36.28888018
24-07-2020,ICICI,23.9787,5.817,655622.0502,100,0,19.89167386,43.81944596,36.28888018
27-07-2020,ICICI,23.9783,5.859,655622.0502,100,0,19.89167386,43.81944596,36.28888018
28-07-2020,ICICI,23.9792,5.85,655622.0502,100,0,19.89167386,43.81944596,36.28888018
29-07-2020,ICICI,23.9865,5.835,655622.0502,100,0,19.89167386,43.81944596,36.28888018
30-07-2020,ICICI,23.9962,5.825,655622.0502,100,0,19.89167386,43.81944596,36.28888018
31-07-2020,ICICI,24.0093,5.837,655622.0502,100,0,19.89167386,43.81944596,36.28888018
03-08-2020,ICICI,24.0226,5.837,650310.9401,100,0,19.43987902,42.88136533,37.67875565
04-08-2020,ICICI,24.0356,5.833,650310.9401,100,0,19.43987902,42.88136533,37.67875565
05-08-2020,ICICI,24.0514,5.826,650310.9401,100,0,19.43987902,42.88136533,37.67875565
06-08-2020,ICICI,24.0398,5.862,650310.9401,100,0,19.43987902,42.88136533,37.67875565
07-08-2020,ICICI,24.0366,5.886,650310.9401,100,0,19.43987902,42.88136533,37.67875565
10-08-2020,ICICI,24.0527,5.893,650310.9401,100,0,19.43987902,42.88136533,37.67875565
11-08-2020,ICICI,24.0604,5.903,650310.9401,100,0,19.43987902,42.88136533,37.67875565
12-08-2020,ICICI,24.0742,5.884,650310.9401,100,0,19.43987902,42.88136533,37.67875565
13-08-2020,ICICI,24.0796,5.895,650310.9401,100,0,19.43987902,42.88136533,37.67875565
14-08-2020,ICICI,24.0686,5.965,650310.9401,100,0,19.43987902,42.88136533,37.67875565
17-08-2020,ICICI,24.0673,5.975,650310.9401,100,0,19.43987902,42.88136533,37.67875565
18-08-2020,ICICI,24.076,5.986,650310.9401,100,0,19.43987902,42.88136533,37.67875565
19-08-2020,ICICI,24.0768,6.008,650310.9401,100,0,19.43987902,42.88136533,37.67875565
20-08-2020,ICICI,24.0979,6,650310.9401,100,0,19.43987902,42.88136533,37.67875565
21-08-2020,ICICI,24.0467,6.14,650310.9401,100,0,19.43987902,42.88136533,37.67875565
24-08-2020,ICICI,24.0216,6.221,650310.9401,100,0,19.43987902,42.88136533,37.67875565
25-08-2020,ICICI,23.9863,6.157,650310.9401,100,0,19.43987902,42.88136533,37.67875565
26-08-2020,ICICI,23.981,6.203,650310.9401,100,0,19.43987902,42.88136533,37.67875565
27-08-2020,ICICI,23.9906,6.147,650310.9401,100,0,19.43987902,42.88136533,37.67875565
28-08-2020,ICICI,23.9873,6.097,650310.9401,100,0,19.43987902,42.88136533,37.67875565
31-08-2020,ICICI,24.0413,6.078,650310.9401,100,0,19.43987902,42.88136533,37.67875565
01-09-2020,ICICI,24.1164,5.943,656320.7092,100,0,20.74746204,45.82540758,33.42713038
02-09-2020,ICICI,24.1308,5.92,656320.7092,100,0,20.74746204,45.82540758,33.42713038
03-09-2020,ICICI,24.1552,5.896,656320.7092,100,0,20.74746204,45.82540758,33.42713038
04-09-2020,ICICI,24.1972,5.93,656320.7092,100,0,20.74746204,45.82540758,33.42713038
07-09-2020,ICICI,24.1893,5.993,656320.7092,100,0,20.74746204,45.82540758,33.42713038
08-09-2020,ICICI,24.1568,6.056,656320.7092,100,0,20.74746204,45.82540758,33.42713038
09-09-2020,ICICI,24.1748,5.989,656320.7092,100,0,20.74746204,45.82540758,33.42713038
10-09-2020,ICICI,24.1703,6.053,656320.7092,100,0,20.74746204,45.82540758,33.42713038
11-09-2020,ICICI,24.1728,6.041,656320.7092,100,0,20.74746204,45.82540758,33.42713038
14-09-2020,ICICI,24.1879,6.031,656320.7092,100,0,20.74746204,45.82540758,33.42713038
15-09-2020,ICICI,24.1705,6.029,656320.7092,100,0,20.74746204,45.82540758,33.42713038
16-09-2020,ICICI,24.1841,5.992,656320.7092,100,0,20.74746204,45.82540758,33.42713038
17-09-2020,ICICI,24.1863,6.033,656320.7092,100,0,20.74746204,45.82540758,33.42713038
18-09-2020,ICICI,24.1942,6.014,656320.7092,100,0,20.74746204,45.82540758,33.42713038
21-09-2020,ICICI,24.2187,6.016,656320.7092,100,0,20.74746204,45.82540758,33.42713038
22-09-2020,ICICI,24.2276,6.01,656320.7092,100,0,20.74746204,45.82540758,33.42713038
23-09-2020,ICICI,24.2311,5.99,656320.7092,100,0,20.74746204,45.82540758,33.42713038
24-09-2020,ICICI,24.2482,5.992,656320.7092,100,0,20.74746204,45.82540758,33.42713038
25-09-2020,ICICI,24.2589,6.038,656320.7092,100,0,20.74746204,45.82540758,33.42713038
28-09-2020,ICICI,24.2631,6.056,656320.7092,100,0,20.74746204,45.82540758,33.42713038
29-09-2020,ICICI,24.2673,6.037,656320.7092,100,0,20.74746204,45.82540758,33.42713038
30-09-2020,ICICI,24.2812,6.015,656320.7092,100,0,20.74746204,45.82540758,33.42713038
01-10-2020,ICICI,24.3001,5.996,651270.3145,100,0,19.72198596,49.01928629,31.25872774
05-10-2020,ICICI,24.3254,6.004,651270.3145,100,0,19.72198596,49.01928629,31.25872774
06-10-2020,ICICI,24.3272,6.026,651270.3145,100,0,19.72198596,49.01928629,31.25872774
07-10-2020,ICICI,24.3476,6.014,651270.3145,100,0,19.72198596,49.01928629,31.25872774
08-10-2020,ICICI,24.3619,6.015,651270.3145,100,0,19.72198596,49.01928629,31.25872774
09-10-2020,ICICI,24.4203,5.937,651270.3145,100,0,19.72198596,49.01928629,31.25872774
12-10-2020,ICICI,24.4435,5.899,651270.3145,100,0,19.72198596,49.01928629,31.25872774
13-10-2020,ICICI,24.4515,5.904,651270.3145,100,0,19.72198596,49.01928629,31.25872774
14-10-2020,ICICI,24.4605,5.9,651270.3145,100,0,19.72198596,49.01928629,31.25872774
15-10-2020,ICICI,24.4739,5.898,651270.3145,100,0,19.72198596,49.01928629,31.25872774
16-10-2020,ICICI,24.4759,5.935,651270.3145,100,0,19.72198596,49.01928629,31.25872774
19-10-2020,ICICI,24.4975,5.94,651270.3145,100,0,19.72198596,49.01928629,31.25872774
20-10-2020,ICICI,24.5042,5.931,651270.3145,100,0,19.72198596,49.01928629,31.25872774
21-10-2020,ICICI,24.5318,5.912,651270.3145,100,0,19.72198596,49.01928629,31.25872774
22-10-2020,ICICI,24.5301,5.915,651270.3145,100,0,19.72198596,49.01928629,31.25872774
23-10-2020,ICICI,24.5499,5.844,651270.3145,100,0,19.72198596,49.01928629,31.25872774
26-10-2020,ICICI,24.5773,5.834,651270.3145,100,0,19.72198596,49.01928629,31.25872774
27-10-2020,ICICI,24.5798,5.846,651270.3145,100,0,19.72198596,49.01928629,31.25872774
28-10-2020,ICICI,24.5899,5.859,651270.3145,100,0,19.72198596,49.01928629,31.25872774
29-10-2020,ICICI,24.5862,5.881,651270.3145,100,0,19.72198596,49.01928629,31.25872774
02-11-2020,ICICI,24.6005,5.89,668541.0961,100,0,18.04353849,48.19716722,33.75929429
03-11-2020,ICICI,24.613,5.898,668541.0961,100,0,18.04353849,48.19716722,33.75929429
04-11-2020,ICICI,24.6214,5.886,668541.0961,100,0,18.04353849,48.19716722,33.75929429
05-11-2020,ICICI,24.6532,5.86,668541.0961,100,0,18.04353849,48.19716722,33.75929429
06-11-2020,ICICI,24.6652,5.871,668541.0961,100,0,18.04353849,48.19716722,33.75929429
09-11-2020,ICICI,24.6705,5.876,668541.0961,100,0,18.04353849,48.19716722,33.75929429
10-11-2020,ICICI,24.6679,5.916,668541.0961,100,0,18.04353849,48.19716722,33.75929429
11-11-2020,ICICI,24.6764,5.903,668541.0961,100,0,18.04353849,48.19716722,33.75929429
12-11-2020,ICICI,24.6882,5.903,668541.0961,100,0,18.04353849,48.19716722,33.75929429
13-11-2020,ICICI,24.7034,5.878,668541.0961,100,0,18.04353849,48.19716722,33.75929429
17-11-2020,ICICI,24.7323,5.877,668541.0961,100,0,18.04353849,48.19716722,33.75929429
18-11-2020,ICICI,24.7404,5.878,668541.0961,100,0,18.04353849,48.19716722,33.75929429
19-11-2020,ICICI,24.7641,5.876,668541.0961,100,0,18.04353849,48.19716722,33.75929429
20-11-2020,ICICI,24.7647,5.877,668541.0961,100,0,18.04353849,48.19716722,33.75929429
23-11-2020,ICICI,24.7778,5.9,668541.0961,100,0,18.04353849,48.19716722,33.75929429
24-11-2020,ICICI,24.796,5.88,668541.0961,100,0,18.04353849,48.19716722,33.75929429
25-11-2020,ICICI,24.8119,5.885,668541.0961,100,0,18.04353849,48.19716722,33.75929429
26-11-2020,ICICI,24.8385,5.872,668541.0961,100,0,18.04353849,48.19716722,33.75929429
27-11-2020,ICICI,24.8353,5.911,668541.0961,100,0,18.04353849,48.19716722,33.75929429
01-12-2020,ICICI,24.8442,5.93,673511.1613,100,0,19.02465874,47.94558257,33.02975869
02-12-2020,ICICI,24.8397,5.92,673511.1613,100,0,19.02465874,47.94558257,33.02975869
03-12-2020,ICICI,24.8604,5.932,673511.1613,100,0,19.02465874,47.94558257,33.02975869
04-12-2020,ICICI,24.8734,5.897,673511.1613,100,0,19.02465874,47.94558257,33.02975869
07-12-2020,ICICI,24.8923,5.924,673511.1613,100,0,19.02465874,47.94558257,33.02975869
08-12-2020,ICICI,24.8955,5.939,673511.1613,100,0,19.02465874,47.94558257,33.02975869
09-12-2020,ICICI,24.899,5.917,673511.1613,100,0,19.02465874,47.94558257,33.02975869
10-12-2020,ICICI,24.9023,5.916,673511.1613,100,0,19.02465874,47.94558257,33.02975869
11-12-2020,ICICI,24.9074,5.956,673511.1613,100,0,19.02465874,47.94558257,33.02975869
14-12-2020,ICICI,24.9056,5.946,673511.1613,100,0,19.02465874,47.94558257,33.02975869
15-12-2020,ICICI,24.9109,5.941,673511.1613,100,0,19.02465874,47.94558257,33.02975869
16-12-2020,ICICI,24.9035,5.944,673511.1613,100,0,19.02465874,47.94558257,33.02975869
17-12-2020,ICICI,24.9126,5.952,673511.1613,100,0,19.02465874,47.94558257,33.02975869
18-12-2020,ICICI,24.9552,5.959,673511.1613,100,0,19.02465874,47.94558257,33.02975869
21-12-2020,ICICI,24.9455,5.957,673511.1613,100,0,19.02465874,47.94558257,33.02975869
22-12-2020,ICICI,24.9784,5.951,673511.1613,100,0,19.02465874,47.94558257,33.02975869
23-12-2020,ICICI,24.9475,5.95,673511.1613,100,0,19.02465874,47.94558257,33.02975869
24-12-2020,ICICI,24.9462,5.929,673511.1613,100,0,19.02465874,47.94558257,33.02975869
28-12-2020,ICICI,24.9604,5.925,673511.1613,100,0,19.02465874,47.94558257,33.02975869
29-12-2020,ICICI,24.9641,5.927,673511.1613,100,0,19.02465874,47.94558257,33.02975869
30-12-2020,ICICI,24.9731,5.899,673511.1613,100,0,19.02465874,47.94558257,33.02975869
31-12-2020,ICICI,24.9781,5.894,673511.1613,100,0,19.02465874,47.94558257,33.02975869
01-01-2021,ICICI,24.9958,5.898,700655.6748,100,0,16.04471983,51.67524977,32.2800304
04-01-2021,ICICI,25.0247,5.858,700655.6748,100,0,16.04471983,51.67524977,32.2800304
05-01-2021,ICICI,25.0446,5.85,700655.6748,100,0,16.04471983,51.67524977,32.2800304
06-01-2021,ICICI,25.0451,5.894,700655.6748,100,0,16.04471983,51.67524977,32.2800304
07-01-2021,ICICI,25.0508,5.892,700655.6748,100,0,16.04471983,51.67524977,32.2800304
08-01-2021,ICICI,25.0605,5.892,700655.6748,100,0,16.04471983,51.67524977,32.2800304
11-01-2021,ICICI,25.0503,5.924,700655.6748,100,0,16.04471983,51.67524977,32.2800304
12-01-2021,ICICI,25.0513,5.931,700655.6748,100,0,16.04471983,51.67524977,32.2800304
13-01-2021,ICICI,25.0515,5.947,700655.6748,100,0,16.04471983,51.67524977,32.2800304
14-01-2021,ICICI,25.0362,5.924,700655.6748,100,0,16.04471983,51.67524977,32.2800304
15-01-2021,ICICI,25.0357,5.988,700655.6748,100,0,16.04471983,51.67524977,32.2800304
18-01-2021,ICICI,25.027,5.957,700655.6748,100,0,16.04471983,51.67524977,32.2800304
19-01-2021,ICICI,25.0371,5.936,700655.6748,100,0,16.04471983,51.67524977,32.2800304
20-01-2021,ICICI,25.0465,5.942,700655.6748,100,0,16.04471983,51.67524977,32.2800304
21-01-2021,ICICI,25.0523,5.956,700655.6748,100,0,16.04471983,51.67524977,32.2800304
22-01-2021,ICICI,25.0443,5.939,700655.6748,100,0,16.04471983,51.67524977,32.2800304
25-01-2021,ICICI,25.055,5.954,700655.6748,100,0,16.04471983,51.67524977,32.2800304
27-01-2021,ICICI,25.0589,5.954,700655.6748,100,0,16.04471983,51.67524977,32.2800304
28-01-2021,ICICI,25.0636,5.933,700655.6748,100,0,16.04471983,51.67524977,32.2800304
29-01-2021,ICICI,25.0843,5.949,700655.6748,100,0,16.04471983,51.67524977,32.2800304
01-02-2021,ICICI,25.0501,6.06,711677.2325,100,0,20.33840811,51.5693791,28.09221278
02-02-2021,ICICI,25.0386,6.127,711677.2325,100,0,20.33840811,51.5693791,28.09221278
03-02-2021,ICICI,25.0485,6.084,711677.2325,100,0,20.33840811,51.5693791,28.09221278
04-02-2021,ICICI,25.0462,6.074,711677.2325,100,0,20.33840811,51.5693791,28.09221278
05-02-2021,ICICI,25.0472,6.071,711677.2325,100,0,20.33840811,51.5693791,28.09221278
08-02-2021,ICICI,25.0518,6.04,711677.2325,100,0,20.33840811,51.5693791,28.09221278
09-02-2021,ICICI,25.0472,6.074,711677.2325,100,0,20.33840811,51.5693791,28.09221278
10-02-2021,ICICI,25.0521,6.01,711677.2325,100,0,20.33840811,51.5693791,28.09221278
11-02-2021,ICICI,25.0668,5.962,711677.2325,100,0,20.33840811,51.5693791,28.09221278
12-02-2021,ICICI,25.0752,5.99,711677.2325,100,0,20.33840811,51.5693791,28.09221278
15-02-2021,ICICI,25.0959,6.022,711677.2325,100,0,20.33840811,51.5693791,28.09221278
16-02-2021,ICICI,25.1013,6.022,711677.2325,100,0,20.33840811,51.5693791,28.09221278
17-02-2021,ICICI,25.1086,6.03,711677.2325,100,0,20.33840811,51.5693791,28.09221278
18-02-2021,ICICI,25.1134,6.132,711677.2325,100,0,20.33840811,51.5693791,28.09221278
22-02-2021,ICICI,25.0834,6.202,711677.2325,100,0,20.33840811,51.5693791,28.09221278
23-02-2021,ICICI,25.0827,6.172,711677.2325,100,0,20.33840811,51.5693791,28.09221278
24-02-2021,ICICI,25.1024,6.147,711677.2325,100,0,20.33840811,51.5693791,28.09221278
25-02-2021,ICICI,25.0906,6.182,711677.2325,100,0,20.33840811,51.5693791,28.09221278
26-02-2021,ICICI,25.0781,6.229,711677.2325,100,0,20.33840811,51.5693791,28.09221278
01-03-2021,ICICI,25.1023,6.209,721717.0955,100,0,15.78370212,57.57472809,26.64156979
02-03-2021,ICICI,25.1182,6.236,721717.0955,100,0,15.78370212,57.57472809,26.64156979
03-03-2021,ICICI,25.1168,6.238,721717.0955,100,0,15.78370212,57.57472809,26.64156979
04-03-2021,ICICI,25.1315,6.212,721717.0955,100,0,15.78370212,57.57472809,26.64156979
05-03-2021,ICICI,25.1311,6.232,721717.0955,100,0,15.78370212,57.57472809,26.64156979
08-03-2021,ICICI,25.15,6.223,721717.0955,100,0,15.78370212,57.57472809,26.64156979
09-03-2021,ICICI,25.1623,6.206,721717.0955,100,0,15.78370212,57.57472809,26.64156979
10-03-2021,ICICI,25.1567,6.247,721717.0955,100,0,15.78370212,57.57472809,26.64156979
12-03-2021,ICICI,25.1615,6.232,721717.0955,100,0,15.78370212,57.57472809,26.64156979
15-03-2021,ICICI,25.1449,6.201,721717.0955,100,0,15.78370212,57.57472809,26.64156979
16-03-2021,ICICI,25.1328,6.18,721717.0955,100,0,15.78370212,57.57472809,26.64156979
17-03-2021,ICICI,25.1312,6.185,721717.0955,100,0,15.78370212,57.57472809,26.64156979
18-03-2021,ICICI,25.1416,6.202,721717.0955,100,0,15.78370212,57.57472809,26.64156979
19-03-2021,ICICI,25.1474,6.193,721717.0955,100,0,15.78370212,57.57472809,26.64156979
22-03-2021,ICICI,25.1732,6.18,721717.0955,100,0,15.78370212,57.57472809,26.64156979
23-03-2021,ICICI,25.1904,6.144,721717.0955,100,0,15.78370212,57.57472809,26.64156979
24-03-2021,ICICI,25.2091,6.152,721717.0955,100,0,15.78370212,57.57472809,26.64156979
25-03-2021,ICICI,25.2182,6.131,721717.0955,100,0,15.78370212,57.57472809,26.64156979
26-03-2021,ICICI,25.2272,6.123,721717.0955,100,0,15.78370212,57.57472809,26.64156979
30-03-2021,ICICI,25.2553,6.143,721717.0955,100,0,15.78370212,57.57472809,26.64156979
31-03-2021,ICICI,25.2778,6.177,721717.0955,100,0,15.78370212,57.57472809,26.64156979
05-04-2021,ICICI,25.3094,6.123,722750.3949,100,0,15.82393673,55.63422438,28.54183888
06-04-2021,ICICI,25.3303,6.122,722750.3949,100,0,15.82393673,55.63422438,28.54183888
07-04-2021,ICICI,25.3317,6.082,722750.3949,100,0,15.82393673,55.63422438,28.54183888
08-04-2021,ICICI,25.3412,6.031,722750.3949,100,0,15.82393673,55.63422438,28.54183888
09-04-2021,ICICI,25.3357,6.017,722750.3949,100,0,15.82393673,55.63422438,28.54183888
12-04-2021,ICICI,25.3405,6.011,722750.3949,100,0,15.82393673,55.63422438,28.54183888
15-04-2021,ICICI,25.3444,6.126,722750.3949,100,0,15.82393673,55.63422438,28.54183888
16-04-2021,ICICI,25.3381,6.088,722750.3949,100,0,15.82393673,55.63422438,28.54183888
19-04-2021,ICICI,25.3499,6.081,722750.3949,100,0,15.82393673,55.63422438,28.54183888
20-04-2021,ICICI,25.3768,6.074,722750.3949,100,0,15.82393673,55.63422438,28.54183888
22-04-2021,ICICI,25.389,6.05,722750.3949,100,0,15.82393673,55.63422438,28.54183888
23-04-2021,ICICI,25.3992,6.035,722750.3949,100,0,15.82393673,55.63422438,28.54183888
26-04-2021,ICICI,25.4206,6.038,722750.3949,100,0,15.82393673,55.63422438,28.54183888
27-04-2021,ICICI,25.4305,6.055,722750.3949,100,0,15.82393673,55.63422438,28.54183888
28-04-2021,ICICI,25.4481,6.053,722750.3949,100,0,15.82393673,55.63422438,28.54183888
29-04-2021,ICICI,25.4496,6.059,722750.3949,100,0,15.82393673,55.63422438,28.54183888
30-04-2021,ICICI,25.4681,6.03,722750.3949,100,0,15.82393673,55.63422438,28.54183888
03-05-2021,ICICI,25.5013,6.001,744263.7028,100,0,16.42867569,56.06902882,27.50229549
04-05-2021,ICICI,25.5015,6.015,744263.7028,100,0,16.42867569,56.06902882,27.50229549
05-05-2021,ICICI,25.5163,5.978,744263.7028,100,0,16.42867569,56.06902882,27.50229549
06-05-2021,ICICI,25.5323,5.974,744263.7028,100,0,16.42867569,56.06902882,27.50229549
07-05-2021,ICICI,25.5223,6.015,744263.7028,100,0,16.42867569,56.06902882,27.50229549
10-05-2021,ICICI,25.544,6.014,744263.7028,100,0,16.42867569,56.06902882,27.50229549
11-05-2021,ICICI,25.55,6.008,744263.7028,100,0,16.42867569,56.06902882,27.50229549
12-05-2021,ICICI,25.5579,6.01,744263.7028,100,0,16.42867569,56.06902882,27.50229549
14-05-2021,ICICI,25.5692,5.986,744263.7028,100,0,16.42867569,56.06902882,27.50229549
17-05-2021,ICICI,25.6023,5.972,744263.7028,100,0,16.42867569,56.06902882,27.50229549
18-05-2021,ICICI,25.6255,5.976,744263.7028,100,0,16.42867569,56.06902882,27.50229549
19-05-2021,ICICI,25.6314,5.975,744263.7028,100,0,16.42867569,56.06902882,27.50229549
20-05-2021,ICICI,25.6424,5.968,744263.7028,100,0,16.42867569,56.06902882,27.50229549
21-05-2021,ICICI,25.6438,5.977,744263.7028,100,0,16.42867569,56.06902882,27.50229549
24-05-2021,ICICI,25.6496,5.972,744263.7028,100,0,16.42867569,56.06902882,27.50229549
25-05-2021,ICICI,25.6567,5.972,744263.7028,100,0,16.42867569,56.06902882,27.50229549
27-05-2021,ICICI,25.7628,5.987,744263.7028,100,0,16.42867569,56.06902882,27.50229549
28-05-2021,ICICI,25.7652,6.003,744263.7028,100,0,16.42867569,56.06902882,27.50229549
31-05-2021,ICICI,25.7579,6.022,744263.7028,100,0,16.42867569,56.06902882,27.50229549
01-06-2021,ICICI,25.7687,6.025,762590.4247,100,0,19.5216351,54.93811703,25.54024787
02-06-2021,ICICI,25.7663,6.005,762590.4247,100,0,19.5216351,54.93811703,25.54024787
03-06-2021,ICICI,25.7713,5.997,762590.4247,100,0,19.5216351,54.93811703,25.54024787
04-06-2021,ICICI,25.7916,6.028,762590.4247,100,0,19.5216351,54.93811703,25.54024787
07-06-2021,ICICI,25.82,6.022,762590.4247,100,0,19.5216351,54.93811703,25.54024787
08-06-2021,ICICI,25.8404,6.006,762590.4247,100,0,19.5216351,54.93811703,25.54024787
09-06-2021,ICICI,25.8565,6.016,762590.4247,100,0,19.5216351,54.93811703,25.54024787
10-06-2021,ICICI,25.8843,6.019,762590.4247,100,0,19.5216351,54.93811703,25.54024787
11-06-2021,ICICI,25.8997,6.006,762590.4247,100,0,19.5216351,54.93811703,25.54024787
14-06-2021,ICICI,25.9096,6.004,762590.4247,100,0,19.5216351,54.93811703,25.54024787
15-06-2021,ICICI,25.9089,6.04,762590.4247,100,0,19.5216351,54.93811703,25.54024787
16-06-2021,ICICI,25.8653,6.045,762590.4247,100,0,19.5216351,54.93811703,25.54024787
17-06-2021,ICICI,25.8668,6.019,762590.4247,100,0,19.5216351,54.93811703,25.54024787
18-06-2021,ICICI,25.8601,6.006,762590.4247,100,0,19.5216351,54.93811703,25.54024787
21-06-2021,ICICI,25.8841,6.029,762590.4247,100,0,19.5216351,54.93811703,25.54024787
22-06-2021,ICICI,25.8845,6.025,762590.4247,100,0,19.5216351,54.93811703,25.54024787
23-06-2021,ICICI,25.886,6.018,762590.4247,100,0,19.5216351,54.93811703,25.54024787
24-06-2021,ICICI,25.8952,6.012,762590.4247,100,0,19.5216351,54.93811703,25.54024787
25-06-2021,ICICI,25.9,6.028,762590.4247,100,0,19.5216351,54.93811703,25.54024787
28-06-2021,ICICI,25.8939,6.056,762590.4247,100,0,19.5216351,54.93811703,25.54024787
29-06-2021,ICICI,25.9103,6.036,762590.4247,100,0,19.5216351,54.93811703,25.54024787
30-06-2021,ICICI,25.9134,6.051,762590.4247,100,0,19.5216351,54.93811703,25.54024787
01-07-2021,ICICI,25.915,6.039,778361.3754,100,0,17.06650204,56.55572256,26.3777754
02-07-2021,ICICI,25.9171,6.065,778361.3754,100,0,17.06650204,56.55572256,26.3777754
05-07-2021,ICICI,25.9402,6.088,778361.3754,100,0,17.06650204,56.55572256,26.3777754
06-07-2021,ICICI,25.9255,6.175,778361.3754,100,0,17.06650204,56.55572256,26.3777754
07-07-2021,ICICI,25.9439,6.164,778361.3754,100,0,17.06650204,56.55572256,26.3777754
08-07-2021,ICICI,25.966,6.124,778361.3754,100,0,17.06650204,56.55572256,26.3777754
09-07-2021,ICICI,25.9759,6.186,778361.3754,100,0,17.06650204,56.55572256,26.3777754
12-07-2021,ICICI,25.9618,6.22,778361.3754,100,0,17.06650204,56.55572256,26.3777754
13-07-2021,ICICI,26.0006,6.103,778361.3754,100,0,17.06650204,56.55572256,26.3777754
14-07-2021,ICICI,26.0051,6.109,778361.3754,100,0,17.06650204,56.55572256,26.3777754
15-07-2021,ICICI,26.0166,6.117,778361.3754,100,0,17.06650204,56.55572256,26.3777754
16-07-2021,ICICI,26.0309,6.13,778361.3754,100,0,17.06650204,56.55572256,26.3777754
19-07-2021,ICICI,26.0402,6.127,778361.3754,100,0,17.06650204,56.55572256,26.3777754
20-07-2021,ICICI,26.0596,6.119,778361.3754,100,0,17.06650204,56.55572256,26.3777754
22-07-2021,ICICI,26.0157,6.138,778361.3754,100,0,17.06650204,56.55572256,26.3777754
23-07-2021,ICICI,26.0193,6.165,778361.3754,100,0,17.06650204,56.55572256,26.3777754
26-07-2021,ICICI,26.0318,6.169,778361.3754,100,0,17.06650204,56.55572256,26.3777754
27-07-2021,ICICI,26.0439,6.178,778361.3754,100,0,17.06650204,56.55572256,26.3777754
28-07-2021,ICICI,26.0472,6.188,778361.3754,100,0,17.06650204,56.55572256,26.3777754
29-07-2021,ICICI,26.0565,6.198,778361.3754,100,0,17.06650204,56.55572256,26.3777754
30-07-2021,ICICI,26.0607,6.204,778361.3754,100,0,17.06650204,56.55572256,26.3777754
02-08-2021,ICICI,26.078,6.197,792582.291,100,0,14.47709863,58.53255684,26.99034453
03-08-2021,ICICI,26.0807,6.2,792582.291,100,0,14.47709863,58.53255684,26.99034453
04-08-2021,ICICI,26.0955,6.199,792582.291,100,0,14.47709863,58.53255684,26.99034453
05-08-2021,ICICI,26.0973,6.207,792582.291,100,0,14.47709863,58.53255684,26.99034453
06-08-2021,ICICI,26.0845,6.234,792582.291,100,0,14.47709863,58.53255684,26.99034453
09-08-2021,ICICI,26.0894,6.221,792582.291,100,0,14.47709863,58.53255684,26.99034453
10-08-2021,ICICI,26.091,6.233,792582.291,100,0,14.47709863,58.53255684,26.99034453
11-08-2021,ICICI,26.0842,6.236,792582.291,100,0,14.47709863,58.53255684,26.99034453
12-08-2021,ICICI,26.1101,6.226,792582.291,100,0,14.47709863,58.53255684,26.99034453
13-08-2021,ICICI,26.128,6.241,792582.291,100,0,14.47709863,58.53255684,26.99034453
17-08-2021,ICICI,26.1447,6.234,792582.291,100,0,14.47709863,58.53255684,26.99034453
18-08-2021,ICICI,26.1679,6.228,792582.291,100,0,14.47709863,58.53255684,26.99034453
20-08-2021,ICICI,26.1777,6.234,792582.291,100,0,14.47709863,58.53255684,26.99034453
23-08-2021,ICICI,26.1921,6.243,792582.291,100,0,14.47709863,58.53255684,26.99034453
24-08-2021,ICICI,26.1958,6.25,792582.291,100,0,14.47709863,58.53255684,26.99034453
25-08-2021,ICICI,26.2002,6.241,792582.291,100,0,14.47709863,58.53255684,26.99034453
26-08-2021,ICICI,26.2031,6.251,792582.291,100,0,14.47709863,58.53255684,26.99034453
27-08-2021,ICICI,26.2153,6.254,792582.291,100,0,14.47709863,58.53255684,26.99034453
30-08-2021,ICICI,26.2448,6.225,792582.291,100,0,14.47709863,58.53255684,26.99034453
31-08-2021,ICICI,26.259,6.215,792582.291,100,0,14.47709863,58.53255684,26.99034453
01-09-2021,ICICI,26.2805,6.199,805318.8508,100,0,12.3878039,58.64173545,28.97046065
02-09-2021,ICICI,26.3064,6.171,805318.8508,100,0,12.3878039,58.64173545,28.97046065
03-09-2021,ICICI,26.3022,6.156,805318.8508,100,0,12.3878039,58.64173545,28.97046065
06-09-2021,ICICI,26.3218,6.173,805318.8508,100,0,12.3878039,58.64173545,28.97046065
07-09-2021,ICICI,26.3157,6.195,805318.8508,100,0,12.3878039,58.64173545,28.97046065
08-09-2021,ICICI,26.3311,6.188,805318.8508,100,0,12.3878039,58.64173545,28.97046065
09-09-2021,ICICI,26.3315,6.178,805318.8508,100,0,12.3878039,58.64173545,28.97046065
13-09-2021,ICICI,26.3512,6.192,805318.8508,100,0,12.3878039,58.64173545,28.97046065
14-09-2021,ICICI,26.3588,6.198,805318.8508,100,0,12.3878039,58.64173545,28.97046065
15-09-2021,ICICI,26.338,6.163,805318.8508,100,0,12.3878039,58.64173545,28.97046065
16-09-2021,ICICI,26.3461,6.169,805318.8508,100,0,12.3878039,58.64173545,28.97046065
17-09-2021,ICICI,26.3431,6.167,805318.8508,100,0,12.3878039,58.64173545,28.97046065
20-09-2021,ICICI,26.3178,6.138,805318.8508,100,0,12.3878039,58.64173545,28.97046065
21-09-2021,ICICI,26.3318,6.122,805318.8508,100,0,12.3878039,58.64173545,28.97046065
22-09-2021,ICICI,26.3422,6.138,805318.8508,100,0,12.3878039,58.64173545,28.97046065
23-09-2021,ICICI,26.3371,6.14,805318.8508,100,0,12.3878039,58.64173545,28.97046065
24-09-2021,ICICI,26.3221,6.181,805318.8508,100,0,12.3878039,58.64173545,28.97046065
27-09-2021,ICICI,26.3221,6.209,805318.8508,100,0,12.3878039,58.64173545,28.97046065
28-09-2021,ICICI,26.3194,6.228,805318.8508,100,0,12.3878039,58.64173545,28.97046065
29-09-2021,ICICI,26.3278,6.206,805318.8508,100,0,12.3878039,58.64173545,28.97046065
30-09-2021,ICICI,26.3675,6.223,805318.8508,100,0,12.3878039,58.64173545,28.97046065
01-10-2021,ICICI,26.3875,6.244,830383.6463,100,0,12.55311692,56.46846154,30.97842154
04-10-2021,ICICI,26.4105,6.248,830383.6463,100,0,12.55311692,56.46846154,30.97842154
05-10-2021,ICICI,26.398,6.26,830383.6463,100,0,12.55311692,56.46846154,30.97842154
06-10-2021,ICICI,26.3971,6.276,830383.6463,100,0,12.55311692,56.46846154,30.97842154
07-10-2021,ICICI,26.3698,6.267,830383.6463,100,0,12.55311692,56.46846154,30.97842154
08-10-2021,ICICI,26.3726,6.318,830383.6463,100,0,12.55311692,56.46846154,30.97842154
11-10-2021,ICICI,26.386,6.34,830383.6463,100,0,12.55311692,56.46846154,30.97842154
12-10-2021,ICICI,26.3892,6.326,830383.6463,100,0,12.55311692,56.46846154,30.97842154
13-10-2021,ICICI,26.4157,6.314,830383.6463,100,0,12.55311692,56.46846154,30.97842154
14-10-2021,ICICI,26.4306,6.328,830383.6463,100,0,12.55311692,56.46846154,30.97842154
18-10-2021,ICICI,26.4408,6.387,830383.6463,100,0,12.55311692,56.46846154,30.97842154
20-10-2021,ICICI,26.4303,6.373,830383.6463,100,0,12.55311692,56.46846154,30.97842154
21-10-2021,ICICI,26.4359,6.338,830383.6463,100,0,12.55311692,56.46846154,30.97842154
22-10-2021,ICICI,26.4382,6.364,830383.6463,100,0,12.55311692,56.46846154,30.97842154
25-10-2021,ICICI,26.4428,6.35,830383.6463,100,0,12.55311692,56.46846154,30.97842154
26-10-2021,ICICI,26.448,6.362,830383.6463,100,0,12.55311692,56.46846154,30.97842154
27-10-2021,ICICI,26.4612,6.336,830383.6463,100,0,12.55311692,56.46846154,30.97842154
28-10-2021,ICICI,26.4667,6.367,830383.6463,100,0,12.55311692,56.46846154,30.97842154
29-10-2021,ICICI,26.4594,6.388,830383.6463,100,0,12.55311692,56.46846154,30.97842154
01-11-2021,ICICI,26.473,6.387,837290.7487,100,0,14.8608139,57.78106121,27.35812489
02-11-2021,ICICI,26.4802,6.36,837290.7487,100,0,14.8608139,57.78106121,27.35812489
03-11-2021,ICICI,26.4875,6.357,837290.7487,100,0,14.8608139,57.78106121,27.35812489
08-11-2021,ICICI,26.5372,6.301,837290.7487,100,0,14.8608139,57.78106121,27.35812489
09-11-2021,ICICI,26.565,6.293,837290.7487,100,0,14.8608139,57.78106121,27.35812489
10-11-2021,ICICI,26.566,6.336,837290.7487,100,0,14.8608139,57.78106121,27.35812489
11-11-2021,ICICI,26.5543,6.367,837290.7487,100,0,14.8608139,57.78106121,27.35812489
12-11-2021,ICICI,26.5719,6.368,837290.7487,100,0,14.8608139,57.78106121,27.35812489
15-11-2021,ICICI,26.5864,6.342,837290.7487,100,0,14.8608139,57.78106121,27.35812489
16-11-2021,ICICI,26.5859,6.364,837290.7487,100,0,14.8608139,57.78106121,27.35812489
17-11-2021,ICICI,26.5913,6.361,837290.7487,100,0,14.8608139,57.78106121,27.35812489
18-11-2021,ICICI,26.5988,6.345,837290.7487,100,0,14.8608139,57.78106121,27.35812489
22-11-2021,ICICI,26.6133,6.351,837290.7487,100,0,14.8608139,57.78106121,27.35812489
23-11-2021,ICICI,26.6219,6.364,837290.7487,100,0,14.8608139,57.78106121,27.35812489
24-11-2021,ICICI,26.6168,6.367,837290.7487,100,0,14.8608139,57.78106121,27.35812489
25-11-2021,ICICI,26.6277,6.367,837290.7487,100,0,14.8608139,57.78106121,27.35812489
26-11-2021,ICICI,26.6272,6.33,837290.7487,100,0,14.8608139,57.78106121,27.35812489
29-11-2021,ICICI,26.6641,6.335,837290.7487,100,0,14.8608139,57.78106121,27.35812489
30-11-2021,ICICI,26.6742,6.326,837290.7487,100,0,14.8608139,57.78106121,27.35812489
01-12-2021,ICICI,26.6799,6.353,841586.6362,100,0,14.5534559,58.98144869,26.46509541
02-12-2021,ICICI,26.6884,6.352,841586.6362,100,0,14.5534559,58.98144869,26.46509541
03-12-2021,ICICI,26.6952,6.369,841586.6362,100,0,14.5534559,58.98144869,26.46509541
06-12-2021,ICICI,26.6999,6.359,841586.6362,100,0,14.5534559,58.98144869,26.46509541
07-12-2021,ICICI,26.6755,6.391,841586.6362,100,0,14.5534559,58.98144869,26.46509541
08-12-2021,ICICI,26.6962,6.347,841586.6362,100,0,14.5534559,58.98144869,26.46509541
09-12-2021,ICICI,26.7063,6.348,841586.6362,100,0,14.5534559,58.98144869,26.46509541
10-12-2021,ICICI,26.7053,6.37,841586.6362,100,0,14.5534559,58.98144869,26.46509541
13-12-2021,ICICI,26.7196,6.37,841586.6362,100,0,14.5534559,58.98144869,26.46509541
14-12-2021,ICICI,26.7265,6.356,841586.6362,100,0,14.5534559,58.98144869,26.46509541
15-12-2021,ICICI,26.7298,6.364,841586.6362,100,0,14.5534559,58.98144869,26.46509541
16-12-2021,ICICI,26.7301,6.374,841586.6362,100,0,14.5534559,58.98144869,26.46509541
17-12-2021,ICICI,26.7139,6.411,841586.6362,100,0,14.5534559,58.98144869,26.46509541
20-12-2021,ICICI,26.6914,6.435,841586.6362,100,0,14.5534559,58.98144869,26.46509541
21-12-2021,ICICI,26.6926,6.468,841586.6362,100,0,14.5534559,58.98144869,26.46509541
22-12-2021,ICICI,26.6924,6.464,841586.6362,100,0,14.5534559,58.98144869,26.46509541
23-12-2021,ICICI,26.696,6.46,841586.6362,100,0,14.5534559,58.98144869,26.46509541
24-12-2021,ICICI,26.6909,6.462,841586.6362,100,0,14.5534559,58.98144869,26.46509541
27-12-2021,ICICI,26.6996,6.465,841586.6362,100,0,14.5534559,58.98144869,26.46509541
28-12-2021,ICICI,26.6999,6.478,841586.6362,100,0,14.5534559,58.98144869,26.46509541
29-12-2021,ICICI,26.7058,6.461,841586.6362,100,0,14.5534559,58.98144869,26.46509541
30-12-2021,ICICI,26.7083,6.469,841586.6362,100,0,14.5534559,58.98144869,26.46509541
31-12-2021,ICICI,26.7129,6.454,841586.6362,100,0,14.5534559,58.98144869,26.46509541
03-01-2022,ICICI,26.7215,6.46,843603.4762,100,0,14.3875794,58.7869294,26.82549119
04-01-2022,ICICI,26.719,6.518,843603.4762,100,0,14.3875794,58.7869294,26.82549119
05-01-2022,ICICI,26.7334,6.508,843603.4762,100,0,14.3875794,58.7869294,26.82549119
06-01-2022,ICICI,26.7428,6.525,843603.4762,100,0,14.3875794,58.7869294,26.82549119
07-01-2022,ICICI,26.7478,6.542,843603.4762,100,0,14.3875794,58.7869294,26.82549119
10-01-2022,ICICI,26.7518,6.59,843603.4762,100,0,14.3875794,58.7869294,26.82549119
11-01-2022,ICICI,26.7702,6.57,843603.4762,100,0,14.3875794,58.7869294,26.82549119
12-01-2022,ICICI,26.7765,6.593,843603.4762,100,0,14.3875794,58.7869294,26.82549119
13-01-2022,ICICI,26.7903,6.561,843603.4762,100,0,14.3875794,58.7869294,26.82549119
14-01-2022,ICICI,26.7962,6.582,843603.4762,100,0,14.3875794,58.7869294,26.82549119
17-01-2022,ICICI,26.8021,6.636,843603.4762,100,0,14.3875794,58.7869294,26.82549119
18-01-2022,ICICI,26.8112,6.627,843603.4762,100,0,14.3875794,58.7869294,26.82549119
19-01-2022,ICICI,26.8144,6.598,843603.4762,100,0,14.3875794,58.7869294,26.82549119
20-01-2022,ICICI,26.8207,6.608,843603.4762,100,0,14.3875794,58.7869294,26.82549119
21-01-2022,ICICI,26.8231,6.62,843603.4762,100,0,14.3875794,58.7869294,26.82549119
24-01-2022,ICICI,26.8222,6.652,843603.4762,100,0,14.3875794,58.7869294,26.82549119
25-01-2022,ICICI,26.8198,6.662,843603.4762,100,0,14.3875794,58.7869294,26.82549119
27-01-2022,ICICI,26.8126,6.746,843603.4762,100,0,14.3875794,58.7869294,26.82549119
28-01-2022,ICICI,26.819,6.768,843603.4762,100,0,14.3875794,58.7869294,26.82549119
31-01-2022,ICICI,26.861,6.684,843603.4762,100,0,14.3875794,58.7869294,26.82549119
01-02-2022,ICICI,26.8177,6.828,841992.2638,100,0,14.46892391,60.57410524,24.95697084
02-02-2022,ICICI,26.8043,6.88,841992.2638,100,0,14.46892391,60.57410524,24.95697084
03-02-2022,ICICI,26.8098,6.889,841992.2638,100,0,14.46892391,60.57410524,24.95697084
04-02-2022,ICICI,26.837,6.879,841992.2638,100,0,14.46892391,60.57410524,24.95697084
08-02-2022,ICICI,26.8786,6.81,841992.2638,100,0,14.46892391,60.57410524,24.95697084
09-02-2022,ICICI,26.9005,6.798,841992.2638,100,0,14.46892391,60.57410524,24.95697084
10-02-2022,ICICI,26.947,6.725,841992.2638,100,0,14.46892391,60.57410524,24.95697084
11-02-2022,ICICI,26.9806,6.698,841992.2638,100,0,14.46892391,60.57410524,24.95697084
14-02-2022,ICICI,26.9945,6.667,841992.2638,100,0,14.46892391,60.57410524,24.95697084
15-02-2022,ICICI,26.9938,6.673,841992.2638,100,0,14.46892391,60.57410524,24.95697084
16-02-2022,ICICI,27.0086,6.686,841992.2638,100,0,14.46892391,60.57410524,24.95697084
17-02-2022,ICICI,27.012,6.674,841992.2638,100,0,14.46892391,60.57410524,24.95697084
18-02-2022,ICICI,27.0242,6.663,841992.2638,100,0,14.46892391,60.57410524,24.95697084
21-02-2022,ICICI,27.0155,6.693,841992.2638,100,0,14.46892391,60.57410524,24.95697084
22-02-2022,ICICI,27.0079,6.749,841992.2638,100,0,14.46892391,60.57410524,24.95697084
23-02-2022,ICICI,27.0362,6.739,841992.2638,100,0,14.46892391,60.57410524,24.95697084
24-02-2022,ICICI,27.0243,6.759,841992.2638,100,0,14.46892391,60.57410524,24.95697084
25-02-2022,ICICI,27.0267,6.749,841992.2638,100,0,14.46892391,60.57410524,24.95697084
28-02-2022,ICICI,27.0289,6.77,841992.2638,100,0,14.46892391,60.57410524,24.95697084
02-03-2022,ICICI,27.0174,6.814,833347.5982,100,0,15.42562315,58.98444911,25.58992774
03-03-2022,ICICI,26.993,6.826,833347.5982,100,0,15.42562315,58.98444911,25.58992774
04-03-2022,ICICI,27.0024,6.813,833347.5982,100,0,15.42562315,58.98444911,25.58992774
07-03-2022,ICICI,26.981,6.888,833347.5982,100,0,15.42562315,58.98444911,25.58992774
08-03-2022,ICICI,26.9826,6.895,833347.5982,100,0,15.42562315,58.98444911,25.58992774
09-03-2022,ICICI,26.9845,6.845,833347.5982,100,0,15.42562315,58.98444911,25.58992774
10-03-2022,ICICI,27.0109,6.809,833347.5982,100,0,15.42562315,58.98444911,25.58992774
11-03-2022,ICICI,27.0127,6.855,833347.5982,100,0,15.42562315,58.98444911,25.58992774
14-03-2022,ICICI,27.0244,6.854,833347.5982,100,0,15.42562315,58.98444911,25.58992774
15-03-2022,ICICI,27.0543,6.821,833347.5982,100,0,15.42562315,58.98444911,25.58992774
16-03-2022,ICICI,27.0558,6.788,833347.5982,100,0,15.42562315,58.98444911,25.58992774
17-03-2022,ICICI,27.0426,6.778,833347.5982,100,0,15.42562315,58.98444911,25.58992774
21-03-2022,ICICI,27.0708,6.781,833347.5982,100,0,15.42562315,58.98444911,25.58992774
22-03-2022,ICICI,27.081,6.831,833347.5982,100,0,15.42562315,58.98444911,25.58992774
23-03-2022,ICICI,27.0939,6.831,833347.5982,100,0,15.42562315,58.98444911,25.58992774
24-03-2022,ICICI,27.096,6.834,833347.5982,100,0,15.42562315,58.98444911,25.58992774
25-03-2022,ICICI,27.1008,6.811,833347.5982,100,0,15.42562315,58.98444911,25.58992774
28-03-2022,ICICI,27.1195,6.836,833347.5982,100,0,15.42562315,58.98444911,25.58992774
29-03-2022,ICICI,27.1153,6.821,833347.5982,100,0,15.42562315,58.98444911,25.58992774
30-03-2022,ICICI,27.1435,6.784,833347.5982,100,0,15.42562315,58.98444911,25.58992774
31-03-2022,ICICI,27.1517,6.843,833347.5982,100,0,15.42562315,58.98444911,25.58992774
04-04-2022,ICICI,27.1475,6.898,831677.3431,100,0,15.41782652,57.56860325,27.01357022
05-04-2022,ICICI,27.1767,6.899,831677.3431,100,0,15.41782652,57.56860325,27.01357022
06-04-2022,ICICI,27.1753,6.917,831677.3431,100,0,15.41782652,57.56860325,27.01357022
07-04-2022,ICICI,27.1802,6.914,831677.3431,100,0,15.41782652,57.56860325,27.01357022
08-04-2022,ICICI,27.1039,7.119,831677.3431,100,0,15.41782652,57.56860325,27.01357022
11-04-2022,ICICI,27.0904,7.149,831677.3431,100,0,15.41782652,57.56860325,27.01357022
12-04-2022,ICICI,27.0954,7.189,831677.3431,100,0,15.41782652,57.56860325,27.01357022
13-04-2022,ICICI,27.0681,7.215,831677.3431,100,0,15.41782652,57.56860325,27.01357022
18-04-2022,ICICI,27.0976,7.153,831677.3431,100,0,15.41782652,57.56860325,27.01357022
19-04-2022,ICICI,27.1184,7.151,831677.3431,100,0,15.41782652,57.56860325,27.01357022
20-04-2022,ICICI,27.1413,7.105,831677.3431,100,0,15.41782652,57.56860325,27.01357022
21-04-2022,ICICI,27.1467,7.144,831677.3431,100,0,15.41782652,57.56860325,27.01357022
22-04-2022,ICICI,27.1502,7.167,831677.3431,100,0,15.41782652,57.56860325,27.01357022
25-04-2022,ICICI,27.1852,7.043,831677.3431,100,0,15.41782652,57.56860325,27.01357022
26-04-2022,ICICI,27.1914,7.053,831677.3431,100,0,15.41782652,57.56860325,27.01357022
27-04-2022,ICICI,27.198,7.083,831677.3431,100,0,15.41782652,57.56860325,27.01357022
28-04-2022,ICICI,27.1948,7.155,831677.3431,100,0,15.41782652,57.56860325,27.01357022
29-04-2022,ICICI,27.1975,7.139,831677.3431,100,0,15.41782652,57.56860325,27.01357022
02-05-2022,ICICI,27.214,7.119,802156.3007,100,0,15.85852282,58.42730146,25.71417572
04-05-2022,ICICI,27.0417,7.378,802156.3007,100,0,15.85852282,58.42730146,25.71417572
05-05-2022,ICICI,27.0248,7.403,802156.3007,100,0,15.85852282,58.42730146,25.71417572
06-05-2022,ICICI,26.9985,7.451,802156.3007,100,0,15.85852282,58.42730146,25.71417572
09-05-2022,ICICI,26.9964,7.465,802156.3007,100,0,15.85852282,58.42730146,25.71417572
10-05-2022,ICICI,27.0242,7.301,802156.3007,100,0,15.85852282,58.42730146,25.71417572
11-05-2022,ICICI,27.0506,7.215,802156.3007,100,0,15.85852282,58.42730146,25.71417572
12-05-2022,ICICI,27.0619,7.244,802156.3007,100,0,15.85852282,58.42730146,25.71417572
13-05-2022,ICICI,27.0287,7.318,802156.3007,100,0,15.85852282,58.42730146,25.71417572
17-05-2022,ICICI,27.0384,7.366,802156.3007,100,0,15.85852282,58.42730146,25.71417572
18-05-2022,ICICI,27.049,7.355,802156.3007,100,0,15.85852282,58.42730146,25.71417572
19-05-2022,ICICI,27.0821,7.32,802156.3007,100,0,15.85852282,58.42730146,25.71417572
20-05-2022,ICICI,27.0849,7.359,802156.3007,100,0,15.85852282,58.42730146,25.71417572
23-05-2022,ICICI,27.1005,7.386,802156.3007,100,0,15.85852282,58.42730146,25.71417572
24-05-2022,ICICI,27.1163,7.359,802156.3007,100,0,15.85852282,58.42730146,25.71417572
25-05-2022,ICICI,27.1169,7.305,802156.3007,100,0,15.85852282,58.42730146,25.71417572
26-05-2022,ICICI,27.1246,7.294,802156.3007,100,0,15.85852282,58.42730146,25.71417572
27-05-2022,ICICI,27.1259,7.35,802156.3007,100,0,15.85852282,58.42730146,25.71417572
30-05-2022,ICICI,27.1287,7.409,802156.3007,100,0,15.85852282,58.42730146,25.71417572
31-05-2022,ICICI,27.1432,7.415,802156.3007,100,0,15.85852282,58.42730146,25.71417572
01-06-2022,ICICI,27.1453,7.414,792484.2703,100,0,15.99810807,58.27842486,25.72346707
02-06-2022,ICICI,27.1172,7.434,792484.2703,100,0,15.99810807,58.27842486,25.72346707
03-06-2022,ICICI,27.1181,7.456,792484.2703,100,0,15.99810807,58.27842486,25.72346707
06-06-2022,ICICI,27.1082,7.5,792484.2703,100,0,15.99810807,58.27842486,25.72346707
07-06-2022,ICICI,27.083,7.518,792484.2703,100,0,15.99810807,58.27842486,25.72346707
08-06-2022,ICICI,27.131,7.494,792484.2703,100,0,15.99810807,58.27842486,25.72346707
09-06-2022,ICICI,27.1336,7.496,792484.2703,100,0,15.99810807,58.27842486,25.72346707
10-06-2022,ICICI,27.1401,7.519,792484.2703,100,0,15.99810807,58.27842486,25.72346707
13-06-2022,ICICI,27.1173,7.604,792484.2703,100,0,15.99810807,58.27842486,25.72346707
14-06-2022,ICICI,27.1011,7.581,792484.2703,100,0,15.99810807,58.27842486,25.72346707
15-06-2022,ICICI,27.0837,7.592,792484.2703,100,0,15.99810807,58.27842486,25.72346707
16-06-2022,ICICI,27.0885,7.617,792484.2703,100,0,15.99810807,58.27842486,25.72346707
17-06-2022,ICICI,27.0918,7.546,792484.2703,100,0,15.99810807,58.27842486,25.72346707
20-06-2022,ICICI,27.1403,7.427,792484.2703,100,0,15.99810807,58.27842486,25.72346707
21-06-2022,ICICI,27.1422,7.482,792484.2703,100,0,15.99810807,58.27842486,25.72346707
22-06-2022,ICICI,27.0976,7.396,792484.2703,100,0,15.99810807,58.27842486,25.72346707
23-06-2022,ICICI,27.2055,7.419,792484.2703,100,0,15.99810807,58.27842486,25.72346707
24-06-2022,ICICI,27.2081,7.444,792484.2703,100,0,15.99810807,58.27842486,25.72346707
27-06-2022,ICICI,27.227,7.407,792484.2703,100,0,15.99810807,58.27842486,25.72346707
28-06-2022,ICICI,27.2228,7.466,792484.2703,100,0,15.99810807,58.27842486,25.72346707
29-06-2022,ICICI,27.2312,7.459,792484.2703,100,0,15.99810807,58.27842486,25.72346707
30-06-2022,ICICI,27.2457,7.45,792484.2703,100,0,15.99810807,58.27842486,25.72346707
01-07-2022,ICICI,27.2672,7.424,794314.6566,100,0,16.05578708,55.91646161,28.02775131
04-07-2022,ICICI,27.2946,7.374,794314.6566,100,0,16.05578708,55.91646161,28.02775131
05-07-2022,ICICI,27.3007,7.391,794314.6566,100,0,16.05578708,55.91646161,28.02775131
06-07-2022,ICICI,27.3587,7.294,794314.6566,100,0,16.05578708,55.91646161,28.02775131
07-07-2022,ICICI,27.3458,7.354,794314.6566,100,0,16.05578708,55.91646161,28.02775131
08-07-2022,ICICI,27.3422,7.415,794314.6566,100,0,16.05578708,55.91646161,28.02775131
11-07-2022,ICICI,27.3489,7.427,794314.6566,100,0,16.05578708,55.91646161,28.02775131
12-07-2022,ICICI,27.3604,7.391,794314.6566,100,0,16.05578708,55.91646161,28.02775131
13-07-2022,ICICI,27.3851,7.337,794314.6566,100,0,16.05578708,55.91646161,28.02775131
14-07-2022,ICICI,27.3838,7.384,794314.6566,100,0,16.05578708,55.91646161,28.02775131
15-07-2022,ICICI,27.3847,7.438,794314.6566,100,0,16.05578708,55.91646161,28.02775131
18-07-2022,ICICI,27.3939,7.437,794314.6566,100,0,16.05578708,55.91646161,28.02775131
19-07-2022,ICICI,27.392,7.434,794314.6566,100,0,16.05578708,55.91646161,28.02775131
20-07-2022,ICICI,27.3996,7.449,794314.6566,100,0,16.05578708,55.91646161,28.02775131
21-07-2022,ICICI,27.4028,7.44,794314.6566,100,0,16.05578708,55.91646161,28.02775131
22-07-2022,ICICI,27.4174,7.414,794314.6566,100,0,16.05578708,55.91646161,28.02775131
25-07-2022,ICICI,27.4411,7.391,794314.6566,100,0,16.05578708,55.91646161,28.02775131
26-07-2022,ICICI,27.4407,7.367,794314.6566,100,0,16.05578708,55.91646161,28.02775131
27-07-2022,ICICI,27.4647,7.338,794314.6566,100,0,16.05578708,55.91646161,28.02775131
28-07-2022,ICICI,27.4783,7.332,794314.6566,100,0,16.05578708,55.91646161,28.02775131
29-07-2022,ICICI,27.501,7.32,794314.6566,100,0,16.05578708,55.91646161,28.02775131
01-08-2022,ICICI,27.532,7.24,801420.9705,100,0,17.95520499,51.43741257,30.60738244
02-08-2022,ICICI,27.5592,7.196,801420.9705,100,0,17.95520499,51.43741257,30.60738244
03-08-2022,ICICI,27.5413,7.242,801420.9705,100,0,17.95520499,51.43741257,30.60738244
04-08-2022,ICICI,27.5739,7.157,801420.9705,100,0,17.95520499,51.43741257,30.60738244
05-08-2022,ICICI,27.5359,7.3,801420.9705,100,0,17.95520499,51.43741257,30.60738244
08-08-2022,ICICI,27.5558,7.348,801420.9705,100,0,17.95520499,51.43741257,30.60738244
10-08-2022,ICICI,27.5879,7.31,801420.9705,100,0,17.95520499,51.43741257,30.60738244
11-08-2022,ICICI,27.5988,7.267,801420.9705,100,0,17.95520499,51.43741257,30.60738244
12-08-2022,ICICI,27.6032,7.289,801420.9705,100,0,17.95520499,51.43741257,30.60738244
17-08-2022,ICICI,27.6529,7.182,801420.9705,100,0,17.95520499,51.43741257,30.60738244
18-08-2022,ICICI,27.6379,7.242,801420.9705,100,0,17.95520499,51.43741257,30.60738244
19-08-2022,ICICI,27.6433,7.264,801420.9705,100,0,17.95520499,51.43741257,30.60738244
22-08-2022,ICICI,27.6586,7.27,801420.9705,100,0,17.95520499,51.43741257,30.60738244
23-08-2022,ICICI,27.6545,7.281,801420.9705,100,0,17.95520499,51.43741257,30.60738244
24-08-2022,ICICI,27.6594,7.286,801420.9705,100,0,17.95520499,51.43741257,30.60738244
25-08-2022,ICICI,27.6619,7.292,801420.9705,100,0,17.95520499,51.43741257,30.60738244
26-08-2022,ICICI,27.6762,7.217,801420.9705,100,0,17.95520499,51.43741257,30.60738244
29-08-2022,ICICI,27.6818,7.253,801420.9705,100,0,17.95520499,51.43741257,30.60738244
30-08-2022,ICICI,27.6998,7.188,801420.9705,100,0,17.95520499,51.43741257,30.60738244
01-09-2022,ICICI,27.7158,7.215,790322.559,100,0,20.4595781,50.50878561,29.03163629
02-09-2022,ICICI,27.7189,7.232,790322.559,100,0,20.4595781,50.50878561,29.03163629
05-09-2022,ICICI,27.7335,7.218,790322.559,100,0,20.4595781,50.50878561,29.03163629
06-09-2022,ICICI,27.7422,7.179,790322.559,100,0,20.4595781,50.50878561,29.03163629
07-09-2022,ICICI,27.7009,7.185,790322.559,100,0,20.4595781,50.50878561,29.03163629
08-09-2022,ICICI,27.7283,7.135,790322.559,100,0,20.4595781,50.50878561,29.03163629
09-09-2022,ICICI,27.7343,7.167,790322.559,100,0,20.4595781,50.50878561,29.03163629
12-09-2022,ICICI,27.7432,7.181,790322.559,100,0,20.4595781,50.50878561,29.03163629
13-09-2022,ICICI,27.7618,7.108,790322.559,100,0,20.4595781,50.50878561,29.03163629
14-09-2022,ICICI,27.7545,7.155,790322.559,100,0,20.4595781,50.50878561,29.03163629
15-09-2022,ICICI,27.7451,7.238,790322.559,100,0,20.4595781,50.50878561,29.03163629
16-09-2022,ICICI,27.7179,7.266,790322.559,100,0,20.4595781,50.50878561,29.03163629
19-09-2022,ICICI,27.7276,7.277,790322.559,100,0,20.4595781,50.50878561,29.03163629
20-09-2022,ICICI,27.726,7.294,790322.559,100,0,20.4595781,50.50878561,29.03163629
21-09-2022,ICICI,27.7314,7.233,790322.559,100,0,20.4595781,50.50878561,29.03163629
22-09-2022,ICICI,27.7056,7.312,790322.559,100,0,20.4595781,50.50878561,29.03163629
23-09-2022,ICICI,27.6938,7.393,790322.559,100,0,20.4595781,50.50878561,29.03163629
26-09-2022,ICICI,27.6844,7.359,790322.559,100,0,20.4595781,50.50878561,29.03163629
27-09-2022,ICICI,27.6826,7.292,790322.559,100,0,20.4595781,50.50878561,29.03163629
28-09-2022,ICICI,27.7011,7.333,790322.559,100,0,20.4595781,50.50878561,29.03163629
29-09-2022,ICICI,27.7237,7.34,790322.559,100,0,20.4595781,50.50878561,29.03163629
30-09-2022,ICICI,27.7236,7.398,790322.559,100,0,20.4595781,50.50878561,29.03163629
03-10-2022,ICICI,27.7343,7.468,783787.2537,100,0,22.9271809,52.17235379,24.9004653
04-10-2022,ICICI,27.7535,7.362,783787.2537,100,0,22.9271809,52.17235379,24.9004653
06-10-2022,ICICI,27.7474,7.454,783787.2537,100,0,22.9271809,52.17235379,24.9004653
07-10-2022,ICICI,27.745,7.46,783787.2537,100,0,22.9271809,52.17235379,24.9004653
10-10-2022,ICICI,27.7385,7.476,783787.2537,100,0,22.9271809,52.17235379,24.9004653
11-10-2022,ICICI,27.7346,7.426,783787.2537,100,0,22.9271809,52.17235379,24.9004653
12-10-2022,ICICI,27.7463,7.435,783787.2537,100,0,22.9271809,52.17235379,24.9004653
13-10-2022,ICICI,27.7492,7.422,783787.2537,100,0,22.9271809,52.17235379,24.9004653
14-10-2022,ICICI,27.7361,7.47,783787.2537,100,0,22.9271809,52.17235379,24.9004653
17-10-2022,ICICI,27.782,7.407,783787.2537,100,0,22.9271809,52.17235379,24.9004653
18-10-2022,ICICI,27.8067,7.426,783787.2537,100,0,22.9271809,52.17235379,24.9004653
19-10-2022,ICICI,27.7942,7.451,783787.2537,100,0,22.9271809,52.17235379,24.9004653
20-10-2022,ICICI,27.7829,7.476,783787.2537,100,0,22.9271809,52.17235379,24.9004653
21-10-2022,ICICI,27.7871,7.511,783787.2537,100,0,22.9271809,52.17235379,24.9004653
25-10-2022,ICICI,27.8257,7.442,783787.2537,100,0,22.9271809,52.17235379,24.9004653
27-10-2022,ICICI,27.8536,7.412,783787.2537,100,0,22.9271809,52.17235379,24.9004653
28-10-2022,ICICI,27.8703,7.416,783787.2537,100,0,22.9271809,52.17235379,24.9004653
31-10-2022,ICICI,27.8895,7.445,783787.2537,100,0,22.9271809,52.17235379,24.9004653
01-11-2022,ICICI,27.9005,7.396,788019.9798,100,0,22.29368966,47.87088369,29.83542665
02-11-2022,ICICI,27.8913,7.404,788019.9798,100,0,22.29368966,47.87088369,29.83542665
03-11-2022,ICICI,27.8815,7.482,788019.9798,100,0,22.29368966,47.87088369,29.83542665
04-11-2022,ICICI,27.8742,7.469,788019.9798,100,0,22.29368966,47.87088369,29.83542665
07-11-2022,ICICI,27.9011,7.434,788019.9798,100,0,22.29368966,47.87088369,29.83542665
09-11-2022,ICICI,27.923,7.387,788019.9798,100,0,22.29368966,47.87088369,29.83542665
10-11-2022,ICICI,27.936,7.346,788019.9798,100,0,22.29368966,47.87088369,29.83542665
11-11-2022,ICICI,27.9827,7.307,788019.9798,100,0,22.29368966,47.87088369,29.83542665
14-11-2022,ICICI,27.9998,7.287,788019.9798,100,0,22.29368966,47.87088369,29.83542665
15-11-2022,ICICI,27.9908,7.261,788019.9798,100,0,22.29368966,47.87088369,29.83542665
16-11-2022,ICICI,27.9963,7.274,788019.9798,100,0,22.29368966,47.87088369,29.83542665
17-11-2022,ICICI,28.0092,7.281,788019.9798,100,0,22.29368966,47.87088369,29.83542665
18-11-2022,ICICI,27.9854,7.307,788019.9798,100,0,22.29368966,47.87088369,29.83542665
21-11-2022,ICICI,28.0052,7.32,788019.9798,100,0,22.29368966,47.87088369,29.83542665
22-11-2022,ICICI,28.0325,7.285,788019.9798,100,0,22.29368966,47.87088369,29.83542665
23-11-2022,ICICI,28.0495,7.291,788019.9798,100,0,22.29368966,47.87088369,29.83542665
24-11-2022,ICICI,28.0546,7.255,788019.9798,100,0,22.29368966,47.87088369,29.83542665
25-11-2022,ICICI,28.0575,7.301,788019.9798,100,0,22.29368966,47.87088369,29.83542665
28-11-2022,ICICI,28.0801,7.274,788019.9798,100,0,22.29368966,47.87088369,29.83542665
29-11-2022,ICICI,28.0855,7.279,788019.9798,100,0,22.29368966,47.87088369,29.83542665
30-11-2022,ICICI,28.0975,7.28,788019.9798,100,0,22.29368966,47.87088369,29.83542665
01-12-2022,ICICI,28.1136,7.21,786599.9842,100,0,23.15394054,48.21361934,28.63244012
02-12-2022,ICICI,28.1199,7.221,786599.9842,100,0,23.15394054,48.21361934,28.63244012
05-12-2022,ICICI,28.1344,7.226,786599.9842,100,0,23.15394054,48.21361934,28.63244012
06-12-2022,ICICI,28.1467,7.249,786599.9842,100,0,23.15394054,48.21361934,28.63244012
07-12-2022,ICICI,28.1619,7.269,786599.9842,100,0,23.15394054,48.21361934,28.63244012
08-12-2022,ICICI,28.1726,7.288,786599.9842,100,0,23.15394054,48.21361934,28.63244012
09-12-2022,ICICI,28.1878,7.299,786599.9842,100,0,23.15394054,48.21361934,28.63244012
12-12-2022,ICICI,28.206,7.294,786599.9842,100,0,23.15394054,48.21361934,28.63244012
13-12-2022,ICICI,28.2094,7.265,786599.9842,100,0,23.15394054,48.21361934,28.63244012
14-12-2022,ICICI,28.2219,7.221,786599.9842,100,0,23.15394054,48.21361934,28.63244012
15-12-2022,ICICI,28.226,7.268,786599.9842,100,0,23.15394054,48.21361934,28.63244012
16-12-2022,ICICI,28.2245,7.281,786599.9842,100,0,23.15394054,48.21361934,28.63244012
19-12-2022,ICICI,28.237,7.297,786599.9842,100,0,23.15394054,48.21361934,28.63244012
20-12-2022,ICICI,28.237,7.299,786599.9842,100,0,23.15394054,48.21361934,28.63244012
21-12-2022,ICICI,28.2371,7.287,786599.9842,100,0,23.15394054,48.21361934,28.63244012
22-12-2022,ICICI,28.2397,7.316,786599.9842,100,0,23.15394054,48.21361934,28.63244012
23-12-2022,ICICI,28.2266,7.318,786599.9842,100,0,23.15394054,48.21361934,28.63244012
26-12-2022,ICICI,28.2259,7.319,786599.9842,100,0,23.15394054,48.21361934,28.63244012
27-12-2022,ICICI,28.2287,7.308,786599.9842,100,0,23.15394054,48.21361934,28.63244012
28-12-2022,ICICI,28.2338,7.314,786599.9842,100,0,23.15394054,48.21361934,28.63244012
29-12-2022,ICICI,28.2434,7.311,786599.9842,100,0,23.15394054,48.21361934,28.63244012
30-12-2022,ICICI,28.2473,7.327,786599.9842,100,0,23.15394054,48.21361934,28.63244012
02-01-2023,ICICI,28.2641,7.34,774059.2175,100,0,26.54064128,43.40621208,30.05314665
03-01-2023,ICICI,28.2808,7.321,774059.2175,100,0,26.54064128,43.40621208,30.05314665
04-01-2023,ICICI,28.2877,7.321,774059.2175,100,0,26.54064128,43.40621208,30.05314665
05-01-2023,ICICI,28.2929,7.327,774059.2175,100,0,26.54064128,43.40621208,30.05314665
06-01-2023,ICICI,28.2928,7.373,774059.2175,100,0,26.54064128,43.40621208,30.05314665
09-01-2023,ICICI,28.3116,7.342,774059.2175,100,0,26.54064128,43.40621208,30.05314665
10-01-2023,ICICI,28.2972,7.313,774059.2175,100,0,26.54064128,43.40621208,30.05314665
11-01-2023,ICICI,28.3075,7.291,774059.2175,100,0,26.54064128,43.40621208,30.05314665
12-01-2023,ICICI,28.3181,7.286,774059.2175,100,0,26.54064128,43.40621208,30.05314665
13-01-2023,ICICI,28.3117,7.299,774059.2175,100,0,26.54064128,43.40621208,30.05314665
16-01-2023,ICICI,28.3191,7.327,774059.2175,100,0,26.54064128,43.40621208,30.05314665
17-01-2023,ICICI,28.3254,7.333,774059.2175,100,0,26.54064128,43.40621208,30.05314665
18-01-2023,ICICI,28.3236,7.325,774059.2175,100,0,26.54064128,43.40621208,30.05314665
19-01-2023,ICICI,28.337,7.313,774059.2175,100,0,26.54064128,43.40621208,30.05314665
20-01-2023,ICICI,28.3297,7.347,774059.2175,100,0,26.54064128,43.40621208,30.05314665
23-01-2023,ICICI,28.368,7.352,774059.2175,100,0,26.54064128,43.40621208,30.05314665
24-01-2023,ICICI,28.3875,7.346,774059.2175,100,0,26.54064128,43.40621208,30.05314665
25-01-2023,ICICI,28.3893,7.347,774059.2175,100,0,26.54064128,43.40621208,30.05314665
27-01-2023,ICICI,28.3845,7.387,774059.2175,100,0,26.54064128,43.40621208,30.05314665
30-01-2023,ICICI,28.3766,7.401,774059.2175,100,0,26.54064128,43.40621208,30.05314665
31-01-2023,ICICI,28.376,7.343,774059.2175,100,0,26.54064128,43.40621208,30.05314665
01-02-2023,ICICI,28.3755,7.277,758405.4762,100,0,24.06111849,46.20911631,29.72976519
02-02-2023,ICICI,28.3385,7.296,758405.4762,100,0,24.06111849,46.20911631,29.72976519
03-02-2023,ICICI,28.3541,7.277,758405.4762,100,0,24.06111849,46.20911631,29.72976519
06-02-2023,ICICI,28.3691,7.32,758405.4762,100,0,24.06111849,46.20911631,29.72976519
07-02-2023,ICICI,28.3843,7.309,758405.4762,100,0,24.06111849,46.20911631,29.72976519
08-02-2023,ICICI,28.39,7.344,758405.4762,100,0,24.06111849,46.20911631,29.72976519
09-02-2023,ICICI,28.3895,7.344,758405.4762,100,0,24.06111849,46.20911631,29.72976519
10-02-2023,ICICI,28.4008,7.363,758405.4762,100,0,24.06111849,46.20911631,29.72976519
13-02-2023,ICICI,28.4155,7.366,758405.4762,100,0,24.06111849,46.20911631,29.72976519
14-02-2023,ICICI,28.4134,7.371,758405.4762,100,0,24.06111849,46.20911631,29.72976519
15-02-2023,ICICI,28.4231,7.347,758405.4762,100,0,24.06111849,46.20911631,29.72976519
16-02-2023,ICICI,28.4292,7.342,758405.4762,100,0,24.06111849,46.20911631,29.72976519
17-02-2023,ICICI,28.4144,7.388,758405.4762,100,0,24.06111849,46.20911631,29.72976519
20-02-2023,ICICI,28.432,7.37,758405.4762,100,0,24.06111849,46.20911631,29.72976519
21-02-2023,ICICI,28.4378,7.391,758405.4762,100,0,24.06111849,46.20911631,29.72976519
22-02-2023,ICICI,28.4343,7.429,758405.4762,100,0,24.06111849,46.20911631,29.72976519
23-02-2023,ICICI,28.4426,7.391,758405.4762,100,0,24.06111849,46.20911631,29.72976519
24-02-2023,ICICI,28.448,7.419,758405.4762,100,0,24.06111849,46.20911631,29.72976519
27-02-2023,ICICI,28.4466,7.448,758405.4762,100,0,24.06111849,46.20911631,29.72976519
28-02-2023,ICICI,28.4494,7.457,758405.4762,100,0,24.06111849,46.20911631,29.72976519
01-03-2023,ICICI,28.4527,7.434,776737.2099,100,0,28.63964202,38.62484958,32.7355084
02-03-2023,ICICI,28.4467,7.43,776737.2099,100,0,28.63964202,38.62484958,32.7355084
03-03-2023,ICICI,28.4529,7.416,776737.2099,100,0,28.63964202,38.62484958,32.7355084
06-03-2023,ICICI,28.4743,7.418,776737.2099,100,0,28.63964202,38.62484958,32.7355084
08-03-2023,ICICI,28.4727,7.459,776737.2099,100,0,28.63964202,38.62484958,32.7355084
09-03-2023,ICICI,28.4754,7.441,776737.2099,100,0,28.63964202,38.62484958,32.7355084
10-03-2023,ICICI,28.4889,7.429,776737.2099,100,0,28.63964202,38.62484958,32.7355084
13-03-2023,ICICI,28.5166,7.365,776737.2099,100,0,28.63964202,38.62484958,32.7355084
14-03-2023,ICICI,28.5294,7.378,776737.2099,100,0,28.63964202,38.62484958,32.7355084
15-03-2023,ICICI,28.5344,7.363,776737.2099,100,0,28.63964202,38.62484958,32.7355084
16-03-2023,ICICI,28.5478,7.352,776737.2099,100,0,28.63964202,38.62484958,32.7355084
17-03-2023,ICICI,28.5624,7.354,776737.2099,100,0,28.63964202,38.62484958,32.7355084
20-03-2023,ICICI,28.6398,7.334,776737.2099,100,0,28.63964202,38.62484958,32.7355084
21-03-2023,ICICI,28.6499,7.354,776737.2099,100,0,28.63964202,38.62484958,32.7355084
23-03-2023,ICICI,28.662,7.345,776737.2099,100,0,28.63964202,38.62484958,32.7355084
24-03-2023,ICICI,28.7261,7.318,776737.2099,100,0,28.63964202,38.62484958,32.7355084
27-03-2023,ICICI,28.7169,7.312,776737.2099,100,0,28.63964202,38.62484958,32.7355084
28-03-2023,ICICI,28.686,7.321,776737.2099,100,0,28.63964202,38.62484958,32.7355084
29-03-2023,ICICI,28.7067,7.296,776737.2099,100,0,28.63964202,38.62484958,32.7355084
31-03-2023,ICICI,28.7539,7.315,776737.2099,100,0,28.63964202,38.62484958,32.7355084
03-04-2023,ICICI,28.7731,7.315,782843.1121,100,0,31.02222121,41.76813573,27.20964306
05-04-2023,ICICI,28.7928,7.273,782843.1121,100,0,31.02222121,41.76813573,27.20964306
06-04-2023,ICICI,28.8443,7.219,782843.1121,100,0,31.02222121,41.76813573,27.20964306
10-04-2023,ICICI,28.8635,7.227,782843.1121,100,0,31.02222121,41.76813573,27.20964306
11-04-2023,ICICI,28.872,7.224,782843.1121,100,0,31.02222121,41.76813573,27.20964306
12-04-2023,ICICI,28.8842,7.213,782843.1121,100,0,31.02222121,41.76813573,27.20964306
13-04-2023,ICICI,28.8915,7.229,782843.1121,100,0,31.02222121,41.76813573,27.20964306
17-04-2023,ICICI,28.9119,7.247,782843.1121,100,0,31.02222121,41.76813573,27.20964306
18-04-2023,ICICI,28.9417,7.221,782843.1121,100,0,31.02222121,41.76813573,27.20964306
19-04-2023,ICICI,28.9465,7.227,782843.1121,100,0,31.02222121,41.76813573,27.20964306
20-04-2023,ICICI,28.9535,7.22,782843.1121,100,0,31.02222121,41.76813573,27.20964306
21-04-2023,ICICI,28.969,7.185,782843.1121,100,0,31.02222121,41.76813573,27.20964306
24-04-2023,ICICI,28.9926,7.111,782843.1121,100,0,31.02222121,41.76813573,27.20964306
25-04-2023,ICICI,28.9857,7.11,782843.1121,100,0,31.02222121,41.76813573,27.20964306
26-04-2023,ICICI,29.0122,7.116,782843.1121,100,0,31.02222121,41.76813573,27.20964306
27-04-2023,ICICI,29.0217,7.097,782843.1121,100,0,31.02222121,41.76813573,27.20964306
28-04-2023,ICICI,29.0415,7.116,782843.1121,100,0,31.02222121,41.76813573,27.20964306
02-05-2023,ICICI,29.0565,7.106,782366.4779,100,0,29.82437149,45.04280452,25.13282398
03-05-2023,ICICI,29.0798,7.011,782366.4779,100,0,29.82437149,45.04280452,25.13282398
04-05-2023,ICICI,29.0684,7.014,782366.4779,100,0,29.82437149,45.04280452,25.13282398
08-05-2023,ICICI,29.0693,7.047,782366.4779,100,0,29.82437149,45.04280452,25.13282398
09-05-2023,ICICI,29.0705,7.046,782366.4779,100,0,29.82437149,45.04280452,25.13282398
10-05-2023,ICICI,29.0952,7.036,782366.4779,100,0,29.82437149,45.04280452,25.13282398
11-05-2023,ICICI,29.082,7.023,782366.4779,100,0,29.82437149,45.04280452,25.13282398
12-05-2023,ICICI,29.0914,6.995,782366.4779,100,0,29.82437149,45.04280452,25.13282398
15-05-2023,ICICI,29.1048,7.001,782366.4779,100,0,29.82437149,45.04280452,25.13282398
16-05-2023,ICICI,29.1196,6.963,782366.4779,100,0,29.82437149,45.04280452,25.13282398
17-05-2023,ICICI,29.1143,6.972,782366.4779,100,0,29.82437149,45.04280452,25.13282398
18-05-2023,ICICI,29.1178,6.983,782366.4779,100,0,29.82437149,45.04280452,25.13282398
19-05-2023,ICICI,29.1093,7.004,782366.4779,100,0,29.82437149,45.04280452,25.13282398
22-05-2023,ICICI,29.1446,6.985,782366.4779,100,0,29.82437149,45.04280452,25.13282398
23-05-2023,ICICI,29.1344,7.016,782366.4779,100,0,29.82437149,45.04280452,25.13282398
24-05-2023,ICICI,29.145,6.99,782366.4779,100,0,29.82437149,45.04280452,25.13282398
25-05-2023,ICICI,29.1287,7.007,782366.4779,100,0,29.82437149,45.04280452,25.13282398
26-05-2023,ICICI,29.1448,7.003,782366.4779,100,0,29.82437149,45.04280452,25.13282398
29-05-2023,ICICI,29.1689,7.024,782366.4779,100,0,29.82437149,45.04280452,25.13282398
30-05-2023,ICICI,29.1843,7.011,782366.4779,100,0,29.82437149,45.04280452,25.13282398
31-05-2023,ICICI,29.2002,6.989,782366.4779,100,0,29.82437149,45.04280452,25.13282398
01-06-2023,ICICI,29.2116,6.979,767177.3269,100,0,29.44662781,45.86372877,24.68964341
02-06-2023,ICICI,29.1977,6.984,767177.3269,100,0,29.44662781,45.86372877,24.68964341
05-06-2023,ICICI,29.2374,6.997,767177.3269,100,0,29.44662781,45.86372877,24.68964341
06-06-2023,ICICI,29.2509,6.977,767177.3269,100,0,29.44662781,45.86372877,24.68964341
07-06-2023,ICICI,29.2637,6.982,767177.3269,100,0,29.44662781,45.86372877,24.68964341
08-06-2023,ICICI,29.2504,7.021,767177.3269,100,0,29.44662781,45.86372877,24.68964341
09-06-2023,ICICI,29.2409,7.039,767177.3269,100,0,29.44662781,45.86372877,24.68964341
12-06-2023,ICICI,29.2696,7.016,767177.3269,100,0,29.44662781,45.86372877,24.68964341
13-06-2023,ICICI,29.2617,7.002,767177.3269,100,0,29.44662781,45.86372877,24.68964341
14-06-2023,ICICI,29.2734,7.011,767177.3269,100,0,29.44662781,45.86372877,24.68964341
15-06-2023,ICICI,29.2698,7.036,767177.3269,100,0,29.44662781,45.86372877,24.68964341
16-06-2023,ICICI,29.271,7.034,767177.3269,100,0,29.44662781,45.86372877,24.68964341
19-06-2023,ICICI,29.2803,7.053,767177.3269,100,0,29.44662781,45.86372877,24.68964341
20-06-2023,ICICI,29.2703,7.059,767177.3269,100,0,29.44662781,45.86372877,24.68964341
21-06-2023,ICICI,29.2778,7.067,767177.3269,100,0,29.44662781,45.86372877,24.68964341
22-06-2023,ICICI,29.2963,7.086,767177.3269,100,0,29.44662781,45.86372877,24.68964341
23-06-2023,ICICI,29.2916,7.074,767177.3269,100,0,29.44662781,45.86372877,24.68964341
26-06-2023,ICICI,29.3109,7.066,767177.3269,100,0,29.44662781,45.86372877,24.68964341
27-06-2023,ICICI,29.3135,7.063,767177.3269,100,0,29.44662781,45.86372877,24.68964341
28-06-2023,ICICI,29.3168,7.056,767177.3269,100,0,29.44662781,45.86372877,24.68964341
30-06-2023,ICICI,29.3263,7.11,767177.3269,100,0,29.44662781,45.86372877,24.68964341
03-07-2023,ICICI,29.349,7.117,765385.8209,100,0,31.21420875,43.789568,24.99622325
04-07-2023,ICICI,29.355,7.119,765385.8209,100,0,31.21420875,43.789568,24.99622325
05-07-2023,ICICI,29.3603,7.105,765385.8209,100,0,31.21420875,43.789568,24.99622325
06-07-2023,ICICI,29.3692,7.147,765385.8209,100,0,31.21420875,43.789568,24.99622325
07-07-2023,ICICI,29.3949,7.159,765385.8209,100,0,31.21420875,43.789568,24.99622325
10-07-2023,ICICI,29.4054,7.149,765385.8209,100,0,31.21420875,43.789568,24.99622325
11-07-2023,ICICI,29.4269,7.095,765385.8209,100,0,31.21420875,43.789568,24.99622325
12-07-2023,ICICI,29.4162,7.118,765385.8209,100,0,31.21420875,43.789568,24.99622325
13-07-2023,ICICI,29.4283,7.071,765385.8209,100,0,31.21420875,43.789568,24.99622325
14-07-2023,ICICI,29.4491,7.089,765385.8209,100,0,31.21420875,43.789568,24.99622325
17-07-2023,ICICI,29.4852,7.074,765385.8209,100,0,31.21420875,43.789568,24.99622325
18-07-2023,ICICI,29.4973,7.058,765385.8209,100,0,31.21420875,43.789568,24.99622325
19-07-2023,ICICI,29.4968,7.072,765385.8209,100,0,31.21420875,43.789568,24.99622325
20-07-2023,ICICI,29.5057,7.083,765385.8209,100,0,31.21420875,43.789568,24.99622325
21-07-2023,ICICI,29.5179,7.087,765385.8209,100,0,31.21420875,43.789568,24.99622325
24-07-2023,ICICI,29.5385,7.071,765385.8209,100,0,31.21420875,43.789568,24.99622325
25-07-2023,ICICI,29.5241,7.1,765385.8209,100,0,31.21420875,43.789568,24.99622325
26-07-2023,ICICI,29.5156,7.096,765385.8209,100,0,31.21420875,43.789568,24.99622325
27-07-2023,ICICI,29.5341,7.12,765385.8209,100,0,31.21420875,43.789568,24.99622325
28-07-2023,ICICI,29.53,7.161,765385.8209,100,0,31.21420875,43.789568,24.99622325
31-07-2023,ICICI,29.5561,7.172,765385.8209,100,0,31.21420875,43.789568,24.99622325
01-08-2023,ICICI,29.5575,7.156,759773.7805,100,0,32.44928689,40.47747008,27.07324302
02-08-2023,ICICI,29.5656,7.154,759773.7805,100,0,32.44928689,40.47747008,27.07324302
03-08-2023,ICICI,29.5714,7.194,759773.7805,100,0,32.44928689,40.47747008,27.07324302
04-08-2023,ICICI,29.5681,7.193,759773.7805,100,0,32.44928689,40.47747008,27.07324302
07-08-2023,ICICI,29.5857,7.197,759773.7805,100,0,32.44928689,40.47747008,27.07324302
08-08-2023,ICICI,29.5933,7.168,759773.7805,100,0,32.44928689,40.47747008,27.07324302
09-08-2023,ICICI,29.5976,7.178,759773.7805,100,0,32.44928689,40.47747008,27.07324302
10-08-2023,ICICI,29.6265,7.154,759773.7805,100,0,32.44928689,40.47747008,27.07324302
11-08-2023,ICICI,29.6236,7.198,759773.7805,100,0,32.44928689,40.47747008,27.07324302
14-08-2023,ICICI,29.632,7.209,759773.7805,100,0,32.44928689,40.47747008,27.07324302
17-08-2023,ICICI,29.6109,7.25,759773.7805,100,0,32.44928689,40.47747008,27.07324302
18-08-2023,ICICI,29.6269,7.214,759773.7805,100,0,32.44928689,40.47747008,27.07324302
21-08-2023,ICICI,29.6483,7.22,759773.7805,100,0,32.44928689,40.47747008,27.07324302
22-08-2023,ICICI,29.6468,7.218,759773.7805,100,0,32.44928689,40.47747008,27.07324302
23-08-2023,ICICI,29.6613,7.194,759773.7805,100,0,32.44928689,40.47747008,27.07324302
24-08-2023,ICICI,29.6598,7.193,759773.7805,100,0,32.44928689,40.47747008,27.07324302
25-08-2023,ICICI,29.6549,7.206,759773.7805,100,0,32.44928689,40.47747008,27.07324302
28-08-2023,ICICI,29.6772,7.178,759773.7805,100,0,32.44928689,40.47747008,27.07324302
29-08-2023,ICICI,29.69,7.18,759773.7805,100,0,32.44928689,40.47747008,27.07324302
30-08-2023,ICICI,29.6681,7.185,759773.7805,100,0,32.44928689,40.47747008,27.07324302
31-08-2023,ICICI,29.7041,7.166,759773.7805,100,0,32.44928689,40.47747008,27.07324302
01-09-2023,ICICI,29.7274,7.175,750319.2085,100,0,31.17951994,43.10543181,25.71504825
04-09-2023,ICICI,29.7255,7.204,750319.2085,100,0,31.17951994,43.10543181,25.71504825
05-09-2023,ICICI,29.7306,7.206,750319.2085,100,0,31.17951994,43.10543181,25.71504825
06-09-2023,ICICI,29.7256,7.21,750319.2085,100,0,31.17951994,43.10543181,25.71504825
07-09-2023,ICICI,29.7543,7.173,750319.2085,100,0,31.17951994,43.10543181,25.71504825
08-09-2023,ICICI,29.7677,7.199,750319.2085,100,0,31.17951994,43.10543181,25.71504825
11-09-2023,ICICI,29.7541,7.209,750319.2085,100,0,31.17951994,43.10543181,25.71504825
12-09-2023,ICICI,29.7765,7.203,750319.2085,100,0,31.17951994,43.10543181,25.71504825
13-09-2023,ICICI,29.8114,7.172,750319.2085,100,0,31.17951994,43.10543181,25.71504825
14-09-2023,ICICI,29.8221,7.101,750319.2085,100,0,31.17951994,43.10543181,25.71504825
15-09-2023,ICICI,29.8175,7.158,750319.2085,100,0,31.17951994,43.10543181,25.71504825
18-09-2023,ICICI,29.8183,7.149,750319.2085,100,0,31.17951994,43.10543181,25.71504825
20-09-2023,ICICI,29.8262,7.153,750319.2085,100,0,31.17951994,43.10543181,25.71504825
21-09-2023,ICICI,29.8321,7.136,750319.2085,100,0,31.17951994,43.10543181,25.71504825
22-09-2023,ICICI,29.8331,7.15,750319.2085,100,0,31.17951994,43.10543181,25.71504825
25-09-2023,ICICI,29.8496,7.15,750319.2085,100,0,31.17951994,43.10543181,25.71504825
26-09-2023,ICICI,29.8527,7.146,750319.2085,100,0,31.17951994,43.10543181,25.71504825
27-09-2023,ICICI,29.8504,7.173,750319.2085,100,0,31.17951994,43.10543181,25.71504825
29-09-2023,ICICI,29.8438,7.21,750319.2085,100,0,31.17951994,43.10543181,25.71504825
03-10-2023,ICICI,29.8551,7.235,742398.3286,100,0,30.07939805,46.68929315,23.2313088
04-10-2023,ICICI,29.8669,7.238,742398.3286,100,0,30.07939805,46.68929315,23.2313088
05-10-2023,ICICI,29.8814,7.214,742398.3286,100,0,30.07939805,46.68929315,23.2313088
06-10-2023,ICICI,29.8366,7.339,742398.3286,100,0,30.07939805,46.68929315,23.2313088
09-10-2023,ICICI,29.8374,7.386,742398.3286,100,0,30.07939805,46.68929315,23.2313088
10-10-2023,ICICI,29.8539,7.351,742398.3286,100,0,30.07939805,46.68929315,23.2313088
11-10-2023,ICICI,29.8845,7.307,742398.3286,100,0,30.07939805,46.68929315,23.2313088
12-10-2023,ICICI,29.909,7.302,742398.3286,100,0,30.07939805,46.68929315,23.2313088
13-10-2023,ICICI,29.921,7.32,742398.3286,100,0,30.07939805,46.68929315,23.2313088
16-10-2023,ICICI,29.9371,7.333,742398.3286,100,0,30.07939805,46.68929315,23.2313088
17-10-2023,ICICI,29.9328,7.328,742398.3286,100,0,30.07939805,46.68929315,23.2313088
18-10-2023,ICICI,29.95,7.353,742398.3286,100,0,30.07939805,46.68929315,23.2313088
19-10-2023,ICICI,29.9393,7.369,742398.3286,100,0,30.07939805,46.68929315,23.2313088
20-10-2023,ICICI,29.9482,7.365,742398.3286,100,0,30.07939805,46.68929315,23.2313088
23-10-2023,ICICI,29.9456,7.382,742398.3286,100,0,30.07939805,46.68929315,23.2313088
25-10-2023,ICICI,29.9525,7.343,742398.3286,100,0,30.07939805,46.68929315,23.2313088
26-10-2023,ICICI,29.9442,7.366,742398.3286,100,0,30.07939805,46.68929315,23.2313088
27-10-2023,ICICI,29.9807,7.351,742398.3286,100,0,30.07939805,46.68929315,23.2313088
30-10-2023,ICICI,30.0057,7.369,742398.3286,100,0,30.07939805,46.68929315,23.2313088
31-10-2023,ICICI,30.0228,7.351,742398.3286,100,0,30.07939805,46.68929315,23.2313088
01-11-2023,ICICI,30.0338,7.358,741039.7808,100,0,28.74770584,44.92667895,26.32561521
02-11-2023,ICICI,30.0592,7.322,741039.7808,100,0,28.74770584,44.92667895,26.32561521
03-11-2023,ICICI,30.0889,7.317,741039.7808,100,0,28.74770584,44.92667895,26.32561521
06-11-2023,ICICI,30.1213,7.305,741039.7808,100,0,28.74770584,44.92667895,26.32561521
07-11-2023,ICICI,30.1273,7.28,741039.7808,100,0,28.74770584,44.92667895,26.32561521
08-11-2023,ICICI,30.1377,7.266,741039.7808,100,0,28.74770584,44.92667895,26.32561521
09-11-2023,ICICI,30.1607,7.269,741039.7808,100,0,28.74770584,44.92667895,26.32561521
10-11-2023,ICICI,30.1472,7.3,741039.7808,100,0,28.74770584,44.92667895,26.32561521
13-11-2023,ICICI,30.1628,7.283,741039.7808,100,0,28.74770584,44.92667895,26.32561521
15-11-2023,ICICI,30.211,7.225,741039.7808,100,0,28.74770584,44.92667895,26.32561521
16-11-2023,ICICI,30.215,7.232,741039.7808,100,0,28.74770584,44.92667895,26.32561521
17-11-2023,ICICI,30.2267,7.212,741039.7808,100,0,28.74770584,44.92667895,26.32561521
20-11-2023,ICICI,30.2334,7.252,741039.7808,100,0,28.74770584,44.92667895,26.32561521
21-11-2023,ICICI,30.2284,7.269,741039.7808,100,0,28.74770584,44.92667895,26.32561521
22-11-2023,ICICI,30.2193,7.247,741039.7808,100,0,28.74770584,44.92667895,26.32561521
23-11-2023,ICICI,30.2386,7.253,741039.7808,100,0,28.74770584,44.92667895,26.32561521
24-11-2023,ICICI,30.2236,7.272,741039.7808,100,0,28.74770584,44.92667895,26.32561521
28-11-2023,ICICI,30.2253,7.273,741039.7808,100,0,28.74770584,44.92667895,26.32561521
29-11-2023,ICICI,30.2469,7.252,741039.7808,100,0,28.74770584,44.92667895,26.32561521
30-11-2023,ICICI,30.2612,7.279,741039.7808,100,0,28.74770584,44.92667895,26.32561521
01-12-2023,ICICI,30.2457,7.29,732330.1868,100,0,27.27928492,43.9473268,28.77338828
04-12-2023,ICICI,30.2621,7.271,732330.1868,100,0,27.27928492,43.9473268,28.77338828
05-12-2023,ICICI,30.267,7.262,732330.1868,100,0,27.27928492,43.9473268,28.77338828
06-12-2023,ICICI,30.2121,7.248,732330.1868,100,0,27.27928492,43.9473268,28.77338828
07-12-2023,ICICI,30.2966,7.236,732330.1868,100,0,27.27928492,43.9473268,28.77338828
08-12-2023,ICICI,30.3202,7.266,732330.1868,100,0,27.27928492,43.9473268,28.77338828
11-12-2023,ICICI,30.348,7.281,732330.1868,100,0,27.27928492,43.9473268,28.77338828
12-12-2023,ICICI,30.3522,7.275,732330.1868,100,0,27.27928492,43.9473268,28.77338828
13-12-2023,ICICI,30.3685,7.259,732330.1868,100,0,27.27928492,43.9473268,28.77338828
14-12-2023,ICICI,30.4053,7.194,732330.1868,100,0,27.27928492,43.9473268,28.77338828
15-12-2023,ICICI,30.4103,7.163,732330.1868,100,0,27.27928492,43.9473268,28.77338828
18-12-2023,ICICI,30.4169,7.153,732330.1868,100,0,27.27928492,43.9473268,28.77338828
19-12-2023,ICICI,30.4546,7.171,732330.1868,100,0,27.27928492,43.9473268,28.77338828
20-12-2023,ICICI,30.4527,7.171,732330.1868,100,0,27.27928492,43.9473268,28.77338828
21-12-2023,ICICI,30.4452,7.184,732330.1868,100,0,27.27928492,43.9473268,28.77338828
22-12-2023,ICICI,30.4331,7.188,732330.1868,100,0,27.27928492,43.9473268,28.77338828
26-12-2023,ICICI,30.4837,7.183,732330.1868,100,0,27.27928492,43.9473268,28.77338828
27-12-2023,ICICI,30.4944,7.205,732330.1868,100,0,27.27928492,43.9473268,28.77338828
28-12-2023,ICICI,30.4806,7.207,732330.1868,100,0,27.27928492,43.9473268,28.77338828
29-12-2023,ICICI,30.4933,7.176,732330.1868,100,0,27.27928492,43.9473268,28.77338828
01-01-2024,ICICI,30.5245,7.196,730231.4807,100,0,29.79168947,42.85208592,27.35622461
02-01-2024,ICICI,30.5357,7.206,730231.4807,100,0,29.79168947,42.85208592,27.35622461
03-01-2024,ICICI,30.5553,7.216,730231.4807,100,0,29.79168947,42.85208592,27.35622461
04-01-2024,ICICI,30.5605,7.22,730231.4807,100,0,29.79168947,42.85208592,27.35622461
05-01-2024,ICICI,30.5646,7.235,730231.4807,100,0,29.79168947,42.85208592,27.35622461
08-01-2024,ICICI,30.5711,7.203,730231.4807,100,0,29.79168947,42.85208592,27.35622461
09-01-2024,ICICI,30.6024,7.189,730231.4807,100,0,29.79168947,42.85208592,27.35622461
10-01-2024,ICICI,30.6573,7.178,730231.4807,100,0,29.79168947,42.85208592,27.35622461
11-01-2024,ICICI,30.6969,7.165,730231.4807,100,0,29.79168947,42.85208592,27.35622461
12-01-2024,ICICI,30.7021,7.178,730231.4807,100,0,29.79168947,42.85208592,27.35622461
15-01-2024,ICICI,30.7141,7.148,730231.4807,100,0,29.79168947,42.85208592,27.35622461
16-01-2024,ICICI,30.7323,7.146,730231.4807,100,0,29.79168947,42.85208592,27.35622461
17-01-2024,ICICI,30.7384,7.163,730231.4807,100,0,29.79168947,42.85208592,27.35622461
18-01-2024,ICICI,30.7517,7.178,730231.4807,100,0,29.79168947,42.85208592,27.35622461
19-01-2024,ICICI,30.7423,7.184,730231.4807,100,0,29.79168947,42.85208592,27.35622461
23-01-2024,ICICI,30.7751,7.174,730231.4807,100,0,29.79168947,42.85208592,27.35622461
24-01-2024,ICICI,30.7829,7.181,730231.4807,100,0,29.79168947,42.85208592,27.35622461
25-01-2024,ICICI,30.7692,7.171,730231.4807,100,0,29.79168947,42.85208592,27.35622461
29-01-2024,ICICI,30.8097,7.171,730231.4807,100,0,29.79168947,42.85208592,27.35622461
30-01-2024,ICICI,30.7985,7.155,730231.4807,100,0,29.79168947,42.85208592,27.35622461
31-01-2024,ICICI,30.8361,7.144,730231.4807,100,0,29.79168947,42.85208592,27.35622461
01-02-2024,ICICI,30.8875,7.064,725016.1276,100,0,29.78886838,47.65148344,22.55964817
02-02-2024,ICICI,30.9185,7.05,725016.1276,100,0,29.78886838,47.65148344,22.55964817
05-02-2024,ICICI,30.911,7.091,725016.1276,100,0,29.78886838,47.65148344,22.55964817
06-02-2024,ICICI,30.9159,7.092,725016.1276,100,0,29.78886838,47.65148344,22.55964817
07-02-2024,ICICI,30.9232,7.074,725016.1276,100,0,29.78886838,47.65148344,22.55964817
08-02-2024,ICICI,30.9197,7.082,725016.1276,100,0,29.78886838,47.65148344,22.55964817
09-02-2024,ICICI,30.9027,7.114,725016.1276,100,0,29.78886838,47.65148344,22.55964817
12-02-2024,ICICI,30.9247,7.097,725016.1276,100,0,29.78886838,47.65148344,22.55964817
13-02-2024,ICICI,30.9501,7.097,725016.1276,100,0,29.78886838,47.65148344,22.55964817
14-02-2024,ICICI,30.9689,7.114,725016.1276,100,0,29.78886838,47.65148344,22.55964817
15-02-2024,ICICI,30.9871,7.085,725016.1276,100,0,29.78886838,47.65148344,22.55964817
16-02-2024,ICICI,30.9895,7.099,725016.1276,100,0,29.78886838,47.65148344,22.55964817
20-02-2024,ICICI,31.0276,7.062,725016.1276,100,0,29.78886838,47.65148344,22.55964817
21-02-2024,ICICI,30.9938,7.045,725016.1276,100,0,29.78886838,47.65148344,22.55964817
22-02-2024,ICICI,30.9766,7.062,725016.1276,100,0,29.78886838,47.65148344,22.55964817
23-02-2024,ICICI,31.0086,7.077,725016.1276,100,0,29.78886838,47.65148344,22.55964817
26-02-2024,ICICI,31.0517,7.063,725016.1276,100,0,29.78886838,47.65148344,22.55964817
27-02-2024,ICICI,31.0441,7.068,725016.1276,100,0,29.78886838,47.65148344,22.55964817
28-02-2024,ICICI,31.0493,7.065,725016.1276,100,0,29.78886838,47.65148344,22.55964817
29-02-2024,ICICI,31.0845,7.078,725016.1276,100,0,29.78886838,47.65148344,22.55964817
01-03-2024,ICICI,31.1125,7.06,718676.8919,100,0,24.46308376,49.82971681,25.70719944
04-03-2024,ICICI,31.1156,7.06,718676.8919,100,0,24.46308376,49.82971681,25.70719944
05-03-2024,ICICI,31.1592,7.057,718676.8919,100,0,24.46308376,49.82971681,25.70719944
06-03-2024,ICICI,31.1355,7.054,718676.8919,100,0,24.46308376,49.82971681,25.70719944
07-03-2024,ICICI,31.1678,7.031,718676.8919,100,0,24.46308376,49.82971681,25.70719944
11-03-2024,ICICI,31.208,7.014,718676.8919,100,0,24.46308376,49.82971681,25.70719944
12-03-2024,ICICI,31.2011,7.026,718676.8919,100,0,24.46308376,49.82971681,25.70719944
13-03-2024,ICICI,31.2243,7.039,718676.8919,100,0,24.46308376,49.82971681,25.70719944
14-03-2024,ICICI,31.238,7.041,718676.8919,100,0,24.46308376,49.82971681,25.70719944
15-03-2024,ICICI,31.2759,7.062,718676.8919,100,0,24.46308376,49.82971681,25.70719944
18-03-2024,ICICI,31.2264,7.087,718676.8919,100,0,24.46308376,49.82971681,25.70719944
19-03-2024,ICICI,31.2259,7.095,718676.8919,100,0,24.46308376,49.82971681,25.70719944
20-03-2024,ICICI,31.1608,7.097,718676.8919,100,0,24.46308376,49.82971681,25.70719944
21-03-2024,ICICI,31.2096,7.05,718676.8919,100,0,24.46308376,49.82971681,25.70719944
22-03-2024,ICICI,31.2056,7.087,718676.8919,100,0,24.46308376,49.82971681,25.70719944
26-03-2024,ICICI,31.2227,7.089,718676.8919,100,0,24.46308376,49.82971681,25.70719944
27-03-2024,ICICI,31.2457,7.072,718676.8919,100,0,24.46308376,49.82971681,25.70719944
28-03-2024,ICICI,31.2457,7.052,718676.8919,100,0,24.46308376,49.82971681,25.70719944
31-03-2024,ICICI,31.2622,7.052,718676.8919,100,0,24.46308376,49.82971681,25.70719944
02-04-2024,ICICI,31.2572,7.108,707532.9499,100,0,21.36840977,52.43215599,26.19943424
03-04-2024,ICICI,31.2675,7.104,707532.9499,100,0,21.36840977,52.43215599,26.19943424
04-04-2024,ICICI,31.2928,7.094,707532.9499,100,0,21.36840977,52.43215599,26.19943424
05-04-2024,ICICI,31.2894,7.117,707532.9499,100,0,21.36840977,52.43215599,26.19943424
08-04-2024,ICICI,31.2863,7.154,707532.9499,100,0,21.36840977,52.43215599,26.19943424
10-04-2024,ICICI,31.2836,7.116,707532.9499,100,0,21.36840977,52.43215599,26.19943424
12-04-2024,ICICI,31.2299,7.179,707532.9499,100,0,21.36840977,52.43215599,26.19943424
15-04-2024,ICICI,31.2434,7.175,707532.9499,100,0,21.36840977,52.43215599,26.19943424
16-04-2024,ICICI,31.2238,7.193,707532.9499,100,0,21.36840977,52.43215599,26.19943424
18-04-2024,ICICI,31.2953,7.18,707532.9499,100,0,21.36840977,52.43215599,26.19943424
19-04-2024,ICICI,31.2816,7.225,707532.9499,100,0,21.36840977,52.43215599,26.19943424
22-04-2024,ICICI,31.2956,7.192,707532.9499,100,0,21.36840977,52.43215599,26.19943424
23-04-2024,ICICI,31.3314,7.167,707532.9499,100,0,21.36840977,52.43215599,26.19943424
24-04-2024,ICICI,31.344,7.186,707532.9499,100,0,21.36840977,52.43215599,26.19943424
25-04-2024,ICICI,31.3566,7.204,707532.9499,100,0,21.36840977,52.43215599,26.19943424
26-04-2024,ICICI,31.3332,7.199,707532.9499,100,0,21.36840977,52.43215599,26.19943424
29-04-2024,ICICI,31.3298,7.196,707532.9499,100,0,21.36840977,52.43215599,26.19943424
30-04-2024,ICICI,31.3479,7.195,707532.9499,100,0,21.36840977,52.43215599,26.19943424
02-05-2024,ICICI,31.3622,7.162,691250.283,100,0,20.97413825,52.19306651,26.83279524
03-05-2024,ICICI,31.3594,7.149,691250.283,100,0,20.97413825,52.19306651,26.83279524
06-05-2024,ICICI,31.3745,7.108,691250.283,100,0,20.97413825,52.19306651,26.83279524
07-05-2024,ICICI,31.3778,7.129,691250.283,100,0,20.97413825,52.19306651,26.83279524
08-05-2024,ICICI,31.4161,7.138,691250.283,100,0,20.97413825,52.19306651,26.83279524
09-05-2024,ICICI,31.4301,7.135,691250.283,100,0,20.97413825,52.19306651,26.83279524
10-05-2024,ICICI,31.4436,7.127,691250.283,100,0,20.97413825,52.19306651,26.83279524
13-05-2024,ICICI,31.437,7.116,691250.283,100,0,20.97413825,52.19306651,26.83279524
14-05-2024,ICICI,31.4733,7.109,691250.283,100,0,20.97413825,52.19306651,26.83279524
15-05-2024,ICICI,31.4757,7.086,691250.283,100,0,20.97413825,52.19306651,26.83279524
16-05-2024,ICICI,31.4781,7.076,691250.283,100,0,20.97413825,52.19306651,26.83279524
17-05-2024,ICICI,31.4581,7.095,691250.283,100,0,20.97413825,52.19306651,26.83279524
21-05-2024,ICICI,31.523,7.078,691250.283,100,0,20.97413825,52.19306651,26.83279524
22-05-2024,ICICI,31.5095,6.997,691250.283,100,0,20.97413825,52.19306651,26.83279524
24-05-2024,ICICI,31.58,6.998,691250.283,100,0,20.97413825,52.19306651,26.83279524
27-05-2024,ICICI,31.5947,6.981,691250.283,100,0,20.97413825,52.19306651,26.83279524
28-05-2024,ICICI,31.5864,6.995,691250.283,100,0,20.97413825,52.19306651,26.83279524
29-05-2024,ICICI,31.6156,7.008,691250.283,100,0,20.97413825,52.19306651,26.83279524
30-05-2024,ICICI,31.6312,7.003,691250.283,100,0,20.97413825,52.19306651,26.83279524
31-05-2024,ICICI,31.6556,6.986,691250.283,100,0,20.97413825,52.19306651,26.83279524
03-06-2024,ICICI,31.721,6.947,676339.1585,100,0,16.80391258,52.415718,30.78036942
04-06-2024,ICICI,31.6456,7.033,676339.1585,100,0,16.80391258,52.415718,30.78036942
05-06-2024,ICICI,31.6588,7.026,676339.1585,100,0,16.80391258,52.415718,30.78036942
06-06-2024,ICICI,31.6758,7.015,676339.1585,100,0,16.80391258,52.415718,30.78036942
07-06-2024,ICICI,31.6779,7.018,676339.1585,100,0,16.80391258,52.415718,30.78036942
10-06-2024,ICICI,31.6975,7.032,676339.1585,100,0,16.80391258,52.415718,30.78036942
11-06-2024,ICICI,31.7242,7.014,676339.1585,100,0,16.80391258,52.415718,30.78036942
12-06-2024,ICICI,31.7463,7.012,676339.1585,100,0,16.80391258,52.415718,30.78036942
13-06-2024,ICICI,31.7649,6.986,676339.1585,100,0,16.80391258,52.415718,30.78036942
14-06-2024,ICICI,31.7761,6.984,676339.1585,100,0,16.80391258,52.415718,30.78036942
18-06-2024,ICICI,31.7895,6.981,676339.1585,100,0,16.80391258,52.415718,30.78036942
19-06-2024,ICICI,31.7865,6.974,676339.1585,100,0,16.80391258,52.415718,30.78036942
20-06-2024,ICICI,31.7982,6.976,676339.1585,100,0,16.80391258,52.415718,30.78036942
21-06-2024,ICICI,31.8107,6.973,676339.1585,100,0,16.80391258,52.415718,30.78036942
24-06-2024,ICICI,31.7883,6.971,676339.1585,100,0,16.80391258,52.415718,30.78036942
25-06-2024,ICICI,31.8138,6.983,676339.1585,100,0,16.80391258,52.415718,30.78036942
26-06-2024,ICICI,31.8116,6.997,676339.1585,100,0,16.80391258,52.415718,30.78036942
27-06-2024,ICICI,31.8169,7,676339.1585,100,0,16.80391258,52.415718,30.78036942
28-06-2024,ICICI,31.8285,7.008,676339.1585,100,0,16.80391258,52.415718,30.78036942
01-07-2024,ICICI,31.8499,7.013,662417.1627,100,0,21.21598845,49.18637304,29.59763851
02-07-2024,ICICI,31.8552,7.009,662417.1627,100,0,21.21598845,49.18637304,29.59763851
03-07-2024,ICICI,31.8655,7.001,662417.1627,100,0,21.21598845,49.18637304,29.59763851
04-07-2024,ICICI,31.8841,6.998,662417.1627,100,0,21.21598845,49.18637304,29.59763851
05-07-2024,ICICI,31.9024,6.993,662417.1627,100,0,21.21598845,49.18637304,29.59763851
08-07-2024,ICICI,31.9161,6.989,662417.1627,100,0,21.21598845,49.18637304,29.59763851
09-07-2024,ICICI,31.9362,6.989,662417.1627,100,0,21.21598845,49.18637304,29.59763851
10-07-2024,ICICI,31.9541,6.976,662417.1627,100,0,21.21598845,49.18637304,29.59763851
11-07-2024,ICICI,31.965,6.982,662417.1627,100,0,21.21598845,49.18637304,29.59763851
12-07-2024,ICICI,31.994,6.986,662417.1627,100,0,21.21598845,49.18637304,29.59763851
15-07-2024,ICICI,32.0015,6.981,662417.1627,100,0,21.21598845,49.18637304,29.59763851
16-07-2024,ICICI,32.0191,6.966,662417.1627,100,0,21.21598845,49.18637304,29.59763851
18-07-2024,ICICI,32.0445,6.966,662417.1627,100,0,21.21598845,49.18637304,29.59763851
19-07-2024,ICICI,32.0536,6.965,662417.1627,100,0,21.21598845,49.18637304,29.59763851
22-07-2024,ICICI,32.0677,6.967,662417.1627,100,0,21.21598845,49.18637304,29.59763851
23-07-2024,ICICI,32.1004,6.97,662417.1627,100,0,21.21598845,49.18637304,29.59763851
24-07-2024,ICICI,32.0911,6.964,662417.1627,100,0,21.21598845,49.18637304,29.59763851
25-07-2024,ICICI,32.1239,6.952,662417.1627,100,0,21.21598845,49.18637304,29.59763851
26-07-2024,ICICI,32.1434,6.94,662417.1627,100,0,21.21598845,49.18637304,29.59763851
29-07-2024,ICICI,32.1692,6.919,662417.1627,100,0,21.21598845,49.18637304,29.59763851
30-07-2024,ICICI,32.1778,6.931,662417.1627,100,0,21.21598845,49.18637304,29.59763851
31-07-2024,ICICI,32.1401,6.924,662417.1627,100,0,21.21598845,49.18637304,29.59763851
01-08-2024,ICICI,32.2022,6.916,656998.6089,100,0,23.02396985,45.04990832,31.92612183
02-08-2024,ICICI,32.2164,6.9,656998.6089,100,0,23.02396985,45.04990832,31.92612183
05-08-2024,ICICI,32.2403,6.86,656998.6089,100,0,23.02396985,45.04990832,31.92612183
06-08-2024,ICICI,32.2679,6.872,656998.6089,100,0,23.02396985,45.04990832,31.92612183
07-08-2024,ICICI,32.2613,6.862,656998.6089,100,0,23.02396985,45.04990832,31.92612183
08-08-2024,ICICI,32.2668,6.877,656998.6089,100,0,23.02396985,45.04990832,31.92612183
09-08-2024,ICICI,32.2938,6.88,656998.6089,100,0,23.02396985,45.04990832,31.92612183
12-08-2024,ICICI,32.3336,6.879,656998.6089,100,0,23.02396985,45.04990832,31.92612183
13-08-2024,ICICI,32.3297,6.88,656998.6089,100,0,23.02396985,45.04990832,31.92612183
14-08-2024,ICICI,32.3634,6.858,656998.6089,100,0,23.02396985,45.04990832,31.92612183
16-08-2024,ICICI,32.3841,6.867,656998.6089,100,0,23.02396985,45.04990832,31.92612183
19-08-2024,ICICI,32.4135,6.864,656998.6089,100,0,23.02396985,45.04990832,31.92612183
20-08-2024,ICICI,32.3643,6.856,656998.6089,100,0,23.02396985,45.04990832,31.92612183
21-08-2024,ICICI,32.3827,6.853,656998.6089,100,0,23.02396985,45.04990832,31.92612183
22-08-2024,ICICI,32.3786,6.852,656998.6089,100,0,23.02396985,45.04990832,31.92612183
23-08-2024,ICICI,32.3775,6.859,656998.6089,100,0,23.02396985,45.04990832,31.92612183
26-08-2024,ICICI,32.3751,6.851,656998.6089,100,0,23.02396985,45.04990832,31.92612183
27-08-2024,ICICI,32.384,6.861,656998.6089,100,0,23.02396985,45.04990832,31.92612183
28-08-2024,ICICI,32.4195,6.861,656998.6089,100,0,23.02396985,45.04990832,31.92612183
29-08-2024,ICICI,32.4414,6.864,656998.6089,100,0,23.02396985,45.04990832,31.92612183
30-08-2024,ICICI,32.4827,6.863,656998.6089,100,0,23.02396985,45.04990832,31.92612183
02-09-2024,ICICI,32.4909,6.876,646842.6114,100,0,23.41071049,44.60288414,31.98640537
03-09-2024,ICICI,32.4885,6.87,646842.6114,100,0,23.41071049,44.60288414,31.98640537
04-09-2024,ICICI,32.5192,6.859,646842.6114,100,0,23.41071049,44.60288414,31.98640537
05-09-2024,ICICI,32.5307,6.855,646842.6114,100,0,23.41071049,44.60288414,31.98640537
06-09-2024,ICICI,32.5442,6.854,646842.6114,100,0,23.41071049,44.60288414,31.98640537
09-09-2024,ICICI,32.5644,6.854,646842.6114,100,0,23.41071049,44.60288414,31.98640537
10-09-2024,ICICI,32.5697,6.851,646842.6114,100,0,23.41071049,44.60288414,31.98640537
11-09-2024,ICICI,32.5926,6.83,646842.6114,100,0,23.41071049,44.60288414,31.98640537
12-09-2024,ICICI,32.6049,6.811,646842.6114,100,0,23.41071049,44.60288414,31.98640537
13-09-2024,ICICI,32.6031,6.792,646842.6114,100,0,23.41071049,44.60288414,31.98640537
16-09-2024,ICICI,32.6456,6.762,646842.6114,100,0,23.41071049,44.60288414,31.98640537
17-09-2024,ICICI,32.6298,6.779,646842.6114,100,0,23.41071049,44.60288414,31.98640537
19-09-2024,ICICI,32.6698,6.758,646842.6114,100,0,23.41071049,44.60288414,31.98640537
20-09-2024,ICICI,32.6512,6.761,646842.6114,100,0,23.41071049,44.60288414,31.98640537
23-09-2024,ICICI,32.6842,6.767,646842.6114,100,0,23.41071049,44.60288414,31.98640537
24-09-2024,ICICI,32.7017,6.761,646842.6114,100,0,23.41071049,44.60288414,31.98640537
25-09-2024,ICICI,32.7119,6.738,646842.6114,100,0,23.41071049,44.60288414,31.98640537
26-09-2024,ICICI,32.7455,6.718,646842.6114,100,0,23.41071049,44.60288414,31.98640537
27-09-2024,ICICI,32.7106,6.759,646842.6114,100,0,23.41071049,44.60288414,31.98640537
30-09-2024,ICICI,32.7404,6.75,646842.6114,100,0,23.41071049,44.60288414,31.98640537
01-10-2024,ICICI,32.751,6.732,638708.9151,100,0,24.33648147,45.5299278,30.13359073
03-10-2024,ICICI,32.7735,6.777,638708.9151,100,0,24.33648147,45.5299278,30.13359073
04-10-2024,ICICI,32.781,6.829,638708.9151,100,0,24.33648147,45.5299278,30.13359073
07-10-2024,ICICI,32.7988,6.846,638708.9151,100,0,24.33648147,45.5299278,30.13359073
08-10-2024,ICICI,32.8138,6.806,638708.9151,100,0,24.33648147,45.5299278,30.13359073
09-10-2024,ICICI,32.8258,6.766,638708.9151,100,0,24.33648147,45.5299278,30.13359073
10-10-2024,ICICI,32.8523,6.776,638708.9151,100,0,24.33648147,45.5299278,30.13359073
11-10-2024,ICICI,32.8309,6.788,638708.9151,100,0,24.33648147,45.5299278,30.13359073
14-10-2024,ICICI,32.8639,6.782,638708.9151,100,0,24.33648147,45.5299278,30.13359073
15-10-2024,ICICI,32.8857,6.769,638708.9151,100,0,24.33648147,45.5299278,30.13359073
16-10-2024,ICICI,32.8875,6.773,638708.9151,100,0,24.33648147,45.5299278,30.13359073
17-10-2024,ICICI,32.8776,6.784,638708.9151,100,0,24.33648147,45.5299278,30.13359073
18-10-2024,ICICI,32.8933,6.809,638708.9151,100,0,24.33648147,45.5299278,30.13359073
21-10-2024,ICICI,32.9071,6.837,638708.9151,100,0,24.33648147,45.5299278,30.13359073
22-10-2024,ICICI,32.9041,6.832,638708.9151,100,0,24.33648147,45.5299278,30.13359073
23-10-2024,ICICI,32.9143,6.818,638708.9151,100,0,24.33648147,45.5299278,30.13359073
24-10-2024,ICICI,32.9045,6.822,638708.9151,100,0,24.33648147,45.5299278,30.13359073
25-10-2024,ICICI,32.922,6.845,638708.9151,100,0,24.33648147,45.5299278,30.13359073
28-10-2024,ICICI,32.9501,6.861,638708.9151,100,0,24.33648147,45.5299278,30.13359073
29-10-2024,ICICI,33.0095,6.847,638708.9151,100,0,24.33648147,45.5299278,30.13359073
30-10-2024,ICICI,33.0131,6.827,638708.9151,100,0,24.33648147,45.5299278,30.13359073
31-10-2024,ICICI,33.0207,6.841,638708.9151,100,0,24.33648147,45.5299278,30.13359073
04-11-2024,ICICI,33.0758,6.797,641869.158,100,0,24.65789363,45.87728943,29.46481693
05-11-2024,ICICI,33.0547,6.799,641869.158,100,0,24.65789363,45.87728943,29.46481693
06-11-2024,ICICI,33.0412,6.798,641869.158,100,0,24.65789363,45.87728943,29.46481693
07-11-2024,ICICI,33.0546,6.796,641869.158,100,0,24.65789363,45.87728943,29.46481693
08-11-2024,ICICI,33.0693,6.774,641869.158,100,0,24.65789363,45.87728943,29.46481693
11-11-2024,ICICI,33.0861,6.785,641869.158,100,0,24.65789363,45.87728943,29.46481693
12-11-2024,ICICI,33.0865,6.795,641869.158,100,0,24.65789363,45.87728943,29.46481693
13-11-2024,ICICI,33.0482,6.804,641869.158,100,0,24.65789363,45.87728943,29.46481693
14-11-2024,ICICI,33.0341,6.827,641869.158,100,0,24.65789363,45.87728943,29.46481693
18-11-2024,ICICI,33.0691,6.821,641869.158,100,0,24.65789363,45.87728943,29.46481693
19-11-2024,ICICI,33.0768,6.811,641869.158,100,0,24.65789363,45.87728943,29.46481693
21-11-2024,ICICI,33.0528,6.831,641869.158,100,0,24.65789363,45.87728943,29.46481693
22-11-2024,ICICI,33.0601,6.85,641869.158,100,0,24.65789363,45.87728943,29.46481693
25-11-2024,ICICI,33.0844,6.822,641869.158,100,0,24.65789363,45.87728943,29.46481693
26-11-2024,ICICI,33.0898,6.827,641869.158,100,0,24.65789363,45.87728943,29.46481693
27-11-2024,ICICI,33.1177,6.812,641869.158,100,0,24.65789363,45.87728943,29.46481693
28-11-2024,ICICI,33.1214,6.805,641869.158,100,0,24.65789363,45.87728943,29.46481693
29-11-2024,ICICI,33.1353,6.751,641869.158,100,0,24.65789363,45.87728943,29.46481693
02-12-2024,ICICI,33.1647,6.71,628709.0685,100,0,24.61468138,45.490655,29.89466362
03-12-2024,ICICI,33.1637,6.714,628709.0685,100,0,24.61468138,45.490655,29.89466362
04-12-2024,ICICI,33.1685,6.686,628709.0685,100,0,24.61468138,45.490655,29.89466362
05-12-2024,ICICI,33.2113,6.68,628709.0685,100,0,24.61468138,45.490655,29.89466362
06-12-2024,ICICI,33.1866,6.74,628709.0685,100,0,24.61468138,45.490655,29.89466362
09-12-2024,ICICI,33.2033,6.717,628709.0685,100,0,24.61468138,45.490655,29.89466362
10-12-2024,ICICI,33.2335,6.705,628709.0685,100,0,24.61468138,45.490655,29.89466362
11-12-2024,ICICI,33.2256,6.718,628709.0685,100,0,24.61468138,45.490655,29.89466362
12-12-2024,ICICI,33.2247,6.736,628709.0685,100,0,24.61468138,45.490655,29.89466362
13-12-2024,ICICI,33.249,6.729,628709.0685,100,0,24.61468138,45.490655,29.89466362
16-12-2024,ICICI,33.2616,6.741,628709.0685,100,0,24.61468138,45.490655,29.89466362
17-12-2024,ICICI,33.2528,6.759,628709.0685,100,0,24.61468138,45.490655,29.89466362
18-12-2024,ICICI,33.2778,6.751,628709.0685,100,0,24.61468138,45.490655,29.89466362
19-12-2024,ICICI,33.2632,6.787,628709.0685,100,0,24.61468138,45.490655,29.89466362
20-12-2024,ICICI,33.1909,6.791,628709.0685,100,0,24.61468138,45.490655,29.89466362
23-12-2024,ICICI,33.2396,6.776,628709.0685,100,0,24.61468138,45.490655,29.89466362
24-12-2024,ICICI,33.2857,6.776,628709.0685,100,0,24.61468138,45.490655,29.89466362
26-12-2024,ICICI,33.2862,6.784,628709.0685,100,0,24.61468138,45.490655,29.89466362
27-12-2024,ICICI,33.2986,6.787,628709.0685,100,0,24.61468138,45.490655,29.89466362
30-12-2024,ICICI,33.284,6.775,628709.0685,100,0,24.61468138,45.490655,29.89466362
31-12-2024,ICICI,33.2991,6.759,628709.0685,100,0,24.61468138,45.490655,29.89466362
01-01-2025,ICICI,33.324,6.779,621550.6084,100,0,22.03389828,46.94640816,31.01969356
02-01-2025,ICICI,33.3307,6.787,621550.6084,100,0,22.03389828,46.94640816,31.01969356
03-01-2025,ICICI,33.3477,6.779,621550.6084,100,0,22.03389828,46.94640816,31.01969356
06-01-2025,ICICI,33.3675,6.763,621550.6084,100,0,22.03389828,46.94640816,31.01969356
07-01-2025,ICICI,33.3871,6.746,621550.6084,100,0,22.03389828,46.94640816,31.01969356
08-01-2025,ICICI,33.3916,6.767,621550.6084,100,0,22.03389828,46.94640816,31.01969356
09-01-2025,ICICI,33.3971,6.764,621550.6084,100,0,22.03389828,46.94640816,31.01969356
10-01-2025,ICICI,33.4167,6.769,621550.6084,100,0,22.03389828,46.94640816,31.01969356
13-01-2025,ICICI,33.3828,6.843,621550.6084,100,0,22.03389828,46.94640816,31.01969356
14-01-2025,ICICI,33.4144,6.829,621550.6084,100,0,22.03389828,46.94640816,31.01969356
15-01-2025,ICICI,33.428,6.813,621550.6084,100,0,22.03389828,46.94640816,31.01969356
16-01-2025,ICICI,33.4617,6.754,621550.6084,100,0,22.03389828,46.94640816,31.01969356
17-01-2025,ICICI,33.4711,6.774,621550.6084,100,0,22.03389828,46.94640816,31.01969356
20-01-2025,ICICI,33.4798,6.763,621550.6084,100,0,22.03389828,46.94640816,31.01969356
21-01-2025,ICICI,33.5032,6.734,621550.6084,100,0,22.03389828,46.94640816,31.01969356
22-01-2025,ICICI,33.4816,6.719,621550.6084,100,0,22.03389828,46.94640816,31.01969356
23-01-2025,ICICI,33.4681,6.736,621550.6084,100,0,22.03389828,46.94640816,31.01969356
24-01-2025,ICICI,33.49,6.72,621550.6084,100,0,22.03389828,46.94640816,31.01969356
27-01-2025,ICICI,33.5199,6.675,621550.6084,100,0,22.03389828,46.94640816,31.01969356
28-01-2025,ICICI,33.5154,6.681,621550.6084,100,0,22.03389828,46.94640816,31.01969356
29-01-2025,ICICI,33.54,6.683,621550.6084,100,0,22.03389828,46.94640816,31.01969356
30-01-2025,ICICI,33.566,6.678,621550.6084,100,0,22.03389828,46.94640816,31.01969356
31-01-2025,ICICI,33.5673,6.694,621550.6084,100,0,22.03389828,46.94640816,31.01969356
03-02-2025,ICICI,33.6128,6.67,618743.1009,100,0,20.08739358,49.42763463,30.48497179
04-02-2025,ICICI,33.5991,6.672,618743.1009,100,0,20.08739358,49.42763463,30.48497179
05-02-2025,ICICI,33.6049,6.664,618743.1009,100,0,20.08739358,49.42763463,30.48497179
06-02-2025,ICICI,33.6436,6.657,618743.1009,100,0,20.08739358,49.42763463,30.48497179
07-02-2025,ICICI,33.6211,6.699,618743.1009,100,0,20.08739358,49.42763463,30.48497179
10-02-2025,ICICI,33.6184,6.713,618743.1009,100,0,20.08739358,49.42763463,30.48497179
11-02-2025,ICICI,33.6129,6.697,618743.1009,100,0,20.08739358,49.42763463,30.48497179
12-02-2025,ICICI,33.6154,6.697,618743.1009,100,0,20.08739358,49.42763463,30.48497179
13-02-2025,ICICI,33.6045,6.712,618743.1009,100,0,20.08739358,49.42763463,30.48497179
14-02-2025,ICICI,33.6072,6.705,618743.1009,100,0,20.08739358,49.42763463,30.48497179
17-02-2025,ICICI,33.6453,6.692,618743.1009,100,0,20.08739358,49.42763463,30.48497179
18-02-2025,ICICI,33.6426,6.682,618743.1009,100,0,20.08739358,49.42763463,30.48497179
20-02-2025,ICICI,33.6543,6.703,618743.1009,100,0,20.08739358,49.42763463,30.48497179
21-02-2025,ICICI,33.6943,6.708,618743.1009,100,0,20.08739358,49.42763463,30.48497179
24-02-2025,ICICI,33.6802,6.7,618743.1009,100,0,20.08739358,49.42763463,30.48497179
25-02-2025,ICICI,33.6868,6.706,618743.1009,100,0,20.08739358,49.42763463,30.48497179
27-02-2025,ICICI,33.744,6.71,618743.1009,100,0,20.08739358,49.42763463,30.48497179
28-02-2025,ICICI,33.7464,6.72,618743.1009,100,0,20.08739358,49.42763463,30.48497179
03-03-2025,ICICI,33.7424,6.73,613095.1138,100,0,21.3328542,51.54492093,27.12222487
04-03-2025,ICICI,33.7616,6.74,613095.1138,100,0,21.3328542,51.54492093,27.12222487
05-03-2025,ICICI,33.7498,6.71,613095.1138,100,0,21.3328542,51.54492093,27.12222487
06-03-2025,ICICI,33.7554,6.68,613095.1138,100,0,21.3328542,51.54492093,27.12222487
07-03-2025,ICICI,33.7764,6.68,613095.1138,100,0,21.3328542,51.54492093,27.12222487
10-03-2025,ICICI,33.7822,6.7,613095.1138,100,0,21.3328542,51.54492093,27.12222487
11-03-2025,ICICI,33.7873,6.69,613095.1138,100,0,21.3328542,51.54492093,27.12222487
12-03-2025,ICICI,33.8093,6.68,613095.1138,100,0,21.3328542,51.54492093,27.12222487
13-03-2025,ICICI,33.8368,6.69,613095.1138,100,0,21.3328542,51.54492093,27.12222487
17-03-2025,ICICI,33.8506,6.69,613095.1138,100,0,21.3328542,51.54492093,27.12222487
18-03-2025,ICICI,33.8501,6.67,613095.1138,100,0,21.3328542,51.54492093,27.12222487
19-03-2025,ICICI,33.8847,6.66,613095.1138,100,0,21.3328542,51.54492093,27.12222487
20-03-2025,ICICI,33.903,6.64,613095.1138,100,0,21.3328542,51.54492093,27.12222487
21-03-2025,ICICI,33.9259,6.62,613095.1138,100,0,21.3328542,51.54492093,27.12222487
24-03-2025,ICICI,33.9276,6.62,613095.1138,100,0,21.3328542,51.54492093,27.12222487
25-03-2025,ICICI,33.9527,6.63,613095.1138,100,0,21.3328542,51.54492093,27.12222487
26-03-2025,ICICI,33.9639,6.6,613095.1138,100,0,21.3328542,51.54492093,27.12222487
27-03-2025,ICICI,34.0175,6.59,613095.1138,100,0,21.3328542,51.54492093,27.12222487
28-03-2025,ICICI,34.0474,6.58,613095.1138,100,0,21.3328542,51.54492093,27.12222487
31-03-2025,ICICI,34.065,6.58,613095.1138,100,0,21.3328542,51.54492093,27.12222487
02-04-2025,ICICI,34.1719,6.48,613815.3083,100,0,22.99546218,49.98590158,27.01863624
03-04-2025,ICICI,34.2104,6.5,613815.3083,100,0,22.99546218,49.98590158,27.01863624
04-04-2025,ICICI,34.2421,6.46,613815.3083,100,0,22.99546218,49.98590158,27.01863624
07-04-2025,ICICI,34.2104,6.48,613815.3083,100,0,22.99546218,49.98590158,27.01863624
08-04-2025,ICICI,34.2068,6.47,613815.3083,100,0,22.99546218,49.98590158,27.01863624
09-04-2025,ICICI,34.2558,6.44,613815.3083,100,0,22.99546218,49.98590158,27.01863624
11-04-2025,ICICI,34.2679,6.44,613815.3083,100,0,22.99546218,49.98590158,27.01863624
15-04-2025,ICICI,34.3108,6.41,613815.3083,100,0,22.99546218,49.98590158,27.01863624
16-04-2025,ICICI,34.3352,6.39,613815.3083,100,0,22.99546218,49.98590158,27.01863624
17-04-2025,ICICI,34.352,6.37,613815.3083,100,0,22.99546218,49.98590158,27.01863624
21-04-2025,ICICI,34.4145,6.32,613815.3083,100,0,22.99546218,49.98590158,27.01863624
22-04-2025,ICICI,34.4491,6.32,613815.3083,100,0,22.99546218,49.98590158,27.01863624
23-04-2025,ICICI,34.4832,6.33,613815.3083,100,0,22.99546218,49.98590158,27.01863624
24-04-2025,ICICI,34.4838,6.32,613815.3083,100,0,22.99546218,49.98590158,27.01863624
25-04-2025,ICICI,34.4681,6.36,613815.3083,100,0,22.99546218,49.98590158,27.01863624
28-04-2025,ICICI,34.4843,6.342,613815.3083,100,0,22.99546218,49.98590158,27.01863624
29-04-2025,ICICI,34.51,6.358,613815.3083,100,0,22.99546218,49.98590158,27.01863624
30-04-2025,ICICI,34.5143,6.358,613815.3083,100,0,22.99546218,49.98590158,27.01863624
02-05-2025,ICICI,34.5265,6.358,613543.6031,100,0,23.13399004,46.56473421,30.30127575
05-05-2025,ICICI,34.5835,6.35,613543.6031,100,0,23.13399004,46.56473421,30.30127575
06-05-2025,ICICI,34.5925,6.337,613543.6031,100,0,23.13399004,46.56473421,30.30127575
07-05-2025,ICICI,34.6244,6.395,613543.6031,100,0,23.13399004,46.56473421,30.30127575
08-05-2025,ICICI,34.5676,6.377,613543.6031,100,0,23.13399004,46.56473421,30.30127575
09-05-2025,ICICI,34.5835,6.377,613543.6031,100,0,23.13399004,46.56473421,30.30127575
13-05-2025,ICICI,34.6563,6.242,613543.6031,100,0,23.13399004,46.56473421,30.30127575
14-05-2025,ICICI,34.7058,6.231,613543.6031,100,0,23.13399004,46.56473421,30.30127575
15-05-2025,ICICI,34.7284,6.22,613543.6031,100,0,23.13399004,46.56473421,30.30127575
16-05-2025,ICICI,34.7717,6.22,613543.6031,100,0,23.13399004,46.56473421,30.30127575
19-05-2025,ICICI,34.7877,6.23,613543.6031,100,0,23.13399004,46.56473421,30.30127575
20-05-2025,ICICI,34.8109,6.22,613543.6031,100,0,23.13399004,46.56473421,30.30127575
21-05-2025,ICICI,34.8417,6.19,613543.6031,100,0,23.13399004,46.56473421,30.30127575
22-05-2025,ICICI,34.841,6.21,613543.6031,100,0,23.13399004,46.56473421,30.30127575
23-05-2025,ICICI,34.8473,6.21,613543.6031,100,0,23.13399004,46.56473421,30.30127575
26-05-2025,ICICI,34.8365,6.2,613543.6031,100,0,23.13399004,46.56473421,30.30127575
27-05-2025,ICICI,34.8518,6.2,613543.6031,100,0,23.13399004,46.56473421,30.30127575
28-05-2025,ICICI,34.8854,6.16,613543.6031,100,0,23.13399004,46.56473421,30.30127575
29-05-2025,ICICI,34.9093,6.18,613543.6031,100,0,23.13399004,46.56473421,30.30127575
30-05-2025,ICICI,34.8815,6.2,613543.6031,100,0,23.13399004,46.56473421,30.30127575
02-06-2025,ICICI,34.9219,6.22,609139.1044,100,0,20.54034642,48.5121892,30.94746439
03-06-2025,ICICI,34.9347,6.2,609139.1044,100,0,20.54034642,48.5121892,30.94746439
04-06-2025,ICICI,34.9377,6.21,609139.1044,100,0,20.54034642,48.5121892,30.94746439
05-06-2025,ICICI,34.9703,6.18,609139.1044,100,0,20.54034642,48.5121892,30.94746439
06-06-2025,ICICI,35.0367,6.23,609139.1044,100,0,20.54034642,48.5121892,30.94746439
09-06-2025,ICICI,35.0552,6.27,609139.1044,100,0,20.54034642,48.5121892,30.94746439
10-06-2025,ICICI,35.0306,6.28,609139.1044,100,0,20.54034642,48.5121892,30.94746439
11-06-2025,ICICI,35.0219,6.29,609139.1044,100,0,20.54034642,48.5121892,30.94746439
12-06-2025,ICICI,35.0271,6.28,609139.1044,100,0,20.54034642,48.5121892,30.94746439
13-06-2025,ICICI,35.019,6.29,609139.1044,100,0,20.54034642,48.5121892,30.94746439
16-06-2025,ICICI,35.0394,6.26,609139.1044,100,0,20.54034642,48.5121892,30.94746439
17-06-2025,ICICI,35.0407,6.25,609139.1044,100,0,20.54034642,48.5121892,30.94746439
18-06-2025,ICICI,35.0462,6.25,609139.1044,100,0,20.54034642,48.5121892,30.94746439
19-06-2025,ICICI,35.0355,6.3,609139.1044,100,0,20.54034642,48.5121892,30.94746439
20-06-2025,ICICI,35.0091,6.31,609139.1044,100,0,20.54034642,48.5121892,30.94746439
23-06-2025,ICICI,35.0598,6.3,609139.1044,100,0,20.54034642,48.5121892,30.94746439
24-06-2025,ICICI,35.051,6.24,609139.1044,100,0,20.54034642,48.5121892,30.94746439
25-06-2025,ICICI,35.0936,6.28,609139.1044,100,0,20.54034642,48.5121892,30.94746439
26-06-2025,ICICI,35.0859,6.27,609139.1044,100,0,20.54034642,48.5121892,30.94746439
27-06-2025,ICICI,35.0942,6.31,609139.1044,100,0,20.54034642,48.5121892,30.94746439
30-06-2025,ICICI,35.082,6.31,609139.1044,100,0,20.54034642,48.5121892,30.94746439
01-07-2025,ICICI,35.1179,6.29,604442.8474,100,0,21.08160563,49.23733243,29.68106193
02-07-2025,ICICI,35.1436,6.28,604442.8474,100,0,21.08160563,49.23733243,29.68106193
03-07-2025,ICICI,35.1577,6.28,604442.8474,100,0,21.08160563,49.23733243,29.68106193
04-07-2025,ICICI,35.1821,6.29,604442.8474,100,0,21.08160563,49.23733243,29.68106193
07-07-2025,ICICI,35.2103,6.294,604442.8474,100,0,21.08160563,49.23733243,29.68106193
08-07-2025,ICICI,35.2313,6.306,604442.8474,100,0,21.08160563,49.23733243,29.68106193
09-07-2025,ICICI,35.2404,6.314,604442.8474,100,0,21.08160563,49.23733243,29.68106193
10-07-2025,ICICI,35.2137,6.318,604442.8474,100,0,21.08160563,49.23733243,29.68106193
11-07-2025,ICICI,35.2269,6.304,604442.8474,100,0,21.08160563,49.23733243,29.68106193
14-07-2025,ICICI,35.2423,6.311,604442.8474,100,0,21.08160563,49.23733243,29.68106193
15-07-2025,ICICI,35.2551,6.313,604442.8474,100,0,21.08160563,49.23733243,29.68106193
16-07-2025,ICICI,35.2643,6.313,604442.8474,100,0,21.08160563,49.23733243,29.68106193
17-07-2025,ICICI,35.2759,6.302,604442.8474,100,0,21.08160563,49.23733243,29.68106193
18-07-2025,ICICI,35.3133,6.305,604442.8474,100,0,21.08160563,49.23733243,29.68106193
21-07-2025,ICICI,35.3354,6.299,604442.8474,100,0,21.08160563,49.23733243,29.68106193
22-07-2025,ICICI,35.3397,6.308,604442.8474,100,0,21.08160563,49.23733243,29.68106193
23-07-2025,ICICI,35.3675,6.312,604442.8474,100,0,21.08160563,49.23733243,29.68106193
24-07-2025,ICICI,35.3781,6.329,604442.8474,100,0,21.08160563,49.23733243,29.68106193
25-07-2025,ICICI,35.3647,6.353,604442.8474,100,0,21.08160563,49.23733243,29.68106193
28-07-2025,ICICI,35.3774,6.373,604442.8474,100,0,21.08160563,49.23733243,29.68106193
29-07-2025,ICICI,35.3599,6.369,604442.8474,100,0,21.08160563,49.23733243,29.68106193
30-07-2025,ICICI,35.3679,6.365,604442.8474,100,0,21.08160563,49.23733243,29.68106193
31-07-2025,ICICI,35.366,6.376,604442.8474,100,0,21.08160563,49.23733243,29.68106193
01-08-2025,ICICI,35.3678,6.371,599289.5882,100,0,20.94690006,52.40936808,26.64373187
04-08-2025,ICICI,35.4022,6.313,599289.5882,100,0,20.94690006,52.40936808,26.64373187
05-08-2025,ICICI,35.4141,6.324,599289.5882,100,0,20.94690006,52.40936808,26.64373187
06-08-2025,ICICI,35.4241,6.407,599289.5882,100,0,20.94690006,52.40936808,26.64373187
07-08-2025,ICICI,35.4059,6.39,599289.5882,100,0,20.94690006,52.40936808,26.64373187
08-08-2025,ICICI,35.3837,6.399,599289.5882,100,0,20.94690006,52.40936808,26.64373187
11-08-2025,ICICI,35.4016,6.428,599289.5882,100,0,20.94690006,52.40936808,26.64373187
12-08-2025,ICICI,35.3737,6.483,599289.5882,100,0,20.94690006,52.40936808,26.64373187
13-08-2025,ICICI,35.3799,6.481,599289.5882,100,0,20.94690006,52.40936808,26.64373187
14-08-2025,ICICI,35.4296,6.404,599289.5882,100,0,20.94690006,52.40936808,26.64373187
18-08-2025,ICICI,35.4295,6.484,599289.5882,100,0,20.94690006,52.40936808,26.64373187
19-08-2025,ICICI,35.4253,6.512,599289.5882,100,0,20.94690006,52.40936808,26.64373187
20-08-2025,ICICI,35.478,6.497,599289.5882,100,0,20.94690006,52.40936808,26.64373187
21-08-2025,ICICI,35.4827,6.525,599289.5882,100,0,20.94690006,52.40936808,26.64373187
22-08-2025,ICICI,35.5003,6.549,599289.5882,100,0,20.94690006,52.40936808,26.64373187
25-08-2025,ICICI,35.4588,6.592,599289.5882,100,0,20.94690006,52.40936808,26.64373187
26-08-2025,ICICI,35.4242,6.617,599289.5882,100,0,20.94690006,52.40936808,26.64373187
28-08-2025,ICICI,35.4739,6.538,599289.5882,100,0,20.94690006,52.40936808,26.64373187
29-08-2025,ICICI,35.488,6.588,599289.5882,100,0,20.94690006,52.40936808,26.64373187
01-09-2025,ICICI,35.4974,6.585,599367.4155,100,0,18.8333594,50.39543924,30.77120136
02-09-2025,ICICI,35.5063,6.569,599367.4155,100,0,18.8333594,50.39543924,30.77120136
03-09-2025,ICICI,35.5316,6.541,599367.4155,100,0,18.8333594,50.39543924,30.77120136
04-09-2025,ICICI,35.5647,6.494,599367.4155,100,0,18.8333594,50.39543924,30.77120136
05-09-2025,ICICI,35.5906,6.461,599367.4155,100,0,18.8333594,50.39543924,30.77120136
09-09-2025,ICICI,35.6087,6.486,599367.4155,100,0,18.8333594,50.39543924,30.77120136
10-09-2025,ICICI,35.6312,6.483,599367.4155,100,0,18.8333594,50.39543924,30.77120136
11-09-2025,ICICI,35.6391,6.472,599367.4155,100,0,18.8333594,50.39543924,30.77120136
12-09-2025,ICICI,35.6541,6.483,599367.4155,100,0,18.8333594,50.39543924,30.77120136
15-09-2025,ICICI,35.7348,6.492,599367.4155,100,0,18.8333594,50.39543924,30.77120136
16-09-2025,ICICI,35.7758,6.49,599367.4155,100,0,18.8333594,50.39543924,30.77120136
17-09-2025,ICICI,35.7853,6.466,599367.4155,100,0,18.8333594,50.39543924,30.77120136
18-09-2025,ICICI,35.7772,6.509,599367.4155,100,0,18.8333594,50.39543924,30.77120136
19-09-2025,ICICI,35.762,6.489,599367.4155,100,0,18.8333594,50.39543924,30.77120136
22-09-2025,ICICI,35.7935,6.481,599367.4155,100,0,18.8333594,50.39543924,30.77120136
23-09-2025,ICICI,35.8035,6.467,599367.4155,100,0,18.8333594,50.39543924,30.77120136
24-09-2025,ICICI,35.7997,6.483,599367.4155,100,0,18.8333594,50.39543924,30.77120136
25-09-2025,ICICI,35.8416,6.492,599367.4155,100,0,18.8333594,50.39543924,30.77120136
26-09-2025,ICICI,35.8533,6.517,599367.4155,100,0,18.8333594,50.39543924,30.77120136
29-09-2025,ICICI,35.8922,6.563,599367.4155,100,0,18.8333594,50.39543924,30.77120136
30-09-2025,ICICI,35.9112,6.571,599367.4155,100,0,18.8333594,50.39543924,30.77120136
01-10-2025,ICICI,35.9631,6.523,591578.5197,100,0,18.73331659,50.7276835,30.53899991
03-10-2025,ICICI,36.0139,6.514,591578.5197,100,0,18.73331659,50.7276835,30.53899991
06-10-2025,ICICI,36.0199,6.519,591578.5197,100,0,18.73331659,50.7276835,30.53899991
07-10-2025,ICICI,36.045,6.51,591578.5197,100,0,18.73331659,50.7276835,30.53899991
08-10-2025,ICICI,36.0537,6.504,591578.5197,100,0,18.73331659,50.7276835,30.53899991
09-10-2025,ICICI,36.0614,6.521,591578.5197,100,0,18.73331659,50.7276835,30.53899991
10-10-2025,ICICI,36.0756,6.531,591578.5197,100,0,18.73331659,50.7276835,30.53899991
13-10-2025,ICICI,36.0717,6.518,591578.5197,100,0,18.73331659,50.7276835,30.53899991
14-10-2025,ICICI,36.0726,6.507,591578.5197,100,0,18.73331659,50.7276835,30.53899991
15-10-2025,ICICI,36.1113,6.484,591578.5197,100,0,18.73331659,50.7276835,30.53899991
16-10-2025,ICICI,36.1143,6.503,591578.5197,100,0,18.73331659,50.7276835,30.53899991
17-10-2025,ICICI,36.1117,6.506,591578.5197,100,0,18.73331659,50.7276835,30.53899991
20-10-2025,ICICI,36.1743,6.508,591578.5197,100,0,18.73331659,50.7276835,30.53899991
23-10-2025,ICICI,36.1715,6.539,591578.5197,100,0,18.73331659,50.7276835,30.53899991
24-10-2025,ICICI,36.184,6.533,591578.5197,100,0,18.73331659,50.7276835,30.53899991
27-10-2025,ICICI,36.2051,6.542,591578.5197,100,0,18.73331659,50.7276835,30.53899991
28-10-2025,ICICI,36.1845,6.533,591578.5197,100,0,18.73331659,50.7276835,30.53899991
29-10-2025,ICICI,36.2189,6.537,591578.5197,100,0,18.73331659,50.7276835,30.53899991
30-10-2025,ICICI,36.1926,6.573,591578.5197,100,0,18.73331659,50.7276835,30.53899991
31-10-2025,ICICI,36.2112,6.529,591578.5197,100,0,18.73331659,50.7276835,30.53899991
03-11-2025,ICICI,36.2476,6.528,591578.5197,100,0,18.73331659,50.7276835,30.53899991
04-11-2025,ICICI,36.2597,6.53,591578.5197,100,0,18.73331659,50.7276835,30.53899991
06-11-2025,ICICI,36.2696,6.514,591578.5197,100,0,18.73331659,50.7276835,30.53899991
07-11-2025,ICICI,36.2941,6.521,591578.5197,100,0,18.73331659,50.7276835,30.53899991
10-11-2025,ICICI,36.3194,6.49,591578.5197,100,0,18.73331659,50.7276835,30.53899991
11-11-2025,ICICI,36.3909,6.499,591578.5197,100,0,18.73331659,50.7276835,30.53899991
12-11-2025,ICICI,36.3902,6.483,591578.5197,100,0,18.73331659,50.7276835,30.53899991
13-11-2025,ICICI,36.3847,6.511,591578.5197,100,0,18.73331659,50.7276835,30.53899991
14-11-2025,ICICI,36.3578,6.527,591578.5197,100,0,18.73331659,50.7276835,30.53899991
17-11-2025,ICICI,36.3882,6.536,591578.5197,100,0,18.73331659,50.7276835,30.53899991
18-11-2025,ICICI,36.4085,6.523,591578.5197,100,0,18.73331659,50.7276835,30.53899991
19-11-2025,ICICI,36.4179,6.532,591578.5197,100,0,18.73331659,50.7276835,30.53899991
20-11-2025,ICICI,36.465,6.536,591578.5197,100,0,18.73331659,50.7276835,30.53899991
21-11-2025,ICICI,36.454,6.56,591578.5197,100,0,18.73331659,50.7276835,30.53899991
24-11-2025,ICICI,36.4552,6.525,591578.5197,100,0,18.73331659,50.7276835,30.53899991
25-11-2025,ICICI,36.4664,6.491,591578.5197,100,0,18.73331659,50.7276835,30.53899991
26-11-2025,ICICI,36.4735,6.486,591578.5197,100,0,18.73331659,50.7276835,30.53899991
01-01-2020,SBI,32.3964,,505510.91,100,0,28.40570783,47.98275331,23.61153886
02-01-2020,SBI,32.4257,,505510.91,100,0,28.40570783,47.98275331,23.61153886
03-01-2020,SBI,32.4475,,505510.91,100,0,28.40570783,47.98275331,23.61153886
06-01-2020,SBI,32.4546,,505510.91,100,0,28.40570783,47.98275331,23.61153886
07-01-2020,SBI,32.468,,505510.91,100,0,28.40570783,47.98275331,23.61153886
08-01-2020,SBI,32.4827,,505510.91,100,0,28.40570783,47.98275331,23.61153886
09-01-2020,SBI,32.498,,505510.91,100,0,28.40570783,47.98275331,23.61153886
10-01-2020,SBI,32.496,,505510.91,100,0,28.40570783,47.98275331,23.61153886
13-01-2020,SBI,32.5157,,505510.91,100,0,28.40570783,47.98275331,23.61153886
14-01-2020,SBI,32.5052,,505510.91,100,0,28.40570783,47.98275331,23.61153886
15-01-2020,SBI,32.5204,,505510.91,100,0,28.40570783,47.98275331,23.61153886
16-01-2020,SBI,32.5328,,505510.91,100,0,28.40570783,47.98275331,23.61153886
17-01-2020,SBI,32.5368,,505510.91,100,0,28.40570783,47.98275331,23.61153886
20-01-2020,SBI,32.5602,,505510.91,100,0,28.40570783,47.98275331,23.61153886
21-01-2020,SBI,32.5723,,505510.91,100,0,28.40570783,47.98275331,23.61153886
22-01-2020,SBI,32.5983,,505510.91,100,0,28.40570783,47.98275331,23.61153886
23-01-2020,SBI,32.6154,,505510.91,100,0,28.40570783,47.98275331,23.61153886
24-01-2020,SBI,32.6298,,505510.91,100,0,28.40570783,47.98275331,23.61153886
27-01-2020,SBI,32.6574,6.551,505510.91,100,0,28.40570783,47.98275331,23.61153886
28-01-2020,SBI,32.6708,6.575,505510.91,100,0,28.40570783,47.98275331,23.61153886
29-01-2020,SBI,32.6735,6.568,505510.91,100,0,28.40570783,47.98275331,23.61153886
30-01-2020,SBI,32.686,6.558,505510.91,100,0,28.40570783,47.98275331,23.61153886
31-01-2020,SBI,32.7009,6.599,505510.91,100,0,28.40570783,47.98275331,23.61153886
03-02-2020,SBI,32.752,6.503,508264.86,100,0,29.06449619,42.83948073,28.09602308
04-02-2020,SBI,32.7664,6.504,508264.86,100,0,29.06449619,42.83948073,28.09602308
05-02-2020,SBI,32.777,6.505,508264.86,100,0,29.06449619,42.83948073,28.09602308
06-02-2020,SBI,32.8771,6.446,508264.86,100,0,29.06449619,42.83948073,28.09602308
07-02-2020,SBI,32.9334,6.439,508264.86,100,0,29.06449619,42.83948073,28.09602308
10-02-2020,SBI,32.9686,6.44,508264.86,100,0,29.06449619,42.83948073,28.09602308
11-02-2020,SBI,32.9715,6.464,508264.86,100,0,29.06449619,42.83948073,28.09602308
12-02-2020,SBI,32.9699,6.473,508264.86,100,0,29.06449619,42.83948073,28.09602308
13-02-2020,SBI,32.9959,6.423,508264.86,100,0,29.06449619,42.83948073,28.09602308
14-02-2020,SBI,33.0098,6.369,508264.86,100,0,29.06449619,42.83948073,28.09602308
17-02-2020,SBI,33.0391,6.387,508264.86,100,0,29.06449619,42.83948073,28.09602308
18-02-2020,SBI,33.0372,6.384,508264.86,100,0,29.06449619,42.83948073,28.09602308
20-02-2020,SBI,33.0549,6.422,508264.86,100,0,29.06449619,42.83948073,28.09602308
24-02-2020,SBI,33.0912,6.367,508264.86,100,0,29.06449619,42.83948073,28.09602308
25-02-2020,SBI,33.0901,6.367,508264.86,100,0,29.06449619,42.83948073,28.09602308
26-02-2020,SBI,33.1065,6.346,508264.86,100,0,29.06449619,42.83948073,28.09602308
27-02-2020,SBI,33.1078,6.378,508264.86,100,0,29.06449619,42.83948073,28.09602308
28-02-2020,SBI,33.084,6.371,508264.86,100,0,29.06449619,42.83948073,28.09602308
02-03-2020,SBI,33.1024,6.346,492857.88,100,0,25.00513242,51.59104907,23.40381852
03-03-2020,SBI,33.1111,6.342,492857.88,100,0,25.00513242,51.59104907,23.40381852
04-03-2020,SBI,33.1692,6.226,492857.88,100,0,25.00513242,51.59104907,23.40381852
05-03-2020,SBI,33.1653,6.239,492857.88,100,0,25.00513242,51.59104907,23.40381852
06-03-2020,SBI,33.1706,6.185,492857.88,100,0,25.00513242,51.59104907,23.40381852
09-03-2020,SBI,33.1378,6.066,492857.88,100,0,25.00513242,51.59104907,23.40381852
11-03-2020,SBI,33.1186,6.125,492857.88,100,0,25.00513242,51.59104907,23.40381852
12-03-2020,SBI,32.9947,6.236,492857.88,100,0,25.00513242,51.59104907,23.40381852
13-03-2020,SBI,32.8959,6.322,492857.88,100,0,25.00513242,51.59104907,23.40381852
16-03-2020,SBI,32.9028,6.208,492857.88,100,0,25.00513242,51.59104907,23.40381852
17-03-2020,SBI,32.8077,6.265,492857.88,100,0,25.00513242,51.59104907,23.40381852
18-03-2020,SBI,32.6982,6.296,492857.88,100,0,25.00513242,51.59104907,23.40381852
19-03-2020,SBI,32.5206,6.41,492857.88,100,0,25.00513242,51.59104907,23.40381852
20-03-2020,SBI,32.5901,6.259,492857.88,100,0,25.00513242,51.59104907,23.40381852
23-03-2020,SBI,32.5036,6.379,492857.88,100,0,25.00513242,51.59104907,23.40381852
24-03-2020,SBI,32.4231,6.304,492857.88,100,0,25.00513242,51.59104907,23.40381852
26-03-2020,SBI,32.4284,6.225,492857.88,100,0,25.00513242,51.59104907,23.40381852
27-03-2020,SBI,33.0494,6.144,492857.88,100,0,25.00513242,51.59104907,23.40381852
30-03-2020,SBI,33.0917,6.209,492857.88,100,0,25.00513242,51.59104907,23.40381852
31-03-2020,SBI,33.1102,6.138,492857.88,100,0,25.00513242,51.59104907,23.40381852
03-04-2020,SBI,33.1362,6.306,414891.77,100,0,25.53105809,44.32699084,30.14195107
07-04-2020,SBI,33.0707,6.414,414891.77,100,0,25.53105809,44.32699084,30.14195107
08-04-2020,SBI,32.9719,6.441,414891.77,100,0,25.53105809,44.32699084,30.14195107
09-04-2020,SBI,32.9356,6.49,414891.77,100,0,25.53105809,44.32699084,30.14195107
13-04-2020,SBI,32.9383,6.495,414891.77,100,0,25.53105809,44.32699084,30.14195107
15-04-2020,SBI,32.9202,6.425,414891.77,100,0,25.53105809,44.32699084,30.14195107
16-04-2020,SBI,32.9591,6.44,414891.77,100,0,25.53105809,44.32699084,30.14195107
17-04-2020,SBI,33.0775,6.347,414891.77,100,0,25.53105809,44.32699084,30.14195107
20-04-2020,SBI,33.1334,6.209,414891.77,100,0,25.53105809,44.32699084,30.14195107
21-04-2020,SBI,33.1359,6.212,414891.77,100,0,25.53105809,44.32699084,30.14195107
22-04-2020,SBI,33.1558,6.224,414891.77,100,0,25.53105809,44.32699084,30.14195107
23-04-2020,SBI,33.1918,6.06,414891.77,100,0,25.53105809,44.32699084,30.14195107
24-04-2020,SBI,33.0584,6.167,414891.77,100,0,25.53105809,44.32699084,30.14195107
27-04-2020,SBI,32.8843,6.153,414891.77,100,0,25.53105809,44.32699084,30.14195107
28-04-2020,SBI,32.725,6.137,414891.77,100,0,25.53105809,44.32699084,30.14195107
29-04-2020,SBI,32.7278,6.125,414891.77,100,0,25.53105809,44.32699084,30.14195107
30-04-2020,SBI,32.7498,6.11,414891.77,100,0,25.53105809,44.32699084,30.14195107
04-05-2020,SBI,32.8215,6.084,394889.66,100,0,28.61538462,51.82564103,19.55897436
05-05-2020,SBI,32.8681,6.073,394889.66,100,0,28.61538462,51.82564103,19.55897436
06-05-2020,SBI,32.9063,6.028,394889.66,100,0,28.61538462,51.82564103,19.55897436
08-05-2020,SBI,32.9082,5.967,394889.66,100,0,28.61538462,51.82564103,19.55897436
11-05-2020,SBI,32.9187,6.167,394889.66,100,0,28.61538462,51.82564103,19.55897436
12-05-2020,SBI,32.9524,6.163,394889.66,100,0,28.61538462,51.82564103,19.55897436
13-05-2020,SBI,32.9866,6.095,394889.66,100,0,28.61538462,51.82564103,19.55897436
14-05-2020,SBI,33.027,6.056,394889.66,100,0,28.61538462,51.82564103,19.55897436
15-05-2020,SBI,33.0448,6.081,394889.66,100,0,28.61538462,51.82564103,19.55897436
18-05-2020,SBI,33.0878,6.05,394889.66,100,0,28.61538462,51.82564103,19.55897436
19-05-2020,SBI,33.145,6.035,394889.66,100,0,28.61538462,51.82564103,19.55897436
20-05-2020,SBI,33.1776,6.041,394889.66,100,0,28.61538462,51.82564103,19.55897436
21-05-2020,SBI,33.2026,6.034,394889.66,100,0,28.61538462,51.82564103,19.55897436
22-05-2020,SBI,33.279,5.961,394889.66,100,0,28.61538462,51.82564103,19.55897436
26-05-2020,SBI,33.3101,5.975,394889.66,100,0,28.61538462,51.82564103,19.55897436
27-05-2020,SBI,33.3328,5.984,394889.66,100,0,28.61538462,51.82564103,19.55897436
28-05-2020,SBI,33.3204,5.99,394889.66,100,0,28.61538462,51.82564103,19.55897436
29-05-2020,SBI,33.3236,6.013,394889.66,100,0,28.61538462,51.82564103,19.55897436
01-06-2020,SBI,33.3421,6.042,389523.02,100,0,32.26037196,46.12712038,21.61250766
02-06-2020,SBI,33.3489,5.998,389523.02,100,0,32.26037196,46.12712038,21.61250766
03-06-2020,SBI,33.3658,6.031,389523.02,100,0,32.26037196,46.12712038,21.61250766
04-06-2020,SBI,33.3677,5.796,389523.02,100,0,32.26037196,46.12712038,21.61250766
05-06-2020,SBI,33.3787,5.821,389523.02,100,0,32.26037196,46.12712038,21.61250766
08-06-2020,SBI,33.3958,5.807,389523.02,100,0,32.26037196,46.12712038,21.61250766
09-06-2020,SBI,33.4221,5.775,389523.02,100,0,32.26037196,46.12712038,21.61250766
10-06-2020,SBI,33.4068,5.772,389523.02,100,0,32.26037196,46.12712038,21.61250766
11-06-2020,SBI,33.4402,5.781,389523.02,100,0,32.26037196,46.12712038,21.61250766
12-06-2020,SBI,33.4551,5.796,389523.02,100,0,32.26037196,46.12712038,21.61250766
15-06-2020,SBI,33.4927,5.792,389523.02,100,0,32.26037196,46.12712038,21.61250766
16-06-2020,SBI,33.5355,5.846,389523.02,100,0,32.26037196,46.12712038,21.61250766
17-06-2020,SBI,33.574,5.835,389523.02,100,0,32.26037196,46.12712038,21.61250766
18-06-2020,SBI,33.6486,5.822,389523.02,100,0,32.26037196,46.12712038,21.61250766
19-06-2020,SBI,33.7035,5.849,389523.02,100,0,32.26037196,46.12712038,21.61250766
22-06-2020,SBI,33.7194,5.877,389523.02,100,0,32.26037196,46.12712038,21.61250766
23-06-2020,SBI,33.7433,5.903,389523.02,100,0,32.26037196,46.12712038,21.61250766
24-06-2020,SBI,33.7543,5.918,389523.02,100,0,32.26037196,46.12712038,21.61250766
25-06-2020,SBI,33.7914,5.891,389523.02,100,0,32.26037196,46.12712038,21.61250766
26-06-2020,SBI,33.8489,5.913,389523.02,100,0,32.26037196,46.12712038,21.61250766
29-06-2020,SBI,33.8769,5.903,389523.02,100,0,32.26037196,46.12712038,21.61250766
30-06-2020,SBI,33.8929,5.888,389523.02,100,0,32.26037196,46.12712038,21.61250766
01-07-2020,SBI,33.9274,5.838,384761.71,100,0,30.08927695,47.78769744,22.12302561
02-07-2020,SBI,33.9565,5.841,384761.71,100,0,30.08927695,47.78769744,22.12302561
03-07-2020,SBI,33.9851,5.845,384761.71,100,0,30.08927695,47.78769744,22.12302561
06-07-2020,SBI,34.0233,5.836,384761.71,100,0,30.08927695,47.78769744,22.12302561
07-07-2020,SBI,34.0718,5.792,384761.71,100,0,30.08927695,47.78769744,22.12302561
08-07-2020,SBI,34.1045,5.778,384761.71,100,0,30.08927695,47.78769744,22.12302561
09-07-2020,SBI,34.1264,5.772,384761.71,100,0,30.08927695,47.78769744,22.12302561
10-07-2020,SBI,34.1692,5.76,384761.71,100,0,30.08927695,47.78769744,22.12302561
13-07-2020,SBI,34.1856,5.786,384761.71,100,0,30.08927695,47.78769744,22.12302561
14-07-2020,SBI,34.1712,5.825,384761.71,100,0,30.08927695,47.78769744,22.12302561
15-07-2020,SBI,34.2059,5.815,384761.71,100,0,30.08927695,47.78769744,22.12302561
16-07-2020,SBI,34.2126,5.813,384761.71,100,0,30.08927695,47.78769744,22.12302561
17-07-2020,SBI,34.2259,5.805,384761.71,100,0,30.08927695,47.78769744,22.12302561
20-07-2020,SBI,34.2664,5.799,384761.71,100,0,30.08927695,47.78769744,22.12302561
21-07-2020,SBI,34.2422,5.829,384761.71,100,0,30.08927695,47.78769744,22.12302561
22-07-2020,SBI,34.2371,5.814,384761.71,100,0,30.08927695,47.78769744,22.12302561
23-07-2020,SBI,34.2531,5.805,384761.71,100,0,30.08927695,47.78769744,22.12302561
24-07-2020,SBI,34.2643,5.817,384761.71,100,0,30.08927695,47.78769744,22.12302561
27-07-2020,SBI,34.2514,5.859,384761.71,100,0,30.08927695,47.78769744,22.12302561
28-07-2020,SBI,34.2327,5.85,384761.71,100,0,30.08927695,47.78769744,22.12302561
29-07-2020,SBI,34.2575,5.835,384761.71,100,0,30.08927695,47.78769744,22.12302561
30-07-2020,SBI,34.2779,5.825,384761.71,100,0,30.08927695,47.78769744,22.12302561
31-07-2020,SBI,34.2915,5.837,384761.71,100,0,30.08927695,47.78769744,22.12302561
03-08-2020,SBI,34.3058,5.837,376457.32,100,0,29.99280502,51.3413506,18.66584438
04-08-2020,SBI,34.323,5.833,376457.32,100,0,29.99280502,51.3413506,18.66584438
05-08-2020,SBI,34.3362,5.826,376457.32,100,0,29.99280502,51.3413506,18.66584438
06-08-2020,SBI,34.3119,5.862,376457.32,100,0,29.99280502,51.3413506,18.66584438
07-08-2020,SBI,34.2968,5.886,376457.32,100,0,29.99280502,51.3413506,18.66584438
10-08-2020,SBI,34.2984,5.893,376457.32,100,0,29.99280502,51.3413506,18.66584438
11-08-2020,SBI,34.2984,5.903,376457.32,100,0,29.99280502,51.3413506,18.66584438
12-08-2020,SBI,34.3149,5.884,376457.32,100,0,29.99280502,51.3413506,18.66584438
13-08-2020,SBI,34.3388,5.895,376457.32,100,0,29.99280502,51.3413506,18.66584438
14-08-2020,SBI,34.3306,5.965,376457.32,100,0,29.99280502,51.3413506,18.66584438
17-08-2020,SBI,34.3515,5.975,376457.32,100,0,29.99280502,51.3413506,18.66584438
18-08-2020,SBI,34.3405,5.986,376457.32,100,0,29.99280502,51.3413506,18.66584438
19-08-2020,SBI,34.3553,6.008,376457.32,100,0,29.99280502,51.3413506,18.66584438
20-08-2020,SBI,34.3743,6,376457.32,100,0,29.99280502,51.3413506,18.66584438
21-08-2020,SBI,34.31,6.14,376457.32,100,0,29.99280502,51.3413506,18.66584438
24-08-2020,SBI,34.2769,6.221,376457.32,100,0,29.99280502,51.3413506,18.66584438
25-08-2020,SBI,34.2945,6.157,376457.32,100,0,29.99280502,51.3413506,18.66584438
26-08-2020,SBI,34.3004,6.203,376457.32,100,0,29.99280502,51.3413506,18.66584438
27-08-2020,SBI,34.3081,6.147,376457.32,100,0,29.99280502,51.3413506,18.66584438
28-08-2020,SBI,34.3014,6.097,376457.32,100,0,29.99280502,51.3413506,18.66584438
31-08-2020,SBI,34.4031,6.078,376457.32,100,0,29.99280502,51.3413506,18.66584438
01-09-2020,SBI,34.4801,5.943,372125.09,100,0,33.83358857,50.93415008,15.23226136
02-09-2020,SBI,34.4942,5.92,372125.09,100,0,33.83358857,50.93415008,15.23226136
03-09-2020,SBI,34.5471,5.896,372125.09,100,0,33.83358857,50.93415008,15.23226136
04-09-2020,SBI,34.5549,5.93,372125.09,100,0,33.83358857,50.93415008,15.23226136
07-09-2020,SBI,34.5382,5.993,372125.09,100,0,33.83358857,50.93415008,15.23226136
08-09-2020,SBI,34.4867,6.056,372125.09,100,0,33.83358857,50.93415008,15.23226136
09-09-2020,SBI,34.5008,5.989,372125.09,100,0,33.83358857,50.93415008,15.23226136
10-09-2020,SBI,34.4987,6.053,372125.09,100,0,33.83358857,50.93415008,15.23226136
11-09-2020,SBI,34.506,6.041,372125.09,100,0,33.83358857,50.93415008,15.23226136
14-09-2020,SBI,34.5288,6.031,372125.09,100,0,33.83358857,50.93415008,15.23226136
15-09-2020,SBI,34.5245,6.029,372125.09,100,0,33.83358857,50.93415008,15.23226136
16-09-2020,SBI,34.5561,5.992,372125.09,100,0,33.83358857,50.93415008,15.23226136
17-09-2020,SBI,34.5626,6.033,372125.09,100,0,33.83358857,50.93415008,15.23226136
18-09-2020,SBI,34.5865,6.014,372125.09,100,0,33.83358857,50.93415008,15.23226136
21-09-2020,SBI,34.6128,6.016,372125.09,100,0,33.83358857,50.93415008,15.23226136
22-09-2020,SBI,34.6403,6.01,372125.09,100,0,33.83358857,50.93415008,15.23226136
23-09-2020,SBI,34.6483,5.99,372125.09,100,0,33.83358857,50.93415008,15.23226136
24-09-2020,SBI,34.6463,5.992,372125.09,100,0,33.83358857,50.93415008,15.23226136
25-09-2020,SBI,34.6475,6.038,372125.09,100,0,33.83358857,50.93415008,15.23226136
28-09-2020,SBI,34.6588,6.056,372125.09,100,0,33.83358857,50.93415008,15.23226136
29-09-2020,SBI,34.6591,6.037,372125.09,100,0,33.83358857,50.93415008,15.23226136
30-09-2020,SBI,34.6795,6.015,372125.09,100,0,33.83358857,50.93415008,15.23226136
01-10-2020,SBI,34.7207,5.996,371363.7,100,0,34.19110109,51.04572483,14.76317408
05-10-2020,SBI,34.7588,6.004,371363.7,100,0,34.19110109,51.04572483,14.76317408
06-10-2020,SBI,34.7651,6.026,371363.7,100,0,34.19110109,51.04572483,14.76317408
07-10-2020,SBI,34.7972,6.014,371363.7,100,0,34.19110109,51.04572483,14.76317408
08-10-2020,SBI,34.8225,6.015,371363.7,100,0,34.19110109,51.04572483,14.76317408
09-10-2020,SBI,34.9313,5.937,371363.7,100,0,34.19110109,51.04572483,14.76317408
12-10-2020,SBI,34.9655,5.899,371363.7,100,0,34.19110109,51.04572483,14.76317408
13-10-2020,SBI,34.9987,5.904,371363.7,100,0,34.19110109,51.04572483,14.76317408
14-10-2020,SBI,35.0227,5.9,371363.7,100,0,34.19110109,51.04572483,14.76317408
15-10-2020,SBI,35.0462,5.898,371363.7,100,0,34.19110109,51.04572483,14.76317408
16-10-2020,SBI,35.0425,5.935,371363.7,100,0,34.19110109,51.04572483,14.76317408
19-10-2020,SBI,35.0822,5.94,371363.7,100,0,34.19110109,51.04572483,14.76317408
20-10-2020,SBI,35.106,5.931,371363.7,100,0,34.19110109,51.04572483,14.76317408
21-10-2020,SBI,35.1125,5.912,371363.7,100,0,34.19110109,51.04572483,14.76317408
22-10-2020,SBI,35.1091,5.915,371363.7,100,0,34.19110109,51.04572483,14.76317408
23-10-2020,SBI,35.1303,5.844,371363.7,100,0,34.19110109,51.04572483,14.76317408
26-10-2020,SBI,35.1666,5.834,371363.7,100,0,34.19110109,51.04572483,14.76317408
27-10-2020,SBI,35.1601,5.846,371363.7,100,0,34.19110109,51.04572483,14.76317408
28-10-2020,SBI,35.2234,5.859,371363.7,100,0,34.19110109,51.04572483,14.76317408
29-10-2020,SBI,35.2277,5.881,371363.7,100,0,34.19110109,51.04572483,14.76317408
02-11-2020,SBI,35.2507,5.89,369912.57,100,0,33.6882282,52.23985536,14.07191643
03-11-2020,SBI,35.2693,5.898,369912.57,100,0,33.6882282,52.23985536,14.07191643
04-11-2020,SBI,35.2798,5.886,369912.57,100,0,33.6882282,52.23985536,14.07191643
05-11-2020,SBI,35.3145,5.86,369912.57,100,0,33.6882282,52.23985536,14.07191643
06-11-2020,SBI,35.3345,5.871,369912.57,100,0,33.6882282,52.23985536,14.07191643
09-11-2020,SBI,35.3505,5.876,369912.57,100,0,33.6882282,52.23985536,14.07191643
10-11-2020,SBI,35.348,5.916,369912.57,100,0,33.6882282,52.23985536,14.07191643
11-11-2020,SBI,35.3638,5.903,369912.57,100,0,33.6882282,52.23985536,14.07191643
12-11-2020,SBI,35.3758,5.903,369912.57,100,0,33.6882282,52.23985536,14.07191643
13-11-2020,SBI,35.3942,5.878,369912.57,100,0,33.6882282,52.23985536,14.07191643
17-11-2020,SBI,35.4254,5.877,369912.57,100,0,33.6882282,52.23985536,14.07191643
18-11-2020,SBI,35.4429,5.878,369912.57,100,0,33.6882282,52.23985536,14.07191643
19-11-2020,SBI,35.4756,5.876,369912.57,100,0,33.6882282,52.23985536,14.07191643
20-11-2020,SBI,35.4879,5.877,369912.57,100,0,33.6882282,52.23985536,14.07191643
23-11-2020,SBI,35.5112,5.9,369912.57,100,0,33.6882282,52.23985536,14.07191643
24-11-2020,SBI,35.5238,5.88,369912.57,100,0,33.6882282,52.23985536,14.07191643
25-11-2020,SBI,35.5426,5.885,369912.57,100,0,33.6882282,52.23985536,14.07191643
26-11-2020,SBI,35.5649,5.872,369912.57,100,0,33.6882282,52.23985536,14.07191643
27-11-2020,SBI,35.5635,5.911,369912.57,100,0,33.6882282,52.23985536,14.07191643
01-12-2020,SBI,35.5718,5.93,367109.23,100,0,32.40114731,54.67117394,12.92767875
02-12-2020,SBI,35.5596,5.92,367109.23,100,0,32.40114731,54.67117394,12.92767875
03-12-2020,SBI,35.5636,5.932,367109.23,100,0,32.40114731,54.67117394,12.92767875
04-12-2020,SBI,35.5967,5.897,367109.23,100,0,32.40114731,54.67117394,12.92767875
07-12-2020,SBI,35.6118,5.924,367109.23,100,0,32.40114731,54.67117394,12.92767875
08-12-2020,SBI,35.6125,5.939,367109.23,100,0,32.40114731,54.67117394,12.92767875
09-12-2020,SBI,35.6174,5.917,367109.23,100,0,32.40114731,54.67117394,12.92767875
10-12-2020,SBI,35.6332,5.916,367109.23,100,0,32.40114731,54.67117394,12.92767875
11-12-2020,SBI,35.629,5.956,367109.23,100,0,32.40114731,54.67117394,12.92767875
14-12-2020,SBI,35.6462,5.946,367109.23,100,0,32.40114731,54.67117394,12.92767875
15-12-2020,SBI,35.6542,5.941,367109.23,100,0,32.40114731,54.67117394,12.92767875
16-12-2020,SBI,35.6508,5.944,367109.23,100,0,32.40114731,54.67117394,12.92767875
17-12-2020,SBI,35.6539,5.952,367109.23,100,0,32.40114731,54.67117394,12.92767875
18-12-2020,SBI,35.6709,5.959,367109.23,100,0,32.40114731,54.67117394,12.92767875
21-12-2020,SBI,35.6751,5.957,367109.23,100,0,32.40114731,54.67117394,12.92767875
22-12-2020,SBI,35.6794,5.951,367109.23,100,0,32.40114731,54.67117394,12.92767875
23-12-2020,SBI,35.688,5.95,367109.23,100,0,32.40114731,54.67117394,12.92767875
24-12-2020,SBI,35.6993,5.929,367109.23,100,0,32.40114731,54.67117394,12.92767875
28-12-2020,SBI,35.7332,5.925,367109.23,100,0,32.40114731,54.67117394,12.92767875
29-12-2020,SBI,35.7357,5.927,367109.23,100,0,32.40114731,54.67117394,12.92767875
30-12-2020,SBI,35.7562,5.899,367109.23,100,0,32.40114731,54.67117394,12.92767875
31-12-2020,SBI,35.7608,5.894,367109.23,100,0,32.40114731,54.67117394,12.92767875
01-01-2021,SBI,35.7707,5.898,363238.41,100,0,33.41894391,54.66406411,11.91699199
04-01-2021,SBI,35.8086,5.858,363238.41,100,0,33.41894391,54.66406411,11.91699199
05-01-2021,SBI,35.8427,5.85,363238.41,100,0,33.41894391,54.66406411,11.91699199
06-01-2021,SBI,35.8374,5.894,363238.41,100,0,33.41894391,54.66406411,11.91699199
07-01-2021,SBI,35.8556,5.892,363238.41,100,0,33.41894391,54.66406411,11.91699199
08-01-2021,SBI,35.8675,5.892,363238.41,100,0,33.41894391,54.66406411,11.91699199
11-01-2021,SBI,35.8279,5.924,363238.41,100,0,33.41894391,54.66406411,11.91699199
12-01-2021,SBI,35.7921,5.931,363238.41,100,0,33.41894391,54.66406411,11.91699199
13-01-2021,SBI,35.7862,5.947,363238.41,100,0,33.41894391,54.66406411,11.91699199
14-01-2021,SBI,35.766,5.924,363238.41,100,0,33.41894391,54.66406411,11.91699199
15-01-2021,SBI,35.7456,5.988,363238.41,100,0,33.41894391,54.66406411,11.91699199
18-01-2021,SBI,35.7329,5.957,363238.41,100,0,33.41894391,54.66406411,11.91699199
19-01-2021,SBI,35.7356,5.936,363238.41,100,0,33.41894391,54.66406411,11.91699199
20-01-2021,SBI,35.7714,5.942,363238.41,100,0,33.41894391,54.66406411,11.91699199
21-01-2021,SBI,35.7843,5.956,363238.41,100,0,33.41894391,54.66406411,11.91699199
22-01-2021,SBI,35.7766,5.939,363238.41,100,0,33.41894391,54.66406411,11.91699199
25-01-2021,SBI,35.7939,5.954,363238.41,100,0,33.41894391,54.66406411,11.91699199
27-01-2021,SBI,35.8085,5.954,363238.41,100,0,33.41894391,54.66406411,11.91699199
28-01-2021,SBI,35.8089,5.933,363238.41,100,0,33.41894391,54.66406411,11.91699199
29-01-2021,SBI,35.8227,5.949,363238.41,100,0,33.41894391,54.66406411,11.91699199
01-02-2021,SBI,35.7336,6.06,358930.55,100,0,29.85982272,57.03978561,13.10039167
02-02-2021,SBI,35.6736,6.127,358930.55,100,0,29.85982272,57.03978561,13.10039167
03-02-2021,SBI,35.6815,6.084,358930.55,100,0,29.85982272,57.03978561,13.10039167
04-02-2021,SBI,35.6898,6.074,358930.55,100,0,29.85982272,57.03978561,13.10039167
05-02-2021,SBI,35.671,6.071,358930.55,100,0,29.85982272,57.03978561,13.10039167
08-02-2021,SBI,35.6938,6.04,358930.55,100,0,29.85982272,57.03978561,13.10039167
09-02-2021,SBI,35.6713,6.074,358930.55,100,0,29.85982272,57.03978561,13.10039167
10-02-2021,SBI,35.674,6.01,358930.55,100,0,29.85982272,57.03978561,13.10039167
11-02-2021,SBI,35.7039,5.962,358930.55,100,0,29.85982272,57.03978561,13.10039167
12-02-2021,SBI,35.7135,5.99,358930.55,100,0,29.85982272,57.03978561,13.10039167
15-02-2021,SBI,35.7303,6.022,358930.55,100,0,29.85982272,57.03978561,13.10039167
16-02-2021,SBI,35.7546,6.022,358930.55,100,0,29.85982272,57.03978561,13.10039167
17-02-2021,SBI,35.7576,6.03,358930.55,100,0,29.85982272,57.03978561,13.10039167
18-02-2021,SBI,35.7596,6.132,358930.55,100,0,29.85982272,57.03978561,13.10039167
22-02-2021,SBI,35.7377,6.202,358930.55,100,0,29.85982272,57.03978561,13.10039167
23-02-2021,SBI,35.7539,6.172,358930.55,100,0,29.85982272,57.03978561,13.10039167
24-02-2021,SBI,35.7565,6.147,358930.55,100,0,29.85982272,57.03978561,13.10039167
25-02-2021,SBI,35.7615,6.182,358930.55,100,0,29.85982272,57.03978561,13.10039167
26-02-2021,SBI,35.7564,6.229,358930.55,100,0,29.85982272,57.03978561,13.10039167
01-03-2021,SBI,35.7745,6.209,352425.55,100,0,29.3306288,57.34279919,13.32657201
02-03-2021,SBI,35.7942,6.236,352425.55,100,0,29.3306288,57.34279919,13.32657201
03-03-2021,SBI,35.8005,6.238,352425.55,100,0,29.3306288,57.34279919,13.32657201
04-03-2021,SBI,35.8141,6.212,352425.55,100,0,29.3306288,57.34279919,13.32657201
05-03-2021,SBI,35.8193,6.232,352425.55,100,0,29.3306288,57.34279919,13.32657201
08-03-2021,SBI,35.8346,6.223,352425.55,100,0,29.3306288,57.34279919,13.32657201
09-03-2021,SBI,35.8437,6.206,352425.55,100,0,29.3306288,57.34279919,13.32657201
10-03-2021,SBI,35.8446,6.247,352425.55,100,0,29.3306288,57.34279919,13.32657201
12-03-2021,SBI,35.8443,6.232,352425.55,100,0,29.3306288,57.34279919,13.32657201
15-03-2021,SBI,35.7922,6.201,352425.55,100,0,29.3306288,57.34279919,13.32657201
16-03-2021,SBI,35.7897,6.18,352425.55,100,0,29.3306288,57.34279919,13.32657201
17-03-2021,SBI,35.7887,6.185,352425.55,100,0,29.3306288,57.34279919,13.32657201
18-03-2021,SBI,35.7925,6.202,352425.55,100,0,29.3306288,57.34279919,13.32657201
19-03-2021,SBI,35.8338,6.193,352425.55,100,0,29.3306288,57.34279919,13.32657201
22-03-2021,SBI,35.8617,6.18,352425.55,100,0,29.3306288,57.34279919,13.32657201
23-03-2021,SBI,35.8965,6.144,352425.55,100,0,29.3306288,57.34279919,13.32657201
24-03-2021,SBI,35.9154,6.152,352425.55,100,0,29.3306288,57.34279919,13.32657201
25-03-2021,SBI,35.9298,6.131,352425.55,100,0,29.3306288,57.34279919,13.32657201
26-03-2021,SBI,35.9497,6.123,352425.55,100,0,29.3306288,57.34279919,13.32657201
30-03-2021,SBI,35.9804,6.143,352425.55,100,0,29.3306288,57.34279919,13.32657201
31-03-2021,SBI,35.9983,6.177,352425.55,100,0,29.3306288,57.34279919,13.32657201
05-04-2021,SBI,36.0488,6.123,349676.52,100,0,30.21765663,52.25793328,17.52441009
06-04-2021,SBI,36.0841,6.122,349676.52,100,0,30.21765663,52.25793328,17.52441009
07-04-2021,SBI,36.0715,6.082,349676.52,100,0,30.21765663,52.25793328,17.52441009
08-04-2021,SBI,36.0794,6.031,349676.52,100,0,30.21765663,52.25793328,17.52441009
09-04-2021,SBI,36.0868,6.017,349676.52,100,0,30.21765663,52.25793328,17.52441009
12-04-2021,SBI,36.101,6.011,349676.52,100,0,30.21765663,52.25793328,17.52441009
15-04-2021,SBI,36.1128,6.126,349676.52,100,0,30.21765663,52.25793328,17.52441009
16-04-2021,SBI,36.1012,6.088,349676.52,100,0,30.21765663,52.25793328,17.52441009
19-04-2021,SBI,36.149,6.081,349676.52,100,0,30.21765663,52.25793328,17.52441009
20-04-2021,SBI,36.1646,6.074,349676.52,100,0,30.21765663,52.25793328,17.52441009
22-04-2021,SBI,36.1854,6.05,349676.52,100,0,30.21765663,52.25793328,17.52441009
23-04-2021,SBI,36.2018,6.035,349676.52,100,0,30.21765663,52.25793328,17.52441009
26-04-2021,SBI,36.2355,6.038,349676.52,100,0,30.21765663,52.25793328,17.52441009
27-04-2021,SBI,36.2538,6.055,349676.52,100,0,30.21765663,52.25793328,17.52441009
28-04-2021,SBI,36.2641,6.053,349676.52,100,0,30.21765663,52.25793328,17.52441009
29-04-2021,SBI,36.2671,6.059,349676.52,100,0,30.21765663,52.25793328,17.52441009
30-04-2021,SBI,36.2851,6.03,349676.52,100,0,30.21765663,52.25793328,17.52441009
03-05-2021,SBI,36.3127,6.001,349657.26,100,0,31.47483858,55.70359742,12.82156401
04-05-2021,SBI,36.312,6.015,349657.26,100,0,31.47483858,55.70359742,12.82156401
05-05-2021,SBI,36.3288,5.978,349657.26,100,0,31.47483858,55.70359742,12.82156401
06-05-2021,SBI,36.3447,5.974,349657.26,100,0,31.47483858,55.70359742,12.82156401
07-05-2021,SBI,36.342,6.015,349657.26,100,0,31.47483858,55.70359742,12.82156401
10-05-2021,SBI,36.3555,6.014,349657.26,100,0,31.47483858,55.70359742,12.82156401
11-05-2021,SBI,36.3704,6.008,349657.26,100,0,31.47483858,55.70359742,12.82156401
12-05-2021,SBI,36.3768,6.01,349657.26,100,0,31.47483858,55.70359742,12.82156401
14-05-2021,SBI,36.3902,5.986,349657.26,100,0,31.47483858,55.70359742,12.82156401
17-05-2021,SBI,36.4055,5.972,349657.26,100,0,31.47483858,55.70359742,12.82156401
18-05-2021,SBI,36.4201,5.976,349657.26,100,0,31.47483858,55.70359742,12.82156401
19-05-2021,SBI,36.4289,5.975,349657.26,100,0,31.47483858,55.70359742,12.82156401
20-05-2021,SBI,36.4551,5.968,349657.26,100,0,31.47483858,55.70359742,12.82156401
21-05-2021,SBI,36.4754,5.977,349657.26,100,0,31.47483858,55.70359742,12.82156401
24-05-2021,SBI,36.4876,5.972,349657.26,100,0,31.47483858,55.70359742,12.82156401
25-05-2021,SBI,36.5315,5.972,349657.26,100,0,31.47483858,55.70359742,12.82156401
27-05-2021,SBI,36.5419,5.987,349657.26,100,0,31.47483858,55.70359742,12.82156401
28-05-2021,SBI,36.5428,6.003,349657.26,100,0,31.47483858,55.70359742,12.82156401
31-05-2021,SBI,36.5523,6.022,349657.26,100,0,31.47483858,55.70359742,12.82156401
01-06-2021,SBI,36.5511,6.025,347296.04,100,0,27.33886669,59.30935547,13.35177785
02-06-2021,SBI,36.5658,6.005,347296.04,100,0,27.33886669,59.30935547,13.35177785
03-06-2021,SBI,36.5766,5.997,347296.04,100,0,27.33886669,59.30935547,13.35177785
04-06-2021,SBI,36.5854,6.028,347296.04,100,0,27.33886669,59.30935547,13.35177785
07-06-2021,SBI,36.617,6.022,347296.04,100,0,27.33886669,59.30935547,13.35177785
08-06-2021,SBI,36.6278,6.006,347296.04,100,0,27.33886669,59.30935547,13.35177785
09-06-2021,SBI,36.6604,6.016,347296.04,100,0,27.33886669,59.30935547,13.35177785
10-06-2021,SBI,36.668,6.019,347296.04,100,0,27.33886669,59.30935547,13.35177785
11-06-2021,SBI,36.6809,6.006,347296.04,100,0,27.33886669,59.30935547,13.35177785
14-06-2021,SBI,36.7061,6.004,347296.04,100,0,27.33886669,59.30935547,13.35177785
15-06-2021,SBI,36.6853,6.04,347296.04,100,0,27.33886669,59.30935547,13.35177785
16-06-2021,SBI,36.65,6.045,347296.04,100,0,27.33886669,59.30935547,13.35177785
17-06-2021,SBI,36.6527,6.019,347296.04,100,0,27.33886669,59.30935547,13.35177785
18-06-2021,SBI,36.664,6.006,347296.04,100,0,27.33886669,59.30935547,13.35177785
21-06-2021,SBI,36.6787,6.029,347296.04,100,0,27.33886669,59.30935547,13.35177785
22-06-2021,SBI,36.6693,6.025,347296.04,100,0,27.33886669,59.30935547,13.35177785
23-06-2021,SBI,36.6737,6.018,347296.04,100,0,27.33886669,59.30935547,13.35177785
24-06-2021,SBI,36.6823,6.012,347296.04,100,0,27.33886669,59.30935547,13.35177785
25-06-2021,SBI,36.6745,6.028,347296.04,100,0,27.33886669,59.30935547,13.35177785
28-06-2021,SBI,36.6697,6.056,347296.04,100,0,27.33886669,59.30935547,13.35177785
29-06-2021,SBI,36.678,6.036,347296.04,100,0,27.33886669,59.30935547,13.35177785
30-06-2021,SBI,36.6794,6.051,347296.04,100,0,27.33886669,59.30935547,13.35177785
01-07-2021,SBI,36.6975,6.039,348761.54,100,0,34.65608466,55.87098087,9.472934473
02-07-2021,SBI,36.6838,6.065,348761.54,100,0,34.65608466,55.87098087,9.472934473
05-07-2021,SBI,36.7033,6.088,348761.54,100,0,34.65608466,55.87098087,9.472934473
06-07-2021,SBI,36.6817,6.175,348761.54,100,0,34.65608466,55.87098087,9.472934473
07-07-2021,SBI,36.6997,6.164,348761.54,100,0,34.65608466,55.87098087,9.472934473
08-07-2021,SBI,36.7332,6.124,348761.54,100,0,34.65608466,55.87098087,9.472934473
09-07-2021,SBI,36.7461,6.186,348761.54,100,0,34.65608466,55.87098087,9.472934473
12-07-2021,SBI,36.7453,6.22,348761.54,100,0,34.65608466,55.87098087,9.472934473
13-07-2021,SBI,36.7745,6.103,348761.54,100,0,34.65608466,55.87098087,9.472934473
14-07-2021,SBI,36.7771,6.109,348761.54,100,0,34.65608466,55.87098087,9.472934473
15-07-2021,SBI,36.7996,6.117,348761.54,100,0,34.65608466,55.87098087,9.472934473
16-07-2021,SBI,36.8351,6.13,348761.54,100,0,34.65608466,55.87098087,9.472934473
19-07-2021,SBI,36.8655,6.127,348761.54,100,0,34.65608466,55.87098087,9.472934473
20-07-2021,SBI,36.885,6.119,348761.54,100,0,34.65608466,55.87098087,9.472934473
22-07-2021,SBI,36.887,6.138,348761.54,100,0,34.65608466,55.87098087,9.472934473
23-07-2021,SBI,36.8914,6.165,348761.54,100,0,34.65608466,55.87098087,9.472934473
26-07-2021,SBI,36.9153,6.169,348761.54,100,0,34.65608466,55.87098087,9.472934473
27-07-2021,SBI,36.9354,6.178,348761.54,100,0,34.65608466,55.87098087,9.472934473
28-07-2021,SBI,36.9438,6.188,348761.54,100,0,34.65608466,55.87098087,9.472934473
29-07-2021,SBI,36.9463,6.198,348761.54,100,0,34.65608466,55.87098087,9.472934473
30-07-2021,SBI,36.9506,6.204,348761.54,100,0,34.65608466,55.87098087,9.472934473
02-08-2021,SBI,36.9654,6.197,343979.97,100,0,37.48465002,54.95292673,7.56242325
03-08-2021,SBI,36.982,6.2,343979.97,100,0,37.48465002,54.95292673,7.56242325
04-08-2021,SBI,36.9909,6.199,343979.97,100,0,37.48465002,54.95292673,7.56242325
05-08-2021,SBI,37.0041,6.207,343979.97,100,0,37.48465002,54.95292673,7.56242325
06-08-2021,SBI,36.9704,6.234,343979.97,100,0,37.48465002,54.95292673,7.56242325
09-08-2021,SBI,36.9904,6.221,343979.97,100,0,37.48465002,54.95292673,7.56242325
10-08-2021,SBI,37.0078,6.233,343979.97,100,0,37.48465002,54.95292673,7.56242325
11-08-2021,SBI,37.0089,6.236,343979.97,100,0,37.48465002,54.95292673,7.56242325
12-08-2021,SBI,37.0482,6.226,343979.97,100,0,37.48465002,54.95292673,7.56242325
13-08-2021,SBI,37.0668,6.241,343979.97,100,0,37.48465002,54.95292673,7.56242325
17-08-2021,SBI,37.1017,6.234,343979.97,100,0,37.48465002,54.95292673,7.56242325
18-08-2021,SBI,37.1387,6.228,343979.97,100,0,37.48465002,54.95292673,7.56242325
20-08-2021,SBI,37.1519,6.234,343979.97,100,0,37.48465002,54.95292673,7.56242325
23-08-2021,SBI,37.1678,6.243,343979.97,100,0,37.48465002,54.95292673,7.56242325
24-08-2021,SBI,37.1765,6.25,343979.97,100,0,37.48465002,54.95292673,7.56242325
25-08-2021,SBI,37.1831,6.241,343979.97,100,0,37.48465002,54.95292673,7.56242325
26-08-2021,SBI,37.1901,6.251,343979.97,100,0,37.48465002,54.95292673,7.56242325
27-08-2021,SBI,37.1968,6.254,343979.97,100,0,37.48465002,54.95292673,7.56242325
30-08-2021,SBI,37.2256,6.225,343979.97,100,0,37.48465002,54.95292673,7.56242325
31-08-2021,SBI,37.2448,6.215,343979.97,100,0,37.48465002,54.95292673,7.56242325
01-09-2021,SBI,37.2668,6.199,338043.3,100,0,37.15511956,51.7167382,11.12814224
02-09-2021,SBI,37.2853,6.171,338043.3,100,0,37.15511956,51.7167382,11.12814224
03-09-2021,SBI,37.2937,6.156,338043.3,100,0,37.15511956,51.7167382,11.12814224
06-09-2021,SBI,37.3091,6.173,338043.3,100,0,37.15511956,51.7167382,11.12814224
07-09-2021,SBI,37.3092,6.195,338043.3,100,0,37.15511956,51.7167382,11.12814224
08-09-2021,SBI,37.3207,6.188,338043.3,100,0,37.15511956,51.7167382,11.12814224
09-09-2021,SBI,37.3329,6.178,338043.3,100,0,37.15511956,51.7167382,11.12814224
13-09-2021,SBI,37.3471,6.192,338043.3,100,0,37.15511956,51.7167382,11.12814224
14-09-2021,SBI,37.3522,6.198,338043.3,100,0,37.15511956,51.7167382,11.12814224
15-09-2021,SBI,37.3635,6.163,338043.3,100,0,37.15511956,51.7167382,11.12814224
16-09-2021,SBI,37.3704,6.169,338043.3,100,0,37.15511956,51.7167382,11.12814224
17-09-2021,SBI,37.3759,6.167,338043.3,100,0,37.15511956,51.7167382,11.12814224
20-09-2021,SBI,37.405,6.138,338043.3,100,0,37.15511956,51.7167382,11.12814224
21-09-2021,SBI,37.4043,6.122,338043.3,100,0,37.15511956,51.7167382,11.12814224
22-09-2021,SBI,37.4055,6.138,338043.3,100,0,37.15511956,51.7167382,11.12814224
23-09-2021,SBI,37.4206,6.14,338043.3,100,0,37.15511956,51.7167382,11.12814224
24-09-2021,SBI,37.4053,6.181,338043.3,100,0,37.15511956,51.7167382,11.12814224
27-09-2021,SBI,37.4052,6.209,338043.3,100,0,37.15511956,51.7167382,11.12814224
28-09-2021,SBI,37.4164,6.228,338043.3,100,0,37.15511956,51.7167382,11.12814224
29-09-2021,SBI,37.4116,6.206,338043.3,100,0,37.15511956,51.7167382,11.12814224
30-09-2021,SBI,37.4191,6.223,338043.3,100,0,37.15511956,51.7167382,11.12814224
01-10-2021,SBI,37.4159,6.244,334144.4,100,0,37.18040867,52.48998871,10.32960263
04-10-2021,SBI,37.439,6.248,334144.4,100,0,37.18040867,52.48998871,10.32960263
05-10-2021,SBI,37.4192,6.26,334144.4,100,0,37.18040867,52.48998871,10.32960263
06-10-2021,SBI,37.4141,6.276,334144.4,100,0,37.18040867,52.48998871,10.32960263
07-10-2021,SBI,37.4184,6.267,334144.4,100,0,37.18040867,52.48998871,10.32960263
08-10-2021,SBI,37.4186,6.318,334144.4,100,0,37.18040867,52.48998871,10.32960263
11-10-2021,SBI,37.4292,6.34,334144.4,100,0,37.18040867,52.48998871,10.32960263
12-10-2021,SBI,37.4361,6.326,334144.4,100,0,37.18040867,52.48998871,10.32960263
13-10-2021,SBI,37.4591,6.314,334144.4,100,0,37.18040867,52.48998871,10.32960263
14-10-2021,SBI,37.4658,6.328,334144.4,100,0,37.18040867,52.48998871,10.32960263
18-10-2021,SBI,37.4744,6.387,334144.4,100,0,37.18040867,52.48998871,10.32960263
20-10-2021,SBI,37.4663,6.373,334144.4,100,0,37.18040867,52.48998871,10.32960263
21-10-2021,SBI,37.4882,6.338,334144.4,100,0,37.18040867,52.48998871,10.32960263
22-10-2021,SBI,37.4962,6.364,334144.4,100,0,37.18040867,52.48998871,10.32960263
25-10-2021,SBI,37.5102,6.35,334144.4,100,0,37.18040867,52.48998871,10.32960263
26-10-2021,SBI,37.4929,6.362,334144.4,100,0,37.18040867,52.48998871,10.32960263
27-10-2021,SBI,37.4912,6.336,334144.4,100,0,37.18040867,52.48998871,10.32960263
28-10-2021,SBI,37.4968,6.367,334144.4,100,0,37.18040867,52.48998871,10.32960263
29-10-2021,SBI,37.4861,6.388,334144.4,100,0,37.18040867,52.48998871,10.32960263
01-11-2021,SBI,37.4961,6.387,331879.19,100,0,37.22859484,53.35927898,9.412126178
02-11-2021,SBI,37.5067,6.36,331879.19,100,0,37.22859484,53.35927898,9.412126178
03-11-2021,SBI,37.5137,6.357,331879.19,100,0,37.22859484,53.35927898,9.412126178
08-11-2021,SBI,37.5404,6.301,331879.19,100,0,37.22859484,53.35927898,9.412126178
09-11-2021,SBI,37.56,6.293,331879.19,100,0,37.22859484,53.35927898,9.412126178
10-11-2021,SBI,37.5635,6.336,331879.19,100,0,37.22859484,53.35927898,9.412126178
11-11-2021,SBI,37.5662,6.367,331879.19,100,0,37.22859484,53.35927898,9.412126178
12-11-2021,SBI,37.5757,6.368,331879.19,100,0,37.22859484,53.35927898,9.412126178
15-11-2021,SBI,37.59,6.342,331879.19,100,0,37.22859484,53.35927898,9.412126178
16-11-2021,SBI,37.5946,6.364,331879.19,100,0,37.22859484,53.35927898,9.412126178
17-11-2021,SBI,37.6033,6.361,331879.19,100,0,37.22859484,53.35927898,9.412126178
18-11-2021,SBI,37.611,6.345,331879.19,100,0,37.22859484,53.35927898,9.412126178
22-11-2021,SBI,37.6325,6.351,331879.19,100,0,37.22859484,53.35927898,9.412126178
23-11-2021,SBI,37.6367,6.364,331879.19,100,0,37.22859484,53.35927898,9.412126178
24-11-2021,SBI,37.633,6.367,331879.19,100,0,37.22859484,53.35927898,9.412126178
25-11-2021,SBI,37.6367,6.367,331879.19,100,0,37.22859484,53.35927898,9.412126178
26-11-2021,SBI,37.6448,6.33,331879.19,100,0,37.22859484,53.35927898,9.412126178
29-11-2021,SBI,37.66,6.335,331879.19,100,0,37.22859484,53.35927898,9.412126178
30-11-2021,SBI,37.6738,6.326,331879.19,100,0,37.22859484,53.35927898,9.412126178
01-12-2021,SBI,37.6761,6.353,328887.51,100,0,35.01886023,47.6297278,17.35141197
02-12-2021,SBI,37.687,6.352,328887.51,100,0,35.01886023,47.6297278,17.35141197
03-12-2021,SBI,37.692,6.369,328887.51,100,0,35.01886023,47.6297278,17.35141197
06-12-2021,SBI,37.7052,6.359,328887.51,100,0,35.01886023,47.6297278,17.35141197
07-12-2021,SBI,37.7094,6.391,328887.51,100,0,35.01886023,47.6297278,17.35141197
08-12-2021,SBI,37.728,6.347,328887.51,100,0,35.01886023,47.6297278,17.35141197
09-12-2021,SBI,37.7341,6.348,328887.51,100,0,35.01886023,47.6297278,17.35141197
10-12-2021,SBI,37.7288,6.37,328887.51,100,0,35.01886023,47.6297278,17.35141197
13-12-2021,SBI,37.7488,6.37,328887.51,100,0,35.01886023,47.6297278,17.35141197
14-12-2021,SBI,37.7617,6.356,328887.51,100,0,35.01886023,47.6297278,17.35141197
15-12-2021,SBI,37.7662,6.364,328887.51,100,0,35.01886023,47.6297278,17.35141197
16-12-2021,SBI,37.7677,6.374,328887.51,100,0,35.01886023,47.6297278,17.35141197
17-12-2021,SBI,37.7532,6.411,328887.51,100,0,35.01886023,47.6297278,17.35141197
20-12-2021,SBI,37.749,6.435,328887.51,100,0,35.01886023,47.6297278,17.35141197
21-12-2021,SBI,37.723,6.468,328887.51,100,0,35.01886023,47.6297278,17.35141197
22-12-2021,SBI,37.7186,6.464,328887.51,100,0,35.01886023,47.6297278,17.35141197
23-12-2021,SBI,37.7245,6.46,328887.51,100,0,35.01886023,47.6297278,17.35141197
24-12-2021,SBI,37.7255,6.462,328887.51,100,0,35.01886023,47.6297278,17.35141197
27-12-2021,SBI,37.7476,6.465,328887.51,100,0,35.01886023,47.6297278,17.35141197
28-12-2021,SBI,37.7433,6.478,328887.51,100,0,35.01886023,47.6297278,17.35141197
29-12-2021,SBI,37.7516,6.461,328887.51,100,0,35.01886023,47.6297278,17.35141197
30-12-2021,SBI,37.7596,6.469,328887.51,100,0,35.01886023,47.6297278,17.35141197
31-12-2021,SBI,37.7701,6.454,328887.51,100,0,35.01886023,47.6297278,17.35141197
03-01-2022,SBI,37.7858,6.46,326726.83,100,0,36.51262215,48.58509772,14.90228013
04-01-2022,SBI,37.7687,6.518,326726.83,100,0,36.51262215,48.58509772,14.90228013
05-01-2022,SBI,37.7762,6.508,326726.83,100,0,36.51262215,48.58509772,14.90228013
06-01-2022,SBI,37.7731,6.525,326726.83,100,0,36.51262215,48.58509772,14.90228013
07-01-2022,SBI,37.7777,6.542,326726.83,100,0,36.51262215,48.58509772,14.90228013
10-01-2022,SBI,37.7808,6.59,326726.83,100,0,36.51262215,48.58509772,14.90228013
11-01-2022,SBI,37.7979,6.57,326726.83,100,0,36.51262215,48.58509772,14.90228013
12-01-2022,SBI,37.8027,6.593,326726.83,100,0,36.51262215,48.58509772,14.90228013
13-01-2022,SBI,37.8313,6.561,326726.83,100,0,36.51262215,48.58509772,14.90228013
14-01-2022,SBI,37.8421,6.582,326726.83,100,0,36.51262215,48.58509772,14.90228013
17-01-2022,SBI,37.8419,6.636,326726.83,100,0,36.51262215,48.58509772,14.90228013
18-01-2022,SBI,37.8463,6.627,326726.83,100,0,36.51262215,48.58509772,14.90228013
19-01-2022,SBI,37.8482,6.598,326726.83,100,0,36.51262215,48.58509772,14.90228013
20-01-2022,SBI,37.8611,6.608,326726.83,100,0,36.51262215,48.58509772,14.90228013
21-01-2022,SBI,37.8683,6.62,326726.83,100,0,36.51262215,48.58509772,14.90228013
24-01-2022,SBI,37.8813,6.652,326726.83,100,0,36.51262215,48.58509772,14.90228013
25-01-2022,SBI,37.8854,6.662,326726.83,100,0,36.51262215,48.58509772,14.90228013
27-01-2022,SBI,37.8835,6.746,326726.83,100,0,36.51262215,48.58509772,14.90228013
28-01-2022,SBI,37.885,6.768,326726.83,100,0,36.51262215,48.58509772,14.90228013
31-01-2022,SBI,37.9206,6.684,326726.83,100,0,36.51262215,48.58509772,14.90228013
01-02-2022,SBI,37.8738,6.828,323076.09,100,0,34.7643872,52.19257896,13.04303383
02-02-2022,SBI,37.8498,6.88,323076.09,100,0,34.7643872,52.19257896,13.04303383
03-02-2022,SBI,37.8588,6.889,323076.09,100,0,34.7643872,52.19257896,13.04303383
04-02-2022,SBI,37.8598,6.879,323076.09,100,0,34.7643872,52.19257896,13.04303383
08-02-2022,SBI,37.913,6.81,323076.09,100,0,34.7643872,52.19257896,13.04303383
09-02-2022,SBI,37.928,6.798,323076.09,100,0,34.7643872,52.19257896,13.04303383
10-02-2022,SBI,37.9911,6.725,323076.09,100,0,34.7643872,52.19257896,13.04303383
11-02-2022,SBI,38.0157,6.698,323076.09,100,0,34.7643872,52.19257896,13.04303383
14-02-2022,SBI,38.0437,6.667,323076.09,100,0,34.7643872,52.19257896,13.04303383
15-02-2022,SBI,38.046,6.673,323076.09,100,0,34.7643872,52.19257896,13.04303383
16-02-2022,SBI,38.0476,6.686,323076.09,100,0,34.7643872,52.19257896,13.04303383
17-02-2022,SBI,38.0557,6.674,323076.09,100,0,34.7643872,52.19257896,13.04303383
18-02-2022,SBI,38.0632,6.663,323076.09,100,0,34.7643872,52.19257896,13.04303383
21-02-2022,SBI,38.0722,6.693,323076.09,100,0,34.7643872,52.19257896,13.04303383
22-02-2022,SBI,38.064,6.749,323076.09,100,0,34.7643872,52.19257896,13.04303383
23-02-2022,SBI,38.0748,6.739,323076.09,100,0,34.7643872,52.19257896,13.04303383
24-02-2022,SBI,38.0758,6.759,323076.09,100,0,34.7643872,52.19257896,13.04303383
25-02-2022,SBI,38.0803,6.749,323076.09,100,0,34.7643872,52.19257896,13.04303383
28-02-2022,SBI,38.0888,6.77,323076.09,100,0,34.7643872,52.19257896,13.04303383
02-03-2022,SBI,38.0794,6.814,319111.14,100,0,31.33015368,43.80498145,24.86486486
03-03-2022,SBI,38.0599,6.826,319111.14,100,0,31.33015368,43.80498145,24.86486486
04-03-2022,SBI,38.0734,6.813,319111.14,100,0,31.33015368,43.80498145,24.86486486
07-03-2022,SBI,38.0573,6.888,319111.14,100,0,31.33015368,43.80498145,24.86486486
08-03-2022,SBI,38.0659,6.895,319111.14,100,0,31.33015368,43.80498145,24.86486486
09-03-2022,SBI,38.0711,6.845,319111.14,100,0,31.33015368,43.80498145,24.86486486
10-03-2022,SBI,38.0908,6.809,319111.14,100,0,31.33015368,43.80498145,24.86486486
11-03-2022,SBI,38.086,6.855,319111.14,100,0,31.33015368,43.80498145,24.86486486
14-03-2022,SBI,38.1065,6.854,319111.14,100,0,31.33015368,43.80498145,24.86486486
15-03-2022,SBI,38.1416,6.821,319111.14,100,0,31.33015368,43.80498145,24.86486486
16-03-2022,SBI,38.1388,6.788,319111.14,100,0,31.33015368,43.80498145,24.86486486
17-03-2022,SBI,38.1577,6.778,319111.14,100,0,31.33015368,43.80498145,24.86486486
21-03-2022,SBI,38.179,6.781,319111.14,100,0,31.33015368,43.80498145,24.86486486
22-03-2022,SBI,38.1683,6.831,319111.14,100,0,31.33015368,43.80498145,24.86486486
23-03-2022,SBI,38.1757,6.831,319111.14,100,0,31.33015368,43.80498145,24.86486486
24-03-2022,SBI,38.1771,6.834,319111.14,100,0,31.33015368,43.80498145,24.86486486
25-03-2022,SBI,38.1927,6.811,319111.14,100,0,31.33015368,43.80498145,24.86486486
28-03-2022,SBI,38.2039,6.836,319111.14,100,0,31.33015368,43.80498145,24.86486486
29-03-2022,SBI,38.2122,6.821,319111.14,100,0,31.33015368,43.80498145,24.86486486
30-03-2022,SBI,38.226,6.784,319111.14,100,0,31.33015368,43.80498145,24.86486486
31-03-2022,SBI,38.2394,6.843,319111.14,100,0,31.33015368,43.80498145,24.86486486
04-04-2022,SBI,38.2625,6.898,313124.91,100,0,44.84062117,43.00163465,12.15774418
05-04-2022,SBI,38.2604,6.899,313124.91,100,0,44.84062117,43.00163465,12.15774418
06-04-2022,SBI,38.2686,6.917,313124.91,100,0,44.84062117,43.00163465,12.15774418
07-04-2022,SBI,38.2748,6.914,313124.91,100,0,44.84062117,43.00163465,12.15774418
08-04-2022,SBI,38.2031,7.119,313124.91,100,0,44.84062117,43.00163465,12.15774418
11-04-2022,SBI,38.19,7.149,313124.91,100,0,44.84062117,43.00163465,12.15774418
12-04-2022,SBI,38.1964,7.189,313124.91,100,0,44.84062117,43.00163465,12.15774418
13-04-2022,SBI,38.1624,7.215,313124.91,100,0,44.84062117,43.00163465,12.15774418
18-04-2022,SBI,38.2015,7.153,313124.91,100,0,44.84062117,43.00163465,12.15774418
19-04-2022,SBI,38.2143,7.151,313124.91,100,0,44.84062117,43.00163465,12.15774418
20-04-2022,SBI,38.2297,7.105,313124.91,100,0,44.84062117,43.00163465,12.15774418
21-04-2022,SBI,38.2398,7.144,313124.91,100,0,44.84062117,43.00163465,12.15774418
22-04-2022,SBI,38.2496,7.167,313124.91,100,0,44.84062117,43.00163465,12.15774418
25-04-2022,SBI,38.2645,7.043,313124.91,100,0,44.84062117,43.00163465,12.15774418
26-04-2022,SBI,38.2712,7.053,313124.91,100,0,44.84062117,43.00163465,12.15774418
27-04-2022,SBI,38.2781,7.083,313124.91,100,0,44.84062117,43.00163465,12.15774418
28-04-2022,SBI,38.2776,7.155,313124.91,100,0,44.84062117,43.00163465,12.15774418
29-04-2022,SBI,38.2808,7.139,313124.91,100,0,44.84062117,43.00163465,12.15774418
02-05-2022,SBI,38.3147,7.119,303454,100,0,41.97481907,42.7282641,15.29691682
04-05-2022,SBI,38.0824,7.378,303454,100,0,41.97481907,42.7282641,15.29691682
05-05-2022,SBI,38.0659,7.403,303454,100,0,41.97481907,42.7282641,15.29691682
06-05-2022,SBI,38.0377,7.451,303454,100,0,41.97481907,42.7282641,15.29691682
09-05-2022,SBI,38.0527,7.465,303454,100,0,41.97481907,42.7282641,15.29691682
10-05-2022,SBI,38.0649,7.301,303454,100,0,41.97481907,42.7282641,15.29691682
11-05-2022,SBI,38.0684,7.215,303454,100,0,41.97481907,42.7282641,15.29691682
12-05-2022,SBI,38.0727,7.244,303454,100,0,41.97481907,42.7282641,15.29691682
13-05-2022,SBI,38.0589,7.318,303454,100,0,41.97481907,42.7282641,15.29691682
17-05-2022,SBI,38.0902,7.366,303454,100,0,41.97481907,42.7282641,15.29691682
18-05-2022,SBI,38.0927,7.355,303454,100,0,41.97481907,42.7282641,15.29691682
19-05-2022,SBI,38.1076,7.32,303454,100,0,41.97481907,42.7282641,15.29691682
20-05-2022,SBI,38.1087,7.359,303454,100,0,41.97481907,42.7282641,15.29691682
23-05-2022,SBI,38.1331,7.386,303454,100,0,41.97481907,42.7282641,15.29691682
24-05-2022,SBI,38.1474,7.359,303454,100,0,41.97481907,42.7282641,15.29691682
25-05-2022,SBI,38.1567,7.305,303454,100,0,41.97481907,42.7282641,15.29691682
26-05-2022,SBI,38.1579,7.294,303454,100,0,41.97481907,42.7282641,15.29691682
27-05-2022,SBI,38.168,7.35,303454,100,0,41.97481907,42.7282641,15.29691682
30-05-2022,SBI,38.1757,7.409,303454,100,0,41.97481907,42.7282641,15.29691682
31-05-2022,SBI,38.1646,7.415,303454,100,0,41.97481907,42.7282641,15.29691682
01-06-2022,SBI,38.1633,7.414,298678.75,100,0,43.87891226,43.01693176,13.10415598
02-06-2022,SBI,38.1726,7.434,298678.75,100,0,43.87891226,43.01693176,13.10415598
03-06-2022,SBI,38.1608,7.456,298678.75,100,0,43.87891226,43.01693176,13.10415598
06-06-2022,SBI,38.1543,7.5,298678.75,100,0,43.87891226,43.01693176,13.10415598
07-06-2022,SBI,38.1231,7.518,298678.75,100,0,43.87891226,43.01693176,13.10415598
08-06-2022,SBI,38.17,7.494,298678.75,100,0,43.87891226,43.01693176,13.10415598
09-06-2022,SBI,38.1835,7.496,298678.75,100,0,43.87891226,43.01693176,13.10415598
10-06-2022,SBI,38.2001,7.519,298678.75,100,0,43.87891226,43.01693176,13.10415598
13-06-2022,SBI,38.1991,7.604,298678.75,100,0,43.87891226,43.01693176,13.10415598
14-06-2022,SBI,38.1906,7.581,298678.75,100,0,43.87891226,43.01693176,13.10415598
15-06-2022,SBI,38.1871,7.592,298678.75,100,0,43.87891226,43.01693176,13.10415598
16-06-2022,SBI,38.1813,7.617,298678.75,100,0,43.87891226,43.01693176,13.10415598
17-06-2022,SBI,38.186,7.546,298678.75,100,0,43.87891226,43.01693176,13.10415598
20-06-2022,SBI,38.2218,7.427,298678.75,100,0,43.87891226,43.01693176,13.10415598
21-06-2022,SBI,38.2285,7.482,298678.75,100,0,43.87891226,43.01693176,13.10415598
22-06-2022,SBI,38.2455,7.396,298678.75,100,0,43.87891226,43.01693176,13.10415598
23-06-2022,SBI,38.2522,7.419,298678.75,100,0,43.87891226,43.01693176,13.10415598
24-06-2022,SBI,38.2536,7.444,298678.75,100,0,43.87891226,43.01693176,13.10415598
27-06-2022,SBI,38.2857,7.407,298678.75,100,0,43.87891226,43.01693176,13.10415598
28-06-2022,SBI,38.2745,7.466,298678.75,100,0,43.87891226,43.01693176,13.10415598
29-06-2022,SBI,38.2858,7.459,298678.75,100,0,43.87891226,43.01693176,13.10415598
30-06-2022,SBI,38.2897,7.45,298678.75,100,0,43.87891226,43.01693176,13.10415598
01-07-2022,SBI,38.3228,7.424,296361.58,100,0,43.81127451,44.31168301,11.87704248
04-07-2022,SBI,38.3582,7.374,296361.58,100,0,43.81127451,44.31168301,11.87704248
05-07-2022,SBI,38.362,7.391,296361.58,100,0,43.81127451,44.31168301,11.87704248
06-07-2022,SBI,38.4169,7.294,296361.58,100,0,43.81127451,44.31168301,11.87704248
07-07-2022,SBI,38.4053,7.354,296361.58,100,0,43.81127451,44.31168301,11.87704248
08-07-2022,SBI,38.4238,7.415,296361.58,100,0,43.81127451,44.31168301,11.87704248
11-07-2022,SBI,38.4401,7.427,296361.58,100,0,43.81127451,44.31168301,11.87704248
12-07-2022,SBI,38.439,7.391,296361.58,100,0,43.81127451,44.31168301,11.87704248
13-07-2022,SBI,38.4655,7.337,296361.58,100,0,43.81127451,44.31168301,11.87704248
14-07-2022,SBI,38.4655,7.384,296361.58,100,0,43.81127451,44.31168301,11.87704248
15-07-2022,SBI,38.4651,7.438,296361.58,100,0,43.81127451,44.31168301,11.87704248
18-07-2022,SBI,38.4765,7.437,296361.58,100,0,43.81127451,44.31168301,11.87704248
19-07-2022,SBI,38.4878,7.434,296361.58,100,0,43.81127451,44.31168301,11.87704248
20-07-2022,SBI,38.4913,7.449,296361.58,100,0,43.81127451,44.31168301,11.87704248
21-07-2022,SBI,38.4864,7.44,296361.58,100,0,43.81127451,44.31168301,11.87704248
22-07-2022,SBI,38.4952,7.414,296361.58,100,0,43.81127451,44.31168301,11.87704248
25-07-2022,SBI,38.5199,7.391,296361.58,100,0,43.81127451,44.31168301,11.87704248
26-07-2022,SBI,38.5107,7.367,296361.58,100,0,43.81127451,44.31168301,11.87704248
27-07-2022,SBI,38.5177,7.338,296361.58,100,0,43.81127451,44.31168301,11.87704248
28-07-2022,SBI,38.5285,7.332,296361.58,100,0,43.81127451,44.31168301,11.87704248
29-07-2022,SBI,38.5345,7.32,296361.58,100,0,43.81127451,44.31168301,11.87704248
01-08-2022,SBI,38.583,7.24,295239.03,100,0,35.90765145,46.24578609,17.84656247
02-08-2022,SBI,38.6045,7.196,295239.03,100,0,35.90765145,46.24578609,17.84656247
03-08-2022,SBI,38.6446,7.242,295239.03,100,0,35.90765145,46.24578609,17.84656247
04-08-2022,SBI,38.6629,7.157,295239.03,100,0,35.90765145,46.24578609,17.84656247
05-08-2022,SBI,38.6376,7.3,295239.03,100,0,35.90765145,46.24578609,17.84656247
08-08-2022,SBI,38.6598,7.348,295239.03,100,0,35.90765145,46.24578609,17.84656247
10-08-2022,SBI,38.6809,7.31,295239.03,100,0,35.90765145,46.24578609,17.84656247
11-08-2022,SBI,38.6953,7.267,295239.03,100,0,35.90765145,46.24578609,17.84656247
12-08-2022,SBI,38.7062,7.289,295239.03,100,0,35.90765145,46.24578609,17.84656247
17-08-2022,SBI,38.7587,7.182,295239.03,100,0,35.90765145,46.24578609,17.84656247
18-08-2022,SBI,38.7631,7.242,295239.03,100,0,35.90765145,46.24578609,17.84656247
19-08-2022,SBI,38.7592,7.264,295239.03,100,0,35.90765145,46.24578609,17.84656247
22-08-2022,SBI,38.7817,7.27,295239.03,100,0,35.90765145,46.24578609,17.84656247
23-08-2022,SBI,38.788,7.281,295239.03,100,0,35.90765145,46.24578609,17.84656247
24-08-2022,SBI,38.7918,7.286,295239.03,100,0,35.90765145,46.24578609,17.84656247
25-08-2022,SBI,38.7773,7.292,295239.03,100,0,35.90765145,46.24578609,17.84656247
26-08-2022,SBI,38.7944,7.217,295239.03,100,0,35.90765145,46.24578609,17.84656247
29-08-2022,SBI,38.8197,7.253,295239.03,100,0,35.90765145,46.24578609,17.84656247
30-08-2022,SBI,38.8358,7.188,295239.03,100,0,35.90765145,46.24578609,17.84656247
01-09-2022,SBI,38.8482,7.215,291655.27,100,0,36.76635705,48.3719506,14.86169235
02-09-2022,SBI,38.8435,7.232,291655.27,100,0,36.76635705,48.3719506,14.86169235
05-09-2022,SBI,38.8799,7.218,291655.27,100,0,36.76635705,48.3719506,14.86169235
06-09-2022,SBI,38.8866,7.179,291655.27,100,0,36.76635705,48.3719506,14.86169235
07-09-2022,SBI,38.8915,7.185,291655.27,100,0,36.76635705,48.3719506,14.86169235
08-09-2022,SBI,38.9161,7.135,291655.27,100,0,36.76635705,48.3719506,14.86169235
09-09-2022,SBI,38.9209,7.167,291655.27,100,0,36.76635705,48.3719506,14.86169235
12-09-2022,SBI,38.9325,7.181,291655.27,100,0,36.76635705,48.3719506,14.86169235
13-09-2022,SBI,38.9525,7.108,291655.27,100,0,36.76635705,48.3719506,14.86169235
14-09-2022,SBI,38.9368,7.155,291655.27,100,0,36.76635705,48.3719506,14.86169235
15-09-2022,SBI,38.923,7.238,291655.27,100,0,36.76635705,48.3719506,14.86169235
16-09-2022,SBI,38.897,7.266,291655.27,100,0,36.76635705,48.3719506,14.86169235
19-09-2022,SBI,38.9197,7.277,291655.27,100,0,36.76635705,48.3719506,14.86169235
20-09-2022,SBI,38.914,7.294,291655.27,100,0,36.76635705,48.3719506,14.86169235
21-09-2022,SBI,38.9134,7.233,291655.27,100,0,36.76635705,48.3719506,14.86169235
22-09-2022,SBI,38.9002,7.312,291655.27,100,0,36.76635705,48.3719506,14.86169235
23-09-2022,SBI,38.8727,7.393,291655.27,100,0,36.76635705,48.3719506,14.86169235
26-09-2022,SBI,38.8751,7.359,291655.27,100,0,36.76635705,48.3719506,14.86169235
27-09-2022,SBI,38.8865,7.292,291655.27,100,0,36.76635705,48.3719506,14.86169235
28-09-2022,SBI,38.8877,7.333,291655.27,100,0,36.76635705,48.3719506,14.86169235
29-09-2022,SBI,38.9287,7.34,291655.27,100,0,36.76635705,48.3719506,14.86169235
30-09-2022,SBI,38.943,7.398,291655.27,100,0,36.76635705,48.3719506,14.86169235
03-10-2022,SBI,38.9746,7.468,287557.49,100,0,34.713539,49.24669468,16.03976632
04-10-2022,SBI,38.9927,7.362,287557.49,100,0,34.713539,49.24669468,16.03976632
06-10-2022,SBI,38.9954,7.454,287557.49,100,0,34.713539,49.24669468,16.03976632
07-10-2022,SBI,38.9869,7.46,287557.49,100,0,34.713539,49.24669468,16.03976632
10-10-2022,SBI,38.9622,7.476,287557.49,100,0,34.713539,49.24669468,16.03976632
11-10-2022,SBI,38.9514,7.426,287557.49,100,0,34.713539,49.24669468,16.03976632
12-10-2022,SBI,38.98,7.435,287557.49,100,0,34.713539,49.24669468,16.03976632
13-10-2022,SBI,38.9922,7.422,287557.49,100,0,34.713539,49.24669468,16.03976632
14-10-2022,SBI,38.9719,7.47,287557.49,100,0,34.713539,49.24669468,16.03976632
17-10-2022,SBI,39.0157,7.407,287557.49,100,0,34.713539,49.24669468,16.03976632
18-10-2022,SBI,39.0364,7.426,287557.49,100,0,34.713539,49.24669468,16.03976632
19-10-2022,SBI,39.0344,7.451,287557.49,100,0,34.713539,49.24669468,16.03976632
20-10-2022,SBI,39.0326,7.476,287557.49,100,0,34.713539,49.24669468,16.03976632
21-10-2022,SBI,39.0259,7.511,287557.49,100,0,34.713539,49.24669468,16.03976632
25-10-2022,SBI,39.0779,7.442,287557.49,100,0,34.713539,49.24669468,16.03976632
27-10-2022,SBI,39.1126,7.412,287557.49,100,0,34.713539,49.24669468,16.03976632
28-10-2022,SBI,39.0972,7.416,287557.49,100,0,34.713539,49.24669468,16.03976632
31-10-2022,SBI,39.1467,7.445,287557.49,100,0,34.713539,49.24669468,16.03976632
01-11-2022,SBI,39.1583,7.396,284407.98,100,0,32.60780287,52.58726899,14.80492813
02-11-2022,SBI,39.1538,7.404,284407.98,100,0,32.60780287,52.58726899,14.80492813
03-11-2022,SBI,39.1714,7.482,284407.98,100,0,32.60780287,52.58726899,14.80492813
04-11-2022,SBI,39.1567,7.469,284407.98,100,0,32.60780287,52.58726899,14.80492813
07-11-2022,SBI,39.1791,7.434,284407.98,100,0,32.60780287,52.58726899,14.80492813
09-11-2022,SBI,39.223,7.387,284407.98,100,0,32.60780287,52.58726899,14.80492813
10-11-2022,SBI,39.2456,7.346,284407.98,100,0,32.60780287,52.58726899,14.80492813
11-11-2022,SBI,39.253,7.307,284407.98,100,0,32.60780287,52.58726899,14.80492813
14-11-2022,SBI,39.2754,7.287,284407.98,100,0,32.60780287,52.58726899,14.80492813
15-11-2022,SBI,39.2892,7.261,284407.98,100,0,32.60780287,52.58726899,14.80492813
16-11-2022,SBI,39.298,7.274,284407.98,100,0,32.60780287,52.58726899,14.80492813
17-11-2022,SBI,39.315,7.281,284407.98,100,0,32.60780287,52.58726899,14.80492813
18-11-2022,SBI,39.3177,7.307,284407.98,100,0,32.60780287,52.58726899,14.80492813
21-11-2022,SBI,39.3353,7.32,284407.98,100,0,32.60780287,52.58726899,14.80492813
22-11-2022,SBI,39.3659,7.285,284407.98,100,0,32.60780287,52.58726899,14.80492813
23-11-2022,SBI,39.3562,7.291,284407.98,100,0,32.60780287,52.58726899,14.80492813
24-11-2022,SBI,39.364,7.255,284407.98,100,0,32.60780287,52.58726899,14.80492813
25-11-2022,SBI,39.3641,7.301,284407.98,100,0,32.60780287,52.58726899,14.80492813
28-11-2022,SBI,39.4074,7.274,284407.98,100,0,32.60780287,52.58726899,14.80492813
29-11-2022,SBI,39.3932,7.279,284407.98,100,0,32.60780287,52.58726899,14.80492813
30-11-2022,SBI,39.4037,7.28,284407.98,100,0,32.60780287,52.58726899,14.80492813
01-12-2022,SBI,39.4251,7.21,283364.61,100,0,35.31393568,51.05666156,13.62940276
02-12-2022,SBI,39.4345,7.221,283364.61,100,0,35.31393568,51.05666156,13.62940276
05-12-2022,SBI,39.4588,7.226,283364.61,100,0,35.31393568,51.05666156,13.62940276
06-12-2022,SBI,39.4587,7.249,283364.61,100,0,35.31393568,51.05666156,13.62940276
07-12-2022,SBI,39.4567,7.269,283364.61,100,0,35.31393568,51.05666156,13.62940276
08-12-2022,SBI,39.4781,7.288,283364.61,100,0,35.31393568,51.05666156,13.62940276
09-12-2022,SBI,39.4839,7.299,283364.61,100,0,35.31393568,51.05666156,13.62940276
12-12-2022,SBI,39.5118,7.294,283364.61,100,0,35.31393568,51.05666156,13.62940276
13-12-2022,SBI,39.5123,7.265,283364.61,100,0,35.31393568,51.05666156,13.62940276
14-12-2022,SBI,39.5294,7.221,283364.61,100,0,35.31393568,51.05666156,13.62940276
15-12-2022,SBI,39.532,7.268,283364.61,100,0,35.31393568,51.05666156,13.62940276
16-12-2022,SBI,39.547,7.281,283364.61,100,0,35.31393568,51.05666156,13.62940276
19-12-2022,SBI,39.5708,7.297,283364.61,100,0,35.31393568,51.05666156,13.62940276
20-12-2022,SBI,39.5613,7.299,283364.61,100,0,35.31393568,51.05666156,13.62940276
21-12-2022,SBI,39.5666,7.287,283364.61,100,0,35.31393568,51.05666156,13.62940276
22-12-2022,SBI,39.5608,7.316,283364.61,100,0,35.31393568,51.05666156,13.62940276
23-12-2022,SBI,39.5646,7.318,283364.61,100,0,35.31393568,51.05666156,13.62940276
26-12-2022,SBI,39.5801,7.319,283364.61,100,0,35.31393568,51.05666156,13.62940276
27-12-2022,SBI,39.6099,7.308,283364.61,100,0,35.31393568,51.05666156,13.62940276
28-12-2022,SBI,39.6116,7.314,283364.61,100,0,35.31393568,51.05666156,13.62940276
29-12-2022,SBI,39.595,7.311,283364.61,100,0,35.31393568,51.05666156,13.62940276
30-12-2022,SBI,39.6206,7.327,283364.61,100,0,35.31393568,51.05666156,13.62940276
02-01-2023,SBI,39.6473,7.34,281600.83,100,0,36.51943283,50.11731103,13.36325615
03-01-2023,SBI,39.6665,7.321,281600.83,100,0,36.51943283,50.11731103,13.36325615
04-01-2023,SBI,39.67,7.321,281600.83,100,0,36.51943283,50.11731103,13.36325615
05-01-2023,SBI,39.6587,7.327,281600.83,100,0,36.51943283,50.11731103,13.36325615
06-01-2023,SBI,39.6512,7.373,281600.83,100,0,36.51943283,50.11731103,13.36325615
09-01-2023,SBI,39.7017,7.342,281600.83,100,0,36.51943283,50.11731103,13.36325615
10-01-2023,SBI,39.7217,7.313,281600.83,100,0,36.51943283,50.11731103,13.36325615
11-01-2023,SBI,39.7307,7.291,281600.83,100,0,36.51943283,50.11731103,13.36325615
12-01-2023,SBI,39.7309,7.286,281600.83,100,0,36.51943283,50.11731103,13.36325615
13-01-2023,SBI,39.7391,7.299,281600.83,100,0,36.51943283,50.11731103,13.36325615
16-01-2023,SBI,39.7446,7.327,281600.83,100,0,36.51943283,50.11731103,13.36325615
17-01-2023,SBI,39.7572,7.333,281600.83,100,0,36.51943283,50.11731103,13.36325615
18-01-2023,SBI,39.7529,7.325,281600.83,100,0,36.51943283,50.11731103,13.36325615
19-01-2023,SBI,39.7625,7.313,281600.83,100,0,36.51943283,50.11731103,13.36325615
20-01-2023,SBI,39.7608,7.347,281600.83,100,0,36.51943283,50.11731103,13.36325615
23-01-2023,SBI,39.7729,7.352,281600.83,100,0,36.51943283,50.11731103,13.36325615
24-01-2023,SBI,39.7765,7.346,281600.83,100,0,36.51943283,50.11731103,13.36325615
25-01-2023,SBI,39.7654,7.347,281600.83,100,0,36.51943283,50.11731103,13.36325615
27-01-2023,SBI,39.7568,7.387,281600.83,100,0,36.51943283,50.11731103,13.36325615
30-01-2023,SBI,39.7811,7.401,281600.83,100,0,36.51943283,50.11731103,13.36325615
31-01-2023,SBI,39.8015,7.343,281600.83,100,0,36.51943283,50.11731103,13.36325615
01-02-2023,SBI,39.8364,7.277,278294.92,100,0,43.3397979,50.70940084,5.950801266
02-02-2023,SBI,39.8445,7.296,278294.92,100,0,43.3397979,50.70940084,5.950801266
03-02-2023,SBI,39.8534,7.277,278294.92,100,0,43.3397979,50.70940084,5.950801266
06-02-2023,SBI,39.8703,7.32,278294.92,100,0,43.3397979,50.70940084,5.950801266
07-02-2023,SBI,39.885,7.309,278294.92,100,0,43.3397979,50.70940084,5.950801266
08-02-2023,SBI,39.8741,7.344,278294.92,100,0,43.3397979,50.70940084,5.950801266
09-02-2023,SBI,39.8615,7.344,278294.92,100,0,43.3397979,50.70940084,5.950801266
10-02-2023,SBI,39.8647,7.363,278294.92,100,0,43.3397979,50.70940084,5.950801266
13-02-2023,SBI,39.8916,7.366,278294.92,100,0,43.3397979,50.70940084,5.950801266
14-02-2023,SBI,39.8949,7.371,278294.92,100,0,43.3397979,50.70940084,5.950801266
15-02-2023,SBI,39.9296,7.347,278294.92,100,0,43.3397979,50.70940084,5.950801266
16-02-2023,SBI,39.9416,7.342,278294.92,100,0,43.3397979,50.70940084,5.950801266
17-02-2023,SBI,39.9184,7.388,278294.92,100,0,43.3397979,50.70940084,5.950801266
20-02-2023,SBI,39.9503,7.37,278294.92,100,0,43.3397979,50.70940084,5.950801266
21-02-2023,SBI,39.9576,7.391,278294.92,100,0,43.3397979,50.70940084,5.950801266
22-02-2023,SBI,39.9435,7.429,278294.92,100,0,43.3397979,50.70940084,5.950801266
23-02-2023,SBI,39.9441,7.391,278294.92,100,0,43.3397979,50.70940084,5.950801266
24-02-2023,SBI,39.9561,7.419,278294.92,100,0,43.3397979,50.70940084,5.950801266
27-02-2023,SBI,39.9581,7.448,278294.92,100,0,43.3397979,50.70940084,5.950801266
28-02-2023,SBI,39.9593,7.457,278294.92,100,0,43.3397979,50.70940084,5.950801266
01-03-2023,SBI,39.9869,7.434,278231.95,100,0,37.86,53.32,8.82
02-03-2023,SBI,39.9854,7.43,278231.95,100,0,37.86,53.32,8.82
03-03-2023,SBI,39.9942,7.416,278231.95,100,0,37.86,53.32,8.82
06-03-2023,SBI,40.0231,7.418,278231.95,100,0,37.86,53.32,8.82
08-03-2023,SBI,40.0214,7.459,278231.95,100,0,37.86,53.32,8.82
09-03-2023,SBI,40.0135,7.441,278231.95,100,0,37.86,53.32,8.82
10-03-2023,SBI,40.0469,7.429,278231.95,100,0,37.86,53.32,8.82
13-03-2023,SBI,40.0941,7.365,278231.95,100,0,37.86,53.32,8.82
14-03-2023,SBI,40.106,7.378,278231.95,100,0,37.86,53.32,8.82
15-03-2023,SBI,40.106,7.363,278231.95,100,0,37.86,53.32,8.82
16-03-2023,SBI,40.1273,7.352,278231.95,100,0,37.86,53.32,8.82
17-03-2023,SBI,40.1258,7.354,278231.95,100,0,37.86,53.32,8.82
20-03-2023,SBI,40.1751,7.334,278231.95,100,0,37.86,53.32,8.82
21-03-2023,SBI,40.174,7.354,278231.95,100,0,37.86,53.32,8.82
23-03-2023,SBI,40.1886,7.345,278231.95,100,0,37.86,53.32,8.82
24-03-2023,SBI,40.2068,7.318,278231.95,100,0,37.86,53.32,8.82
27-03-2023,SBI,40.2168,7.312,278231.95,100,0,37.86,53.32,8.82
28-03-2023,SBI,40.2077,7.321,278231.95,100,0,37.86,53.32,8.82
29-03-2023,SBI,40.2516,7.296,278231.95,100,0,37.86,53.32,8.82
31-03-2023,SBI,40.2817,7.315,278231.95,100,0,37.86,53.32,8.82
03-04-2023,SBI,40.3124,7.315,281894.58,100,0,38.36,54.03,7.61
05-04-2023,SBI,40.9382,7.273,281894.58,100,0,38.36,54.03,7.61
06-04-2023,SBI,41.0092,7.219,281894.58,100,0,38.36,54.03,7.61
10-04-2023,SBI,41.0344,7.227,281894.58,100,0,38.36,54.03,7.61
11-04-2023,SBI,41.0488,7.224,281894.58,100,0,38.36,54.03,7.61
12-04-2023,SBI,41.0572,7.213,281894.58,100,0,38.36,54.03,7.61
13-04-2023,SBI,41.0621,7.229,281894.58,100,0,38.36,54.03,7.61
17-04-2023,SBI,41.0869,7.247,281894.58,100,0,38.36,54.03,7.61
18-04-2023,SBI,41.1045,7.221,281894.58,100,0,38.36,54.03,7.61
19-04-2023,SBI,41.1176,7.227,281894.58,100,0,38.36,54.03,7.61
20-04-2023,SBI,41.123,7.22,281894.58,100,0,38.36,54.03,7.61
21-04-2023,SBI,41.1384,7.185,281894.58,100,0,38.36,54.03,7.61
24-04-2023,SBI,41.1745,7.111,281894.58,100,0,38.36,54.03,7.61
25-04-2023,SBI,41.1765,7.11,281894.58,100,0,38.36,54.03,7.61
26-04-2023,SBI,41.2029,7.116,281894.58,100,0,38.36,54.03,7.61
27-04-2023,SBI,41.2007,7.097,281894.58,100,0,38.36,54.03,7.61
28-04-2023,SBI,41.2142,7.116,281894.58,100,0,38.36,54.03,7.61
02-05-2023,SBI,41.2413,7.106,280578.02,100,0,35.9,55.53,8.57
03-05-2023,SBI,41.268,7.011,280578.02,100,0,35.9,55.53,8.57
04-05-2023,SBI,41.2786,7.014,280578.02,100,0,35.9,55.53,8.57
08-05-2023,SBI,41.3062,7.047,280578.02,100,0,35.9,55.53,8.57
09-05-2023,SBI,41.3002,7.046,280578.02,100,0,35.9,55.53,8.57
10-05-2023,SBI,41.3348,7.036,280578.02,100,0,35.9,55.53,8.57
11-05-2023,SBI,41.3545,7.023,280578.02,100,0,35.9,55.53,8.57
12-05-2023,SBI,41.3288,6.995,280578.02,100,0,35.9,55.53,8.57
15-05-2023,SBI,41.3605,7.001,280578.02,100,0,35.9,55.53,8.57
16-05-2023,SBI,41.3979,6.963,280578.02,100,0,35.9,55.53,8.57
17-05-2023,SBI,41.406,6.972,280578.02,100,0,35.9,55.53,8.57
18-05-2023,SBI,41.4241,6.983,280578.02,100,0,35.9,55.53,8.57
19-05-2023,SBI,41.4314,7.004,280578.02,100,0,35.9,55.53,8.57
22-05-2023,SBI,41.4743,6.985,280578.02,100,0,35.9,55.53,8.57
23-05-2023,SBI,41.4638,7.016,280578.02,100,0,35.9,55.53,8.57
24-05-2023,SBI,41.4801,6.99,280578.02,100,0,35.9,55.53,8.57
25-05-2023,SBI,41.4861,7.007,280578.02,100,0,35.9,55.53,8.57
26-05-2023,SBI,41.4815,7.003,280578.02,100,0,35.9,55.53,8.57
29-05-2023,SBI,41.4982,7.024,280578.02,100,0,35.9,55.53,8.57
30-05-2023,SBI,41.507,7.011,280578.02,100,0,35.9,55.53,8.57
31-05-2023,SBI,41.5264,6.989,280578.02,100,0,35.9,55.53,8.57
01-06-2023,SBI,41.5452,6.979,277304.49,100,0,37.37,53.3,9.33
02-06-2023,SBI,41.5543,6.984,277304.49,100,0,37.37,53.3,9.33
05-06-2023,SBI,41.5579,6.997,277304.49,100,0,37.37,53.3,9.33
06-06-2023,SBI,41.5695,6.977,277304.49,100,0,37.37,53.3,9.33
07-06-2023,SBI,41.5791,6.982,277304.49,100,0,37.37,53.3,9.33
08-06-2023,SBI,41.5718,7.021,277304.49,100,0,37.37,53.3,9.33
09-06-2023,SBI,41.5661,7.039,277304.49,100,0,37.37,53.3,9.33
12-06-2023,SBI,41.5888,7.016,277304.49,100,0,37.37,53.3,9.33
13-06-2023,SBI,41.6027,7.002,277304.49,100,0,37.37,53.3,9.33
14-06-2023,SBI,41.6079,7.011,277304.49,100,0,37.37,53.3,9.33
15-06-2023,SBI,41.6101,7.036,277304.49,100,0,37.37,53.3,9.33
16-06-2023,SBI,41.6231,7.034,277304.49,100,0,37.37,53.3,9.33
19-06-2023,SBI,41.6384,7.053,277304.49,100,0,37.37,53.3,9.33
20-06-2023,SBI,41.6449,7.059,277304.49,100,0,37.37,53.3,9.33
21-06-2023,SBI,41.6391,7.067,277304.49,100,0,37.37,53.3,9.33
22-06-2023,SBI,41.6561,7.086,277304.49,100,0,37.37,53.3,9.33
23-06-2023,SBI,41.6629,7.074,277304.49,100,0,37.37,53.3,9.33
26-06-2023,SBI,41.6839,7.066,277304.49,100,0,37.37,53.3,9.33
27-06-2023,SBI,41.6868,7.063,277304.49,100,0,37.37,53.3,9.33
28-06-2023,SBI,41.7055,7.056,277304.49,100,0,37.37,53.3,9.33
30-06-2023,SBI,41.7056,7.11,277304.49,100,0,37.37,53.3,9.33
03-07-2023,SBI,41.7226,7.117,276115.65,100,0,41.74598301,49.55480504,8.699211954
04-07-2023,SBI,41.7323,7.119,276115.65,100,0,41.74598301,49.55480504,8.699211954
05-07-2023,SBI,41.7515,7.105,276115.65,100,0,41.74598301,49.55480504,8.699211954
06-07-2023,SBI,41.7508,7.147,276115.65,100,0,41.74598301,49.55480504,8.699211954
07-07-2023,SBI,41.7563,7.159,276115.65,100,0,41.74598301,49.55480504,8.699211954
10-07-2023,SBI,41.7819,7.149,276115.65,100,0,41.74598301,49.55480504,8.699211954
11-07-2023,SBI,41.8078,7.095,276115.65,100,0,41.74598301,49.55480504,8.699211954
12-07-2023,SBI,41.8065,7.118,276115.65,100,0,41.74598301,49.55480504,8.699211954
13-07-2023,SBI,41.8325,7.071,276115.65,100,0,41.74598301,49.55480504,8.699211954
14-07-2023,SBI,41.8411,7.089,276115.65,100,0,41.74598301,49.55480504,8.699211954
17-07-2023,SBI,41.8777,7.074,276115.65,100,0,41.74598301,49.55480504,8.699211954
18-07-2023,SBI,41.8862,7.058,276115.65,100,0,41.74598301,49.55480504,8.699211954
19-07-2023,SBI,41.8991,7.072,276115.65,100,0,41.74598301,49.55480504,8.699211954
20-07-2023,SBI,41.9091,7.083,276115.65,100,0,41.74598301,49.55480504,8.699211954
21-07-2023,SBI,41.9106,7.087,276115.65,100,0,41.74598301,49.55480504,8.699211954
24-07-2023,SBI,41.9331,7.071,276115.65,100,0,41.74598301,49.55480504,8.699211954
25-07-2023,SBI,41.9201,7.1,276115.65,100,0,41.74598301,49.55480504,8.699211954
26-07-2023,SBI,41.9339,7.096,276115.65,100,0,41.74598301,49.55480504,8.699211954
27-07-2023,SBI,41.9433,7.12,276115.65,100,0,41.74598301,49.55480504,8.699211954
28-07-2023,SBI,41.9253,7.161,276115.65,100,0,41.74598301,49.55480504,8.699211954
31-07-2023,SBI,41.9459,7.172,276115.65,100,0,41.74598301,49.55480504,8.699211954
01-08-2023,SBI,41.9669,7.156,273383.88,100,0,35.22180104,54.36942936,10.40876959
02-08-2023,SBI,41.9801,7.154,273383.88,100,0,35.22180104,54.36942936,10.40876959
03-08-2023,SBI,41.9765,7.194,273383.88,100,0,35.22180104,54.36942936,10.40876959
04-08-2023,SBI,41.9798,7.193,273383.88,100,0,35.22180104,54.36942936,10.40876959
07-08-2023,SBI,42.0084,7.197,273383.88,100,0,35.22180104,54.36942936,10.40876959
08-08-2023,SBI,42.0059,7.168,273383.88,100,0,35.22180104,54.36942936,10.40876959
09-08-2023,SBI,42.0098,7.178,273383.88,100,0,35.22180104,54.36942936,10.40876959
10-08-2023,SBI,42.021,7.154,273383.88,100,0,35.22180104,54.36942936,10.40876959
11-08-2023,SBI,42.0329,7.198,273383.88,100,0,35.22180104,54.36942936,10.40876959
14-08-2023,SBI,42.0532,7.209,273383.88,100,0,35.22180104,54.36942936,10.40876959
17-08-2023,SBI,42.0378,7.25,273383.88,100,0,35.22180104,54.36942936,10.40876959
18-08-2023,SBI,42.0599,7.214,273383.88,100,0,35.22180104,54.36942936,10.40876959
21-08-2023,SBI,42.0882,7.22,273383.88,100,0,35.22180104,54.36942936,10.40876959
22-08-2023,SBI,42.0867,7.218,273383.88,100,0,35.22180104,54.36942936,10.40876959
23-08-2023,SBI,42.1067,7.194,273383.88,100,0,35.22180104,54.36942936,10.40876959
24-08-2023,SBI,42.1249,7.193,273383.88,100,0,35.22180104,54.36942936,10.40876959
25-08-2023,SBI,42.1394,7.206,273383.88,100,0,35.22180104,54.36942936,10.40876959
28-08-2023,SBI,42.1798,7.178,273383.88,100,0,35.22180104,54.36942936,10.40876959
29-08-2023,SBI,42.177,7.18,273383.88,100,0,35.22180104,54.36942936,10.40876959
30-08-2023,SBI,42.1837,7.185,273383.88,100,0,35.22180104,54.36942936,10.40876959
31-08-2023,SBI,42.1946,7.166,273383.88,100,0,35.22180104,54.36942936,10.40876959
01-09-2023,SBI,42.1972,7.175,271736.45,100,0,32.59691112,53.52357574,13.87951314
04-09-2023,SBI,42.2244,7.204,271736.45,100,0,32.59691112,53.52357574,13.87951314
05-09-2023,SBI,42.2335,7.206,271736.45,100,0,32.59691112,53.52357574,13.87951314
06-09-2023,SBI,42.2261,7.21,271736.45,100,0,32.59691112,53.52357574,13.87951314
07-09-2023,SBI,42.2523,7.173,271736.45,100,0,32.59691112,53.52357574,13.87951314
08-09-2023,SBI,42.247,7.199,271736.45,100,0,32.59691112,53.52357574,13.87951314
11-09-2023,SBI,42.2591,7.209,271736.45,100,0,32.59691112,53.52357574,13.87951314
12-09-2023,SBI,42.2534,7.203,271736.45,100,0,32.59691112,53.52357574,13.87951314
13-09-2023,SBI,42.2797,7.172,271736.45,100,0,32.59691112,53.52357574,13.87951314
14-09-2023,SBI,42.3181,7.101,271736.45,100,0,32.59691112,53.52357574,13.87951314
15-09-2023,SBI,42.3057,7.158,271736.45,100,0,32.59691112,53.52357574,13.87951314
18-09-2023,SBI,42.3292,7.149,271736.45,100,0,32.59691112,53.52357574,13.87951314
20-09-2023,SBI,42.3529,7.153,271736.45,100,0,32.59691112,53.52357574,13.87951314
21-09-2023,SBI,42.395,7.136,271736.45,100,0,32.59691112,53.52357574,13.87951314
22-09-2023,SBI,42.3968,7.15,271736.45,100,0,32.59691112,53.52357574,13.87951314
25-09-2023,SBI,42.4208,7.15,271736.45,100,0,32.59691112,53.52357574,13.87951314
26-09-2023,SBI,42.4219,7.146,271736.45,100,0,32.59691112,53.52357574,13.87951314
27-09-2023,SBI,42.4261,7.173,271736.45,100,0,32.59691112,53.52357574,13.87951314
29-09-2023,SBI,42.4277,7.21,271736.45,100,0,32.59691112,53.52357574,13.87951314
03-10-2023,SBI,42.4503,7.235,268861.24,100,0,35.78612479,56.13711002,8.076765189
04-10-2023,SBI,42.4549,7.238,268861.24,100,0,35.78612479,56.13711002,8.076765189
05-10-2023,SBI,42.4821,7.214,268861.24,100,0,35.78612479,56.13711002,8.076765189
06-10-2023,SBI,42.4192,7.339,268861.24,100,0,35.78612479,56.13711002,8.076765189
09-10-2023,SBI,42.4182,7.386,268861.24,100,0,35.78612479,56.13711002,8.076765189
10-10-2023,SBI,42.4421,7.351,268861.24,100,0,35.78612479,56.13711002,8.076765189
11-10-2023,SBI,42.4675,7.307,268861.24,100,0,35.78612479,56.13711002,8.076765189
12-10-2023,SBI,42.4787,7.302,268861.24,100,0,35.78612479,56.13711002,8.076765189
13-10-2023,SBI,42.4844,7.32,268861.24,100,0,35.78612479,56.13711002,8.076765189
16-10-2023,SBI,42.5052,7.333,268861.24,100,0,35.78612479,56.13711002,8.076765189
17-10-2023,SBI,42.5082,7.328,268861.24,100,0,35.78612479,56.13711002,8.076765189
18-10-2023,SBI,42.5162,7.353,268861.24,100,0,35.78612479,56.13711002,8.076765189
19-10-2023,SBI,42.5171,7.369,268861.24,100,0,35.78612479,56.13711002,8.076765189
20-10-2023,SBI,42.52,7.365,268861.24,100,0,35.78612479,56.13711002,8.076765189
23-10-2023,SBI,42.5361,7.382,268861.24,100,0,35.78612479,56.13711002,8.076765189
25-10-2023,SBI,42.5672,7.343,268861.24,100,0,35.78612479,56.13711002,8.076765189
26-10-2023,SBI,42.5644,7.366,268861.24,100,0,35.78612479,56.13711002,8.076765189
27-10-2023,SBI,42.5769,7.351,268861.24,100,0,35.78612479,56.13711002,8.076765189
30-10-2023,SBI,42.5952,7.369,268861.24,100,0,35.78612479,56.13711002,8.076765189
31-10-2023,SBI,42.607,7.351,268861.24,100,0,35.78612479,56.13711002,8.076765189
01-11-2023,SBI,42.5758,7.358,266121.01,100,0,36.71041838,56.36792453,6.921657096
02-11-2023,SBI,42.5979,7.322,266121.01,100,0,36.71041838,56.36792453,6.921657096
03-11-2023,SBI,42.6151,7.317,266121.01,100,0,36.71041838,56.36792453,6.921657096
06-11-2023,SBI,42.6384,7.305,266121.01,100,0,36.71041838,56.36792453,6.921657096
07-11-2023,SBI,42.6613,7.28,266121.01,100,0,36.71041838,56.36792453,6.921657096
08-11-2023,SBI,42.6762,7.266,266121.01,100,0,36.71041838,56.36792453,6.921657096
09-11-2023,SBI,42.7256,7.269,266121.01,100,0,36.71041838,56.36792453,6.921657096
10-11-2023,SBI,42.7253,7.3,266121.01,100,0,36.71041838,56.36792453,6.921657096
13-11-2023,SBI,42.7485,7.283,266121.01,100,0,36.71041838,56.36792453,6.921657096
15-11-2023,SBI,42.8118,7.225,266121.01,100,0,36.71041838,56.36792453,6.921657096
16-11-2023,SBI,42.8208,7.232,266121.01,100,0,36.71041838,56.36792453,6.921657096
17-11-2023,SBI,42.8328,7.212,266121.01,100,0,36.71041838,56.36792453,6.921657096
20-11-2023,SBI,42.8439,7.252,266121.01,100,0,36.71041838,56.36792453,6.921657096
21-11-2023,SBI,42.8285,7.269,266121.01,100,0,36.71041838,56.36792453,6.921657096
22-11-2023,SBI,42.8496,7.247,266121.01,100,0,36.71041838,56.36792453,6.921657096
23-11-2023,SBI,42.8526,7.253,266121.01,100,0,36.71041838,56.36792453,6.921657096
24-11-2023,SBI,42.832,7.272,266121.01,100,0,36.71041838,56.36792453,6.921657096
28-11-2023,SBI,42.8718,7.273,266121.01,100,0,36.71041838,56.36792453,6.921657096
29-11-2023,SBI,42.8887,7.252,266121.01,100,0,36.71041838,56.36792453,6.921657096
30-11-2023,SBI,42.8843,7.279,266121.01,100,0,36.71041838,56.36792453,6.921657096
01-12-2023,SBI,42.8873,7.29,263275.37,100,0,34.22053232,54.92755113,10.85191656
04-12-2023,SBI,42.9273,7.271,263275.37,100,0,34.22053232,54.92755113,10.85191656
05-12-2023,SBI,42.9369,7.262,263275.37,100,0,34.22053232,54.92755113,10.85191656
06-12-2023,SBI,42.9468,7.248,263275.37,100,0,34.22053232,54.92755113,10.85191656
07-12-2023,SBI,42.9582,7.236,263275.37,100,0,34.22053232,54.92755113,10.85191656
08-12-2023,SBI,42.9565,7.266,263275.37,100,0,34.22053232,54.92755113,10.85191656
11-12-2023,SBI,42.9769,7.281,263275.37,100,0,34.22053232,54.92755113,10.85191656
12-12-2023,SBI,42.978,7.275,263275.37,100,0,34.22053232,54.92755113,10.85191656
13-12-2023,SBI,42.9876,7.259,263275.37,100,0,34.22053232,54.92755113,10.85191656
14-12-2023,SBI,43.023,7.194,263275.37,100,0,34.22053232,54.92755113,10.85191656
15-12-2023,SBI,43.0652,7.163,263275.37,100,0,34.22053232,54.92755113,10.85191656
18-12-2023,SBI,43.0982,7.153,263275.37,100,0,34.22053232,54.92755113,10.85191656
19-12-2023,SBI,43.1031,7.171,263275.37,100,0,34.22053232,54.92755113,10.85191656
20-12-2023,SBI,43.1124,7.171,263275.37,100,0,34.22053232,54.92755113,10.85191656
21-12-2023,SBI,43.1193,7.184,263275.37,100,0,34.22053232,54.92755113,10.85191656
22-12-2023,SBI,43.1267,7.188,263275.37,100,0,34.22053232,54.92755113,10.85191656
26-12-2023,SBI,43.1616,7.183,263275.37,100,0,34.22053232,54.92755113,10.85191656
27-12-2023,SBI,43.157,7.205,263275.37,100,0,34.22053232,54.92755113,10.85191656
28-12-2023,SBI,43.1585,7.207,263275.37,100,0,34.22053232,54.92755113,10.85191656
29-12-2023,SBI,43.1884,7.176,263275.37,100,0,34.22053232,54.92755113,10.85191656
01-01-2024,SBI,43.2078,7.196,260127.3,100,0,32.20321302,58.96098477,8.835802212
02-01-2024,SBI,43.2141,7.206,260127.3,100,0,32.20321302,58.96098477,8.835802212
03-01-2024,SBI,43.2157,7.216,260127.3,100,0,32.20321302,58.96098477,8.835802212
04-01-2024,SBI,43.2166,7.22,260127.3,100,0,32.20321302,58.96098477,8.835802212
05-01-2024,SBI,43.2163,7.235,260127.3,100,0,32.20321302,58.96098477,8.835802212
08-01-2024,SBI,43.2535,7.203,260127.3,100,0,32.20321302,58.96098477,8.835802212
09-01-2024,SBI,43.268,7.189,260127.3,100,0,32.20321302,58.96098477,8.835802212
10-01-2024,SBI,43.281,7.178,260127.3,100,0,32.20321302,58.96098477,8.835802212
11-01-2024,SBI,43.2888,7.165,260127.3,100,0,32.20321302,58.96098477,8.835802212
12-01-2024,SBI,43.2989,7.178,260127.3,100,0,32.20321302,58.96098477,8.835802212
15-01-2024,SBI,43.3449,7.148,260127.3,100,0,32.20321302,58.96098477,8.835802212
16-01-2024,SBI,43.3456,7.146,260127.3,100,0,32.20321302,58.96098477,8.835802212
17-01-2024,SBI,43.3492,7.163,260127.3,100,0,32.20321302,58.96098477,8.835802212
18-01-2024,SBI,43.3426,7.178,260127.3,100,0,32.20321302,58.96098477,8.835802212
19-01-2024,SBI,43.3472,7.184,260127.3,100,0,32.20321302,58.96098477,8.835802212
23-01-2024,SBI,43.3835,7.174,260127.3,100,0,32.20321302,58.96098477,8.835802212
24-01-2024,SBI,43.3853,7.181,260127.3,100,0,32.20321302,58.96098477,8.835802212
25-01-2024,SBI,43.3848,7.171,260127.3,100,0,32.20321302,58.96098477,8.835802212
29-01-2024,SBI,43.4257,7.171,260127.3,100,0,32.20321302,58.96098477,8.835802212
30-01-2024,SBI,43.4314,7.155,260127.3,100,0,32.20321302,58.96098477,8.835802212
31-01-2024,SBI,43.4453,7.144,260127.3,100,0,32.20321302,58.96098477,8.835802212
01-02-2024,SBI,43.4948,7.064,255689.38,100,0,29.93839836,61.28336756,8.778234086
02-02-2024,SBI,43.5182,7.05,255689.38,100,0,29.93839836,61.28336756,8.778234086
05-02-2024,SBI,43.5261,7.091,255689.38,100,0,29.93839836,61.28336756,8.778234086
06-02-2024,SBI,43.5326,7.092,255689.38,100,0,29.93839836,61.28336756,8.778234086
07-02-2024,SBI,43.5457,7.074,255689.38,100,0,29.93839836,61.28336756,8.778234086
08-02-2024,SBI,43.5507,7.082,255689.38,100,0,29.93839836,61.28336756,8.778234086
09-02-2024,SBI,43.5493,7.114,255689.38,100,0,29.93839836,61.28336756,8.778234086
12-02-2024,SBI,43.6199,7.097,255689.38,100,0,29.93839836,61.28336756,8.778234086
13-02-2024,SBI,43.6282,7.097,255689.38,100,0,29.93839836,61.28336756,8.778234086
14-02-2024,SBI,43.6244,7.114,255689.38,100,0,29.93839836,61.28336756,8.778234086
15-02-2024,SBI,43.6507,7.085,255689.38,100,0,29.93839836,61.28336756,8.778234086
16-02-2024,SBI,43.6565,7.099,255689.38,100,0,29.93839836,61.28336756,8.778234086
20-02-2024,SBI,43.7014,7.062,255689.38,100,0,29.93839836,61.28336756,8.778234086
21-02-2024,SBI,43.7238,7.045,255689.38,100,0,29.93839836,61.28336756,8.778234086
22-02-2024,SBI,43.7337,7.062,255689.38,100,0,29.93839836,61.28336756,8.778234086
23-02-2024,SBI,43.7351,7.077,255689.38,100,0,29.93839836,61.28336756,8.778234086
26-02-2024,SBI,43.7679,7.063,255689.38,100,0,29.93839836,61.28336756,8.778234086
27-02-2024,SBI,43.7717,7.068,255689.38,100,0,29.93839836,61.28336756,8.778234086
28-02-2024,SBI,43.7833,7.065,255689.38,100,0,29.93839836,61.28336756,8.778234086
29-02-2024,SBI,43.7869,7.078,255689.38,100,0,29.93839836,61.28336756,8.778234086
01-03-2024,SBI,43.7992,7.06,250612.04,100,0,23.70086091,62.47277253,13.82636656
04-03-2024,SBI,43.8287,7.06,250612.04,100,0,23.70086091,62.47277253,13.82636656
05-03-2024,SBI,43.8386,7.057,250612.04,100,0,23.70086091,62.47277253,13.82636656
06-03-2024,SBI,43.8548,7.054,250612.04,100,0,23.70086091,62.47277253,13.82636656
07-03-2024,SBI,43.8727,7.031,250612.04,100,0,23.70086091,62.47277253,13.82636656
11-03-2024,SBI,43.9211,7.014,250612.04,100,0,23.70086091,62.47277253,13.82636656
12-03-2024,SBI,43.9255,7.026,250612.04,100,0,23.70086091,62.47277253,13.82636656
13-03-2024,SBI,43.9307,7.039,250612.04,100,0,23.70086091,62.47277253,13.82636656
14-03-2024,SBI,43.9329,7.041,250612.04,100,0,23.70086091,62.47277253,13.82636656
15-03-2024,SBI,43.94,7.062,250612.04,100,0,23.70086091,62.47277253,13.82636656
18-03-2024,SBI,43.9425,7.087,250612.04,100,0,23.70086091,62.47277253,13.82636656
19-03-2024,SBI,43.9403,7.095,250612.04,100,0,23.70086091,62.47277253,13.82636656
20-03-2024,SBI,43.9509,7.097,250612.04,100,0,23.70086091,62.47277253,13.82636656
21-03-2024,SBI,43.9751,7.05,250612.04,100,0,23.70086091,62.47277253,13.82636656
22-03-2024,SBI,43.972,7.087,250612.04,100,0,23.70086091,62.47277253,13.82636656
26-03-2024,SBI,43.9996,7.089,250612.04,100,0,23.70086091,62.47277253,13.82636656
27-03-2024,SBI,44.0223,7.072,250612.04,100,0,23.70086091,62.47277253,13.82636656
28-03-2024,SBI,44.0766,7.052,250612.04,100,0,23.70086091,62.47277253,13.82636656
31-03-2024,SBI,44.1012,7.052,250612.04,100,0,23.70086091,62.47277253,13.82636656
02-04-2024,SBI,44.0974,7.108,247864.69,100,0,23.55784062,62.15938303,14.28277635
03-04-2024,SBI,44.1037,7.104,247864.69,100,0,23.55784062,62.15938303,14.28277635
04-04-2024,SBI,44.1161,7.094,247864.69,100,0,23.55784062,62.15938303,14.28277635
05-04-2024,SBI,44.1241,7.117,247864.69,100,0,23.55784062,62.15938303,14.28277635
08-04-2024,SBI,44.1313,7.154,247864.69,100,0,23.55784062,62.15938303,14.28277635
10-04-2024,SBI,44.1597,7.116,247864.69,100,0,23.55784062,62.15938303,14.28277635
12-04-2024,SBI,44.1439,7.179,247864.69,100,0,23.55784062,62.15938303,14.28277635
15-04-2024,SBI,44.1709,7.175,247864.69,100,0,23.55784062,62.15938303,14.28277635
16-04-2024,SBI,44.1756,7.193,247864.69,100,0,23.55784062,62.15938303,14.28277635
18-04-2024,SBI,44.1877,7.18,247864.69,100,0,23.55784062,62.15938303,14.28277635
19-04-2024,SBI,44.1706,7.225,247864.69,100,0,23.55784062,62.15938303,14.28277635
22-04-2024,SBI,44.2173,7.192,247864.69,100,0,23.55784062,62.15938303,14.28277635
23-04-2024,SBI,44.2328,7.167,247864.69,100,0,23.55784062,62.15938303,14.28277635
24-04-2024,SBI,44.2306,7.186,247864.69,100,0,23.55784062,62.15938303,14.28277635
25-04-2024,SBI,44.2354,7.204,247864.69,100,0,23.55784062,62.15938303,14.28277635
26-04-2024,SBI,44.2443,7.199,247864.69,100,0,23.55784062,62.15938303,14.28277635
29-04-2024,SBI,44.2703,7.196,247864.69,100,0,23.55784062,62.15938303,14.28277635
30-04-2024,SBI,44.2723,7.195,247864.69,100,0,23.55784062,62.15938303,14.28277635
02-05-2024,SBI,44.3031,7.162,246393.03,100,0,26.08829253,60.87268258,13.03902489
03-05-2024,SBI,44.3233,7.149,246393.03,100,0,26.08829253,60.87268258,13.03902489
06-05-2024,SBI,44.3751,7.108,246393.03,100,0,26.08829253,60.87268258,13.03902489
07-05-2024,SBI,44.3804,7.129,246393.03,100,0,26.08829253,60.87268258,13.03902489
08-05-2024,SBI,44.3902,7.138,246393.03,100,0,26.08829253,60.87268258,13.03902489
09-05-2024,SBI,44.3941,7.135,246393.03,100,0,26.08829253,60.87268258,13.03902489
10-05-2024,SBI,44.4077,7.127,246393.03,100,0,26.08829253,60.87268258,13.03902489
13-05-2024,SBI,44.4398,7.116,246393.03,100,0,26.08829253,60.87268258,13.03902489
14-05-2024,SBI,44.4619,7.109,246393.03,100,0,26.08829253,60.87268258,13.03902489
15-05-2024,SBI,44.4822,7.086,246393.03,100,0,26.08829253,60.87268258,13.03902489
16-05-2024,SBI,44.5012,7.076,246393.03,100,0,26.08829253,60.87268258,13.03902489
17-05-2024,SBI,44.4992,7.095,246393.03,100,0,26.08829253,60.87268258,13.03902489
21-05-2024,SBI,44.5432,7.078,246393.03,100,0,26.08829253,60.87268258,13.03902489
22-05-2024,SBI,44.5717,6.997,246393.03,100,0,26.08829253,60.87268258,13.03902489
24-05-2024,SBI,44.7515,6.998,246393.03,100,0,26.08829253,60.87268258,13.03902489
27-05-2024,SBI,44.7848,6.981,246393.03,100,0,26.08829253,60.87268258,13.03902489
28-05-2024,SBI,44.7804,6.995,246393.03,100,0,26.08829253,60.87268258,13.03902489
29-05-2024,SBI,44.7846,7.008,246393.03,100,0,26.08829253,60.87268258,13.03902489
30-05-2024,SBI,44.7904,7.003,246393.03,100,0,26.08829253,60.87268258,13.03902489
31-05-2024,SBI,44.8044,6.986,246393.03,100,0,26.08829253,60.87268258,13.03902489
03-06-2024,SBI,44.6512,6.947,243386.31,100,0,19.71730001,66.51643962,13.76626037
04-06-2024,SBI,44.5792,7.033,243386.31,100,0,19.71730001,66.51643962,13.76626037
05-06-2024,SBI,44.6088,7.026,243386.31,100,0,19.71730001,66.51643962,13.76626037
06-06-2024,SBI,44.6315,7.015,243386.31,100,0,19.71730001,66.51643962,13.76626037
07-06-2024,SBI,44.6429,7.018,243386.31,100,0,19.71730001,66.51643962,13.76626037
10-06-2024,SBI,44.8688,7.032,243386.31,100,0,19.71730001,66.51643962,13.76626037
11-06-2024,SBI,44.8901,7.014,243386.31,100,0,19.71730001,66.51643962,13.76626037
12-06-2024,SBI,44.8978,7.012,243386.31,100,0,19.71730001,66.51643962,13.76626037
13-06-2024,SBI,44.9259,6.986,243386.31,100,0,19.71730001,66.51643962,13.76626037
14-06-2024,SBI,44.9363,6.984,243386.31,100,0,19.71730001,66.51643962,13.76626037
18-06-2024,SBI,44.9727,6.981,243386.31,100,0,19.71730001,66.51643962,13.76626037
19-06-2024,SBI,44.9894,6.974,243386.31,100,0,19.71730001,66.51643962,13.76626037
20-06-2024,SBI,44.9972,6.976,243386.31,100,0,19.71730001,66.51643962,13.76626037
21-06-2024,SBI,45.0164,6.973,243386.31,100,0,19.71730001,66.51643962,13.76626037
24-06-2024,SBI,45.0479,6.971,243386.31,100,0,19.71730001,66.51643962,13.76626037
25-06-2024,SBI,45.0623,6.983,243386.31,100,0,19.71730001,66.51643962,13.76626037
26-06-2024,SBI,45.0606,6.997,243386.31,100,0,19.71730001,66.51643962,13.76626037
27-06-2024,SBI,45.0672,7,243386.31,100,0,19.71730001,66.51643962,13.76626037
28-06-2024,SBI,45.0774,7.008,243386.31,100,0,19.71730001,66.51643962,13.76626037
30-06-2024,SBI,45.0949,7.008,243386.31,100,0,19.71730001,66.51643962,13.76626037
01-07-2024,SBI,45.098,7.013,240155.14,100,0,22.36165398,64.31804156,13.32030446
02-07-2024,SBI,45.1143,7.009,240155.14,100,0,22.36165398,64.31804156,13.32030446
03-07-2024,SBI,45.1275,7.001,240155.14,100,0,22.36165398,64.31804156,13.32030446
04-07-2024,SBI,45.1333,6.998,240155.14,100,0,22.36165398,64.31804156,13.32030446
05-07-2024,SBI,45.1445,6.993,240155.14,100,0,22.36165398,64.31804156,13.32030446
08-07-2024,SBI,45.1769,6.989,240155.14,100,0,22.36165398,64.31804156,13.32030446
09-07-2024,SBI,45.1864,6.989,240155.14,100,0,22.36165398,64.31804156,13.32030446
10-07-2024,SBI,45.1975,6.976,240155.14,100,0,22.36165398,64.31804156,13.32030446
11-07-2024,SBI,45.2076,6.982,240155.14,100,0,22.36165398,64.31804156,13.32030446
12-07-2024,SBI,45.2148,6.986,240155.14,100,0,22.36165398,64.31804156,13.32030446
15-07-2024,SBI,45.2461,6.981,240155.14,100,0,22.36165398,64.31804156,13.32030446
16-07-2024,SBI,45.2751,6.966,240155.14,100,0,22.36165398,64.31804156,13.32030446
18-07-2024,SBI,45.2884,6.966,240155.14,100,0,22.36165398,64.31804156,13.32030446
19-07-2024,SBI,45.306,6.965,240155.14,100,0,22.36165398,64.31804156,13.32030446
22-07-2024,SBI,45.3352,6.967,240155.14,100,0,22.36165398,64.31804156,13.32030446
23-07-2024,SBI,45.3399,6.97,240155.14,100,0,22.36165398,64.31804156,13.32030446
24-07-2024,SBI,45.3554,6.964,240155.14,100,0,22.36165398,64.31804156,13.32030446
25-07-2024,SBI,45.3722,6.952,240155.14,100,0,22.36165398,64.31804156,13.32030446
26-07-2024,SBI,45.3873,6.94,240155.14,100,0,22.36165398,64.31804156,13.32030446
29-07-2024,SBI,45.4173,6.919,240155.14,100,0,22.36165398,64.31804156,13.32030446
30-07-2024,SBI,45.4178,6.931,240155.14,100,0,22.36165398,64.31804156,13.32030446
31-07-2024,SBI,45.4287,6.924,240155.14,100,0,22.36165398,64.31804156,13.32030446
01-08-2024,SBI,45.4421,6.916,237034.1,100,0,21.45123324,59.84034387,18.70842288
02-08-2024,SBI,45.4593,6.9,237034.1,100,0,21.45123324,59.84034387,18.70842288
05-08-2024,SBI,45.5159,6.86,237034.1,100,0,21.45123324,59.84034387,18.70842288
06-08-2024,SBI,45.513,6.872,237034.1,100,0,21.45123324,59.84034387,18.70842288
07-08-2024,SBI,45.526,6.862,237034.1,100,0,21.45123324,59.84034387,18.70842288
08-08-2024,SBI,45.5248,6.877,237034.1,100,0,21.45123324,59.84034387,18.70842288
09-08-2024,SBI,45.5812,6.88,237034.1,100,0,21.45123324,59.84034387,18.70842288
12-08-2024,SBI,45.6066,6.879,237034.1,100,0,21.45123324,59.84034387,18.70842288
13-08-2024,SBI,45.6138,6.88,237034.1,100,0,21.45123324,59.84034387,18.70842288
14-08-2024,SBI,45.631,6.858,237034.1,100,0,21.45123324,59.84034387,18.70842288
16-08-2024,SBI,45.6386,6.867,237034.1,100,0,21.45123324,59.84034387,18.70842288
19-08-2024,SBI,45.6688,6.864,237034.1,100,0,21.45123324,59.84034387,18.70842288
20-08-2024,SBI,45.6828,6.856,237034.1,100,0,21.45123324,59.84034387,18.70842288
21-08-2024,SBI,45.6894,6.853,237034.1,100,0,21.45123324,59.84034387,18.70842288
22-08-2024,SBI,45.7013,6.852,237034.1,100,0,21.45123324,59.84034387,18.70842288
23-08-2024,SBI,45.7064,6.859,237034.1,100,0,21.45123324,59.84034387,18.70842288
26-08-2024,SBI,45.7337,6.851,237034.1,100,0,21.45123324,59.84034387,18.70842288
27-08-2024,SBI,45.7413,6.861,237034.1,100,0,21.45123324,59.84034387,18.70842288
28-08-2024,SBI,45.7498,6.861,237034.1,100,0,21.45123324,59.84034387,18.70842288
29-08-2024,SBI,45.7534,6.864,237034.1,100,0,21.45123324,59.84034387,18.70842288
30-08-2024,SBI,45.7575,6.863,237034.1,100,0,21.45123324,59.84034387,18.70842288
31-08-2024,SBI,45.7662,6.863,237034.1,100,0,21.45123324,59.84034387,18.70842288
02-09-2024,SBI,45.7765,6.876,234479.68,100,0,14.35653791,71.62776286,14.01569924
03-09-2024,SBI,45.7855,6.87,234479.68,100,0,14.35653791,71.62776286,14.01569924
04-09-2024,SBI,45.8019,6.859,234479.68,100,0,14.35653791,71.62776286,14.01569924
05-09-2024,SBI,45.8094,6.855,234479.68,100,0,14.35653791,71.62776286,14.01569924
06-09-2024,SBI,45.8213,6.854,234479.68,100,0,14.35653791,71.62776286,14.01569924
09-09-2024,SBI,45.8457,6.854,234479.68,100,0,14.35653791,71.62776286,14.01569924
10-09-2024,SBI,45.8512,6.851,234479.68,100,0,14.35653791,71.62776286,14.01569924
11-09-2024,SBI,45.8726,6.83,234479.68,100,0,14.35653791,71.62776286,14.01569924
12-09-2024,SBI,45.8901,6.811,234479.68,100,0,14.35653791,71.62776286,14.01569924
13-09-2024,SBI,45.9205,6.792,234479.68,100,0,14.35653791,71.62776286,14.01569924
16-09-2024,SBI,45.9644,6.762,234479.68,100,0,14.35653791,71.62776286,14.01569924
17-09-2024,SBI,45.965,6.779,234479.68,100,0,14.35653791,71.62776286,14.01569924
19-09-2024,SBI,45.942,6.758,234479.68,100,0,14.35653791,71.62776286,14.01569924
20-09-2024,SBI,45.9674,6.761,234479.68,100,0,14.35653791,71.62776286,14.01569924
23-09-2024,SBI,45.9807,6.767,234479.68,100,0,14.35653791,71.62776286,14.01569924
24-09-2024,SBI,45.981,6.761,234479.68,100,0,14.35653791,71.62776286,14.01569924
25-09-2024,SBI,45.9991,6.738,234479.68,100,0,14.35653791,71.62776286,14.01569924
26-09-2024,SBI,46.0235,6.718,234479.68,100,0,14.35653791,71.62776286,14.01569924
27-09-2024,SBI,46.0098,6.759,234479.68,100,0,14.35653791,71.62776286,14.01569924
30-09-2024,SBI,46.0663,6.75,234479.68,100,0,14.35653791,71.62776286,14.01569924
01-10-2024,SBI,46.0927,6.732,231136.4,100,0,14.33104719,65.01177193,20.65718088
03-10-2024,SBI,46.0862,6.777,231136.4,100,0,14.33104719,65.01177193,20.65718088
04-10-2024,SBI,46.063,6.829,231136.4,100,0,14.33104719,65.01177193,20.65718088
07-10-2024,SBI,46.0714,6.846,231136.4,100,0,14.33104719,65.01177193,20.65718088
08-10-2024,SBI,46.1003,6.806,231136.4,100,0,14.33104719,65.01177193,20.65718088
09-10-2024,SBI,46.1475,6.766,231136.4,100,0,14.33104719,65.01177193,20.65718088
10-10-2024,SBI,46.1581,6.776,231136.4,100,0,14.33104719,65.01177193,20.65718088
11-10-2024,SBI,46.1736,6.788,231136.4,100,0,14.33104719,65.01177193,20.65718088
14-10-2024,SBI,46.209,6.782,231136.4,100,0,14.33104719,65.01177193,20.65718088
15-10-2024,SBI,46.2283,6.769,231136.4,100,0,14.33104719,65.01177193,20.65718088
16-10-2024,SBI,46.2317,6.773,231136.4,100,0,14.33104719,65.01177193,20.65718088
17-10-2024,SBI,46.2281,6.784,231136.4,100,0,14.33104719,65.01177193,20.65718088
18-10-2024,SBI,46.2216,6.809,231136.4,100,0,14.33104719,65.01177193,20.65718088
21-10-2024,SBI,46.2307,6.837,231136.4,100,0,14.33104719,65.01177193,20.65718088
22-10-2024,SBI,46.2323,6.832,231136.4,100,0,14.33104719,65.01177193,20.65718088
23-10-2024,SBI,46.2589,6.818,231136.4,100,0,14.33104719,65.01177193,20.65718088
24-10-2024,SBI,46.2761,6.822,231136.4,100,0,14.33104719,65.01177193,20.65718088
25-10-2024,SBI,46.2785,6.845,231136.4,100,0,14.33104719,65.01177193,20.65718088
28-10-2024,SBI,46.2936,6.861,231136.4,100,0,14.33104719,65.01177193,20.65718088
29-10-2024,SBI,46.3291,6.847,231136.4,100,0,14.33104719,65.01177193,20.65718088
30-10-2024,SBI,46.3432,6.827,231136.4,100,0,14.33104719,65.01177193,20.65718088
31-10-2024,SBI,46.3719,6.841,231136.4,100,0,14.33104719,65.01177193,20.65718088
04-11-2024,SBI,46.3862,6.797,228916.18,100,0,14.52324746,66.73509186,18.74166068
05-11-2024,SBI,46.3898,6.799,228916.18,100,0,14.52324746,66.73509186,18.74166068
06-11-2024,SBI,46.3963,6.798,228916.18,100,0,14.52324746,66.73509186,18.74166068
07-11-2024,SBI,46.4109,6.796,228916.18,100,0,14.52324746,66.73509186,18.74166068
08-11-2024,SBI,46.4724,6.774,228916.18,100,0,14.52324746,66.73509186,18.74166068
11-11-2024,SBI,46.494,6.785,228916.18,100,0,14.52324746,66.73509186,18.74166068
12-11-2024,SBI,46.4994,6.795,228916.18,100,0,14.52324746,66.73509186,18.74166068
13-11-2024,SBI,46.4995,6.804,228916.18,100,0,14.52324746,66.73509186,18.74166068
14-11-2024,SBI,46.4915,6.827,228916.18,100,0,14.52324746,66.73509186,18.74166068
18-11-2024,SBI,46.5329,6.821,228916.18,100,0,14.52324746,66.73509186,18.74166068
19-11-2024,SBI,46.5458,6.811,228916.18,100,0,14.52324746,66.73509186,18.74166068
21-11-2024,SBI,46.559,6.831,228916.18,100,0,14.52324746,66.73509186,18.74166068
22-11-2024,SBI,46.5744,6.85,228916.18,100,0,14.52324746,66.73509186,18.74166068
25-11-2024,SBI,46.6128,6.822,228916.18,100,0,14.52324746,66.73509186,18.74166068
26-11-2024,SBI,46.6175,6.827,228916.18,100,0,14.52324746,66.73509186,18.74166068
27-11-2024,SBI,46.6269,6.812,228916.18,100,0,14.52324746,66.73509186,18.74166068
28-11-2024,SBI,46.635,6.805,228916.18,100,0,14.52324746,66.73509186,18.74166068
29-11-2024,SBI,46.6814,6.751,228916.18,100,0,14.52324746,66.73509186,18.74166068
30-11-2024,SBI,46.69,6.751,228916.18,100,0,14.52324746,66.73509186,18.74166068
02-12-2024,SBI,46.7413,6.71,227819.65,100,0,15.26678318,62.13632158,22.59689524
03-12-2024,SBI,46.7496,6.714,227819.65,100,0,15.26678318,62.13632158,22.59689524
04-12-2024,SBI,46.7845,6.686,227819.65,100,0,15.26678318,62.13632158,22.59689524
05-12-2024,SBI,46.7959,6.68,227819.65,100,0,15.26678318,62.13632158,22.59689524
06-12-2024,SBI,46.7703,6.74,227819.65,100,0,15.26678318,62.13632158,22.59689524
09-12-2024,SBI,46.8042,6.717,227819.65,100,0,15.26678318,62.13632158,22.59689524
10-12-2024,SBI,46.8193,6.705,227819.65,100,0,15.26678318,62.13632158,22.59689524
11-12-2024,SBI,46.8206,6.718,227819.65,100,0,15.26678318,62.13632158,22.59689524
12-12-2024,SBI,46.8179,6.736,227819.65,100,0,15.26678318,62.13632158,22.59689524
13-12-2024,SBI,46.8292,6.729,227819.65,100,0,15.26678318,62.13632158,22.59689524
16-12-2024,SBI,46.8587,6.741,227819.65,100,0,15.26678318,62.13632158,22.59689524
17-12-2024,SBI,46.8592,6.759,227819.65,100,0,15.26678318,62.13632158,22.59689524
18-12-2024,SBI,46.8698,6.751,227819.65,100,0,15.26678318,62.13632158,22.59689524
19-12-2024,SBI,46.8413,6.787,227819.65,100,0,15.26678318,62.13632158,22.59689524
20-12-2024,SBI,46.8716,6.791,227819.65,100,0,15.26678318,62.13632158,22.59689524
23-12-2024,SBI,46.9007,6.776,227819.65,100,0,15.26678318,62.13632158,22.59689524
24-12-2024,SBI,46.9038,6.776,227819.65,100,0,15.26678318,62.13632158,22.59689524
26-12-2024,SBI,46.899,6.784,227819.65,100,0,15.26678318,62.13632158,22.59689524
27-12-2024,SBI,46.9244,6.787,227819.65,100,0,15.26678318,62.13632158,22.59689524
30-12-2024,SBI,46.9582,6.775,227819.65,100,0,15.26678318,62.13632158,22.59689524
31-12-2024,SBI,46.9876,6.759,227819.65,100,0,15.26678318,62.13632158,22.59689524
01-01-2025,SBI,46.9889,6.779,226645.65,100,0,15.44186047,61.6744186,22.88372093
02-01-2025,SBI,46.9988,6.787,226645.65,100,0,15.44186047,61.6744186,22.88372093
03-01-2025,SBI,47.0092,6.779,226645.65,100,0,15.44186047,61.6744186,22.88372093
06-01-2025,SBI,47.0404,6.763,226645.65,100,0,15.44186047,61.6744186,22.88372093
07-01-2025,SBI,47.063,6.746,226645.65,100,0,15.44186047,61.6744186,22.88372093
08-01-2025,SBI,47.058,6.767,226645.65,100,0,15.44186047,61.6744186,22.88372093
09-01-2025,SBI,47.0565,6.764,226645.65,100,0,15.44186047,61.6744186,22.88372093
10-01-2025,SBI,47.0663,6.769,226645.65,100,0,15.44186047,61.6744186,22.88372093
13-01-2025,SBI,47.0387,6.843,226645.65,100,0,15.44186047,61.6744186,22.88372093
14-01-2025,SBI,47.0503,6.829,226645.65,100,0,15.44186047,61.6744186,22.88372093
15-01-2025,SBI,47.0657,6.813,226645.65,100,0,15.44186047,61.6744186,22.88372093
16-01-2025,SBI,47.1082,6.754,226645.65,100,0,15.44186047,61.6744186,22.88372093
17-01-2025,SBI,47.1258,6.774,226645.65,100,0,15.44186047,61.6744186,22.88372093
20-01-2025,SBI,47.1571,6.763,226645.65,100,0,15.44186047,61.6744186,22.88372093
21-01-2025,SBI,47.1865,6.734,226645.65,100,0,15.44186047,61.6744186,22.88372093
22-01-2025,SBI,47.2061,6.719,226645.65,100,0,15.44186047,61.6744186,22.88372093
23-01-2025,SBI,47.2101,6.736,226645.65,100,0,15.44186047,61.6744186,22.88372093
24-01-2025,SBI,47.2308,6.72,226645.65,100,0,15.44186047,61.6744186,22.88372093
27-01-2025,SBI,47.2884,6.675,226645.65,100,0,15.44186047,61.6744186,22.88372093
28-01-2025,SBI,47.2895,6.681,226645.65,100,0,15.44186047,61.6744186,22.88372093
29-01-2025,SBI,47.2916,6.683,226645.65,100,0,15.44186047,61.6744186,22.88372093
30-01-2025,SBI,47.3049,6.678,226645.65,100,0,15.44186047,61.6744186,22.88372093
31-01-2025,SBI,47.3082,6.694,226645.65,100,0,15.44186047,61.6744186,22.88372093
03-02-2025,SBI,47.3515,6.67,225928.92,100,0,15.3869969,60.12383901,24.48916409
04-02-2025,SBI,47.3954,6.672,225928.92,100,0,15.3869969,60.12383901,24.48916409
05-02-2025,SBI,47.4213,6.664,225928.92,100,0,15.3869969,60.12383901,24.48916409
06-02-2025,SBI,47.4382,6.657,225928.92,100,0,15.3869969,60.12383901,24.48916409
07-02-2025,SBI,47.411,6.699,225928.92,100,0,15.3869969,60.12383901,24.48916409
10-02-2025,SBI,47.4182,6.713,225928.92,100,0,15.3869969,60.12383901,24.48916409
11-02-2025,SBI,47.432,6.697,225928.92,100,0,15.3869969,60.12383901,24.48916409
12-02-2025,SBI,47.4395,6.697,225928.92,100,0,15.3869969,60.12383901,24.48916409
13-02-2025,SBI,47.4622,6.712,225928.92,100,0,15.3869969,60.12383901,24.48916409
14-02-2025,SBI,47.4729,6.705,225928.92,100,0,15.3869969,60.12383901,24.48916409
17-02-2025,SBI,47.5025,6.692,225928.92,100,0,15.3869969,60.12383901,24.48916409
18-02-2025,SBI,47.5101,6.682,225928.92,100,0,15.3869969,60.12383901,24.48916409
20-02-2025,SBI,47.5217,6.703,225928.92,100,0,15.3869969,60.12383901,24.48916409
21-02-2025,SBI,47.5378,6.708,225928.92,100,0,15.3869969,60.12383901,24.48916409
24-02-2025,SBI,47.5677,6.7,225928.92,100,0,15.3869969,60.12383901,24.48916409
25-02-2025,SBI,47.5358,6.706,225928.92,100,0,15.3869969,60.12383901,24.48916409
27-02-2025,SBI,47.5396,6.71,225928.92,100,0,15.3869969,60.12383901,24.48916409
28-02-2025,SBI,47.5316,6.72,225928.92,100,0,15.3869969,60.12383901,24.48916409
03-03-2025,SBI,47.5559,6.73,225482.95,100,0,15.39412674,63.28696548,21.31890778
04-03-2025,SBI,47.5588,6.74,225482.95,100,0,15.39412674,63.28696548,21.31890778
05-03-2025,SBI,47.5684,6.71,225482.95,100,0,15.39412674,63.28696548,21.31890778
06-03-2025,SBI,47.6016,6.68,225482.95,100,0,15.39412674,63.28696548,21.31890778
07-03-2025,SBI,47.6069,6.68,225482.95,100,0,15.39412674,63.28696548,21.31890778
10-03-2025,SBI,47.6279,6.7,225482.95,100,0,15.39412674,63.28696548,21.31890778
11-03-2025,SBI,47.6428,6.69,225482.95,100,0,15.39412674,63.28696548,21.31890778
12-03-2025,SBI,47.674,6.68,225482.95,100,0,15.39412674,63.28696548,21.31890778
13-03-2025,SBI,47.6844,6.69,225482.95,100,0,15.39412674,63.28696548,21.31890778
17-03-2025,SBI,47.7563,6.69,225482.95,100,0,15.39412674,63.28696548,21.31890778
18-03-2025,SBI,47.779,6.67,225482.95,100,0,15.39412674,63.28696548,21.31890778
19-03-2025,SBI,47.8178,6.66,225482.95,100,0,15.39412674,63.28696548,21.31890778
20-03-2025,SBI,47.8407,6.64,225482.95,100,0,15.39412674,63.28696548,21.31890778
21-03-2025,SBI,47.8666,6.62,225482.95,100,0,15.39412674,63.28696548,21.31890778
24-03-2025,SBI,47.9056,6.62,225482.95,100,0,15.39412674,63.28696548,21.31890778
25-03-2025,SBI,47.9076,6.63,225482.95,100,0,15.39412674,63.28696548,21.31890778
26-03-2025,SBI,47.9903,6.6,225482.95,100,0,15.39412674,63.28696548,21.31890778
27-03-2025,SBI,48.0291,6.59,225482.95,100,0,15.39412674,63.28696548,21.31890778
28-03-2025,SBI,48.0875,6.58,225482.95,100,0,15.39412674,63.28696548,21.31890778
31-03-2025,SBI,48.114,6.58,225482.95,100,0,15.39412674,63.28696548,21.31890778
02-04-2025,SBI,48.2605,6.48,224789.33,100,0,15.6685808,62.59228876,21.73913043
03-04-2025,SBI,48.2813,6.5,224789.33,100,0,15.6685808,62.59228876,21.73913043
04-04-2025,SBI,48.3095,6.46,224789.33,100,0,15.6685808,62.59228876,21.73913043
07-04-2025,SBI,48.3264,6.48,224789.33,100,0,15.6685808,62.59228876,21.73913043
08-04-2025,SBI,48.3363,6.47,224789.33,100,0,15.6685808,62.59228876,21.73913043
09-04-2025,SBI,48.3716,6.44,224789.33,100,0,15.6685808,62.59228876,21.73913043
11-04-2025,SBI,48.4068,6.44,224789.33,100,0,15.6685808,62.59228876,21.73913043
15-04-2025,SBI,48.4581,6.41,224789.33,100,0,15.6685808,62.59228876,21.73913043
16-04-2025,SBI,48.4874,6.39,224789.33,100,0,15.6685808,62.59228876,21.73913043
17-04-2025,SBI,48.5192,6.37,224789.33,100,0,15.6685808,62.59228876,21.73913043
21-04-2025,SBI,48.6002,6.32,224789.33,100,0,15.6685808,62.59228876,21.73913043
22-04-2025,SBI,48.624,6.32,224789.33,100,0,15.6685808,62.59228876,21.73913043
23-04-2025,SBI,48.64,6.33,224789.33,100,0,15.6685808,62.59228876,21.73913043
24-04-2025,SBI,48.6498,6.32,224789.33,100,0,15.6685808,62.59228876,21.73913043
25-04-2025,SBI,48.6332,6.36,224789.33,100,0,15.6685808,62.59228876,21.73913043
28-04-2025,SBI,48.6534,6.342,224789.33,100,0,15.6685808,62.59228876,21.73913043
29-04-2025,SBI,48.6921,6.358,224789.33,100,0,15.6685808,62.59228876,21.73913043
30-04-2025,SBI,48.6943,6.358,224789.33,100,0,15.6685808,62.59228876,21.73913043
02-05-2025,SBI,48.7133,6.358,224477.98,100,0,15.72101598,59.13560016,25.14338386
05-05-2025,SBI,48.7657,6.35,224477.98,100,0,15.72101598,59.13560016,25.14338386
06-05-2025,SBI,48.6928,6.337,224477.98,100,0,15.72101598,59.13560016,25.14338386
07-05-2025,SBI,48.7055,6.395,224477.98,100,0,15.72101598,59.13560016,25.14338386
08-05-2025,SBI,48.6457,6.377,224477.98,100,0,15.72101598,59.13560016,25.14338386
09-05-2025,SBI,48.6367,6.377,224477.98,100,0,15.72101598,59.13560016,25.14338386
13-05-2025,SBI,48.7469,6.242,224477.98,100,0,15.72101598,59.13560016,25.14338386
14-05-2025,SBI,48.803,6.231,224477.98,100,0,15.72101598,59.13560016,25.14338386
15-05-2025,SBI,48.8494,6.22,224477.98,100,0,15.72101598,59.13560016,25.14338386
16-05-2025,SBI,48.898,6.22,224477.98,100,0,15.72101598,59.13560016,25.14338386
19-05-2025,SBI,48.9274,6.23,224477.98,100,0,15.72101598,59.13560016,25.14338386
20-05-2025,SBI,48.9548,6.22,224477.98,100,0,15.72101598,59.13560016,25.14338386
21-05-2025,SBI,49.0031,6.19,224477.98,100,0,15.72101598,59.13560016,25.14338386
22-05-2025,SBI,48.9895,6.21,224477.98,100,0,15.72101598,59.13560016,25.14338386
23-05-2025,SBI,49.0134,6.21,224477.98,100,0,15.72101598,59.13560016,25.14338386
26-05-2025,SBI,49.0435,6.2,224477.98,100,0,15.72101598,59.13560016,25.14338386
27-05-2025,SBI,49.0523,6.2,224477.98,100,0,15.72101598,59.13560016,25.14338386
28-05-2025,SBI,49.0736,6.16,224477.98,100,0,15.72101598,59.13560016,25.14338386
29-05-2025,SBI,49.0783,6.18,224477.98,100,0,15.72101598,59.13560016,25.14338386
30-05-2025,SBI,49.0622,6.2,224477.98,100,0,15.72101598,59.13560016,25.14338386
31-05-2025,SBI,49.0709,6.2,224477.98,100,0,15.72101598,59.13560016,25.14338386
02-06-2025,SBI,49.1286,6.22,223576.02,100,0,15.45287638,58.27213382,26.2749898
03-06-2025,SBI,49.143,6.2,223576.02,100,0,15.45287638,58.27213382,26.2749898
04-06-2025,SBI,49.1561,6.21,223576.02,100,0,15.45287638,58.27213382,26.2749898
05-06-2025,SBI,49.2462,6.18,223576.02,100,0,15.45287638,58.27213382,26.2749898
06-06-2025,SBI,49.3078,6.23,223576.02,100,0,15.45287638,58.27213382,26.2749898
09-06-2025,SBI,49.268,6.27,223576.02,100,0,15.45287638,58.27213382,26.2749898
10-06-2025,SBI,49.2306,6.28,223576.02,100,0,15.45287638,58.27213382,26.2749898
11-06-2025,SBI,49.2028,6.29,223576.02,100,0,15.45287638,58.27213382,26.2749898
12-06-2025,SBI,49.1913,6.28,223576.02,100,0,15.45287638,58.27213382,26.2749898
13-06-2025,SBI,49.1832,6.29,223576.02,100,0,15.45287638,58.27213382,26.2749898
16-06-2025,SBI,49.237,6.26,223576.02,100,0,15.45287638,58.27213382,26.2749898
17-06-2025,SBI,49.2589,6.25,223576.02,100,0,15.45287638,58.27213382,26.2749898
18-06-2025,SBI,49.2708,6.25,223576.02,100,0,15.45287638,58.27213382,26.2749898
19-06-2025,SBI,49.2517,6.3,223576.02,100,0,15.45287638,58.27213382,26.2749898
20-06-2025,SBI,49.2407,6.31,223576.02,100,0,15.45287638,58.27213382,26.2749898
23-06-2025,SBI,49.2768,6.3,223576.02,100,0,15.45287638,58.27213382,26.2749898
24-06-2025,SBI,49.3275,6.24,223576.02,100,0,15.45287638,58.27213382,26.2749898
25-06-2025,SBI,49.3028,6.28,223576.02,100,0,15.45287638,58.27213382,26.2749898
26-06-2025,SBI,49.3197,6.27,223576.02,100,0,15.45287638,58.27213382,26.2749898
27-06-2025,SBI,49.3094,6.31,223576.02,100,0,15.45287638,58.27213382,26.2749898
30-06-2025,SBI,49.3471,6.31,223576.02,100,0,15.45287638,58.27213382,26.2749898
01-07-2025,SBI,49.3876,6.29,222125,100,0,15.77,59.57,24.66
02-07-2025,SBI,49.4334,6.28,222125,100,0,15.77,59.57,24.66
03-07-2025,SBI,49.465,6.28,222125,100,0,15.77,59.57,24.66
04-07-2025,SBI,49.4588,6.29,222125,100,0,15.77,59.57,24.66
07-07-2025,SBI,49.5436,6.294,222125,100,0,15.77,59.57,24.66
08-07-2025,SBI,49.5436,6.306,222125,100,0,15.77,59.57,24.66
09-07-2025,SBI,49.5423,6.314,222125,100,0,15.77,59.57,24.66
10-07-2025,SBI,49.5484,6.318,222125,100,0,15.77,59.57,24.66
11-07-2025,SBI,49.5609,6.304,222125,100,0,15.77,59.57,24.66
14-07-2025,SBI,49.5863,6.311,222125,100,0,15.77,59.57,24.66
15-07-2025,SBI,49.5912,6.313,222125,100,0,15.77,59.57,24.66
16-07-2025,SBI,49.6154,6.313,222125,100,0,15.77,59.57,24.66
17-07-2025,SBI,49.6316,6.302,222125,100,0,15.77,59.57,24.66
18-07-2025,SBI,49.6458,6.305,222125,100,0,15.77,59.57,24.66
21-07-2025,SBI,49.6835,6.299,222125,100,0,15.77,59.57,24.66
22-07-2025,SBI,49.6998,6.308,222125,100,0,15.77,59.57,24.66
23-07-2025,SBI,49.699,6.312,222125,100,0,15.77,59.57,24.66
24-07-2025,SBI,49.7074,6.329,222125,100,0,15.77,59.57,24.66
25-07-2025,SBI,49.673,6.353,222125,100,0,15.77,59.57,24.66
28-07-2025,SBI,49.691,6.373,222125,100,0,15.77,59.57,24.66
29-07-2025,SBI,49.688,6.369,222125,100,0,15.77,59.57,24.66
30-07-2025,SBI,49.6729,6.365,222125,100,0,15.77,59.57,24.66
31-07-2025,SBI,49.7023,6.376,222125,100,0,15.77,59.57,24.66
01-08-2025,SBI,49.7137,6.371,221358.52,100,0,15.66,62.17,22.17
04-08-2025,SBI,49.8019,6.313,221358.52,100,0,15.66,62.17,22.17
05-08-2025,SBI,49.805,6.324,221358.52,100,0,15.66,62.17,22.17
06-08-2025,SBI,49.7616,6.407,221358.52,100,0,15.66,62.17,22.17
07-08-2025,SBI,49.7744,6.39,221358.52,100,0,15.66,62.17,22.17
08-08-2025,SBI,49.7723,6.399,221358.52,100,0,15.66,62.17,22.17
11-08-2025,SBI,49.7654,6.428,221358.52,100,0,15.66,62.17,22.17
12-08-2025,SBI,49.6904,6.483,221358.52,100,0,15.66,62.17,22.17
13-08-2025,SBI,49.688,6.481,221358.52,100,0,15.66,62.17,22.17
14-08-2025,SBI,49.7477,6.404,221358.52,100,0,15.66,62.17,22.17
18-08-2025,SBI,49.7486,6.484,221358.52,100,0,15.66,62.17,22.17
19-08-2025,SBI,49.7489,6.512,221358.52,100,0,15.66,62.17,22.17
20-08-2025,SBI,49.7845,6.497,221358.52,100,0,15.66,62.17,22.17
21-08-2025,SBI,49.7742,6.525,221358.52,100,0,15.66,62.17,22.17
22-08-2025,SBI,49.7929,6.549,221358.52,100,0,15.66,62.17,22.17
25-08-2025,SBI,49.7852,6.592,221358.52,100,0,15.66,62.17,22.17
26-08-2025,SBI,49.7648,6.617,221358.52,100,0,15.66,62.17,22.17
28-08-2025,SBI,49.8412,6.538,221358.52,100,0,15.66,62.17,22.17
29-08-2025,SBI,49.8023,6.588,221358.52,100,0,15.66,62.17,22.17
31-08-2025,SBI,49.8197,6.588,221358.52,100,0,15.66,62.17,22.17
01-09-2025,SBI,49.797,6.585,221007.01,100,0,17.83,60.83,21.34
02-09-2025,SBI,49.8065,6.569,221007.01,100,0,17.83,60.83,21.34
03-09-2025,SBI,49.8576,6.541,221007.01,100,0,17.83,60.83,21.34
04-09-2025,SBI,49.9075,6.494,221007.01,100,0,17.83,60.83,21.34
05-09-2025,SBI,49.9084,6.461,221007.01,100,0,17.83,60.83,21.34
09-09-2025,SBI,49.9446,6.486,221007.01,100,0,17.83,60.83,21.34
10-09-2025,SBI,49.9442,6.483,221007.01,100,0,17.83,60.83,21.34
11-09-2025,SBI,49.993,6.472,221007.01,100,0,17.83,60.83,21.34
12-09-2025,SBI,49.9983,6.483,221007.01,100,0,17.83,60.83,21.34
15-09-2025,SBI,50.0134,6.492,221007.01,100,0,17.83,60.83,21.34
16-09-2025,SBI,50.048,6.49,221007.01,100,0,17.83,60.83,21.34
17-09-2025,SBI,50.0918,6.466,221007.01,100,0,17.83,60.83,21.34
18-09-2025,SBI,50.0829,6.509,221007.01,100,0,17.83,60.83,21.34
19-09-2025,SBI,50.1015,6.489,221007.01,100,0,17.83,60.83,21.34
22-09-2025,SBI,50.1409,6.481,221007.01,100,0,17.83,60.83,21.34
23-09-2025,SBI,50.162,6.467,221007.01,100,0,17.83,60.83,21.34
24-09-2025,SBI,50.1564,6.483,221007.01,100,0,17.83,60.83,21.34
25-09-2025,SBI,50.1693,6.492,221007.01,100,0,17.83,60.83,21.34
26-09-2025,SBI,50.1713,6.517,221007.01,100,0,17.83,60.83,21.34
29-09-2025,SBI,50.1862,6.563,221007.01,100,0,17.83,60.83,21.34
30-09-2025,SBI,50.186,6.571,221007.01,100,0,17.83,60.83,21.34
01-10-2025,SBI,50.2473,6.523,219000.45,100,0,19.26303176,58.34831236,22.38865588
03-10-2025,SBI,50.271,6.514,219000.45,100,0,19.26303176,58.34831236,22.38865588
06-10-2025,SBI,50.3337,6.519,219000.45,100,0,19.26303176,58.34831236,22.38865588
07-10-2025,SBI,50.3576,6.51,219000.45,100,0,19.26303176,58.34831236,22.38865588
08-10-2025,SBI,50.3789,6.504,219000.45,100,0,19.26303176,58.34831236,22.38865588
09-10-2025,SBI,50.3713,6.521,219000.45,100,0,19.26303176,58.34831236,22.38865588
10-10-2025,SBI,50.3868,6.531,219000.45,100,0,19.26303176,58.34831236,22.38865588
13-10-2025,SBI,50.4222,6.518,219000.45,100,0,19.26303176,58.34831236,22.38865588
14-10-2025,SBI,50.4388,6.507,219000.45,100,0,19.26303176,58.34831236,22.38865588
15-10-2025,SBI,50.4606,6.484,219000.45,100,0,19.26303176,58.34831236,22.38865588
16-10-2025,SBI,50.4562,6.503,219000.45,100,0,19.26303176,58.34831236,22.38865588
17-10-2025,SBI,50.4584,6.506,219000.45,100,0,19.26303176,58.34831236,22.38865588
20-10-2025,SBI,50.487,6.508,219000.45,100,0,19.26303176,58.34831236,22.38865588
23-10-2025,SBI,50.4772,6.539,219000.45,100,0,19.26303176,58.34831236,22.38865588
24-10-2025,SBI,50.477,6.533,219000.45,100,0,19.26303176,58.34831236,22.38865588
27-10-2025,SBI,50.4989,6.542,219000.45,100,0,19.26303176,58.34831236,22.38865588
28-10-2025,SBI,50.5114,6.533,219000.45,100,0,19.26303176,58.34831236,22.38865588
29-10-2025,SBI,50.5189,6.537,219000.45,100,0,19.26303176,58.34831236,22.38865588
30-10-2025,SBI,50.5004,6.573,219000.45,100,0,19.26303176,58.34831236,22.38865588
31-10-2025,SBI,50.5215,6.529,219000.45,100,0,19.26303176,58.34831236,22.38865588
03-11-2025,SBI,50.5474,6.528,219000.45,100,0,19.26303176,58.34831236,22.38865588
04-11-2025,SBI,50.6073,6.53,219000.45,100,0,19.26303176,58.34831236,22.38865588
06-11-2025,SBI,50.6448,6.514,219000.45,100,0,19.26303176,58.34831236,22.38865588
07-11-2025,SBI,50.6463,6.521,219000.45,100,0,19.26303176,58.34831236,22.38865588
10-11-2025,SBI,50.6766,6.49,219000.45,100,0,19.26303176,58.34831236,22.38865588
11-11-2025,SBI,50.7096,6.499,219000.45,100,0,19.26303176,58.34831236,22.38865588
12-11-2025,SBI,50.7082,6.483,219000.45,100,0,19.26303176,58.34831236,22.38865588
13-11-2025,SBI,50.7005,6.511,219000.45,100,0,19.26303176,58.34831236,22.38865588
14-11-2025,SBI,50.687,6.527,219000.45,100,0,19.26303176,58.34831236,22.38865588
17-11-2025,SBI,50.7088,6.536,219000.45,100,0,19.26303176,58.34831236,22.38865588
18-11-2025,SBI,50.8001,6.523,219000.45,100,0,19.26303176,58.34831236,22.38865588
19-11-2025,SBI,50.8119,6.532,219000.45,100,0,19.26303176,58.34831236,22.38865588
20-11-2025,SBI,50.7675,6.536,219000.45,100,0,19.26303176,58.34831236,22.38865588
21-11-2025,SBI,50.759,6.56,219000.45,100,0,19.26303176,58.34831236,22.38865588
24-11-2025,SBI,50.8061,6.525,219000.45,100,0,19.26303176,58.34831236,22.38865588
25-11-2025,SBI,50.8334,6.491,219000.45,100,0,19.26303176,58.34831236,22.38865588